id,npi,specialty,region,created_at
000a80b9-376a-459e-b13d-792f4bfe5c84,8039997731,",General Surgery,",Midwest,2025-03-31 06:47:40.388019+00
000ff1da-0d6e-4847-b36a-8e84054cbd32,7648591997,",General Surgery,",Midwest,2025-03-31 06:47:40.386325+00
00119dab-b30b-4858-bcbc-7f34df50eae8,8215825195,",General Surgery,",Midwest,2025-03-31 06:47:40.387774+00
001b2711-810c-40ef-9918-9117637d168b,4092010765,",Psychiatry,",South,2025-03-31 06:47:40.384002+00
001efeb9-b5fa-4af4-b77f-d2df764b8d75,6827833009,",Cardiology,",South,2025-03-31 06:47:40.388313+00
0030e6bb-3648-4195-b4c9-2c24fe5a9ce1,8501277126,",General Surgery,",Northwest,2025-03-31 06:47:40.386807+00
0031d6e1-fdb4-4026-ac3a-4729f5b8d8e8,8571793205,",Cardiology,",South,2025-03-31 06:47:40.388905+00
003477c8-23bc-4a7a-a135-b61d22122f4a,6525872090,",Neurology,",Northwest,2025-03-31 06:47:40.398322+00
003d77c5-6f78-41cb-8af9-4161c0e0fce8,2713884502,",Nephrology,",West,2025-03-31 06:47:40.402473+00
004092f9-1d6b-4f70-a9fe-634b90e0a438,1673832361,",Radiology,",Northeast,2025-03-31 06:47:40.395829+00
0041652e-404b-4c5a-9c26-6d184cb50adf,9845676228,",Obstetrics & Gynecology,",South,2025-03-31 06:47:40.383798+00
004ab89b-d445-457a-b361-4ab9d5314244,9981190603,",Internal Medicine,",Northeast,2025-03-31 06:47:40.380776+00
0058fad6-fca3-46b6-904d-bbfbc018e2f0,7477490182,",Internal Medicine,",West,2025-03-31 06:47:40.376915+00
005ca3a3-3452-4fec-a61c-77ada86ece0c,3369567188,",Dermatology,",West,2025-03-31 06:47:40.393226+00
0065afa3-a013-484a-8587-eff927795038,2288844584,",Dermatology,",Midwest,2025-03-31 06:47:40.39339+00
0072790b-06c2-43b0-9713-6276e621984c,4375183488,",Anesthesiology,",Midwest,2025-03-31 06:47:40.396717+00
007292a2-0b12-4b14-ab87-3e7da5e5aafc,6531446500,",General Surgery,",West,2025-03-31 06:47:40.387703+00
00794023-fec3-46cb-8b0b-9d8a995a6399,4738080919,",Obstetrics & Gynecology,",West,2025-03-31 06:47:40.382617+00
007c6e38-113a-4455-95c2-8895529e103b,2394798223,",Cardiology,",Midwest,2025-03-31 06:47:40.390533+00
007e8b57-3dca-4f7b-a583-8908e7c3bded,2833915127,",Cardiology,",Midwest,2025-03-31 06:47:40.40405+00
00806b64-819a-43dc-819f-f68d45890b24,4662533573,",Radiology,",Northwest,2025-03-31 06:47:40.395901+00
0081711f-b569-47f9-9d4b-5fbc14abc17d,5609696634,",Cardiology,",Northwest,2025-03-31 06:47:40.388291+00
008383e6-908f-4a54-85bb-fcf42cc731c8,1969676287,",Pulmonology,",South,2025-03-31 06:47:40.40439+00
008406b8-dc97-447e-95bc-3bc9a7e0f0a5,4966074429,",Psychiatry,",South,2025-03-31 06:47:40.385228+00
0091265b-2126-4f69-aef1-298a91cdbf90,5006584229,",Cardiology,",Northeast,2025-03-31 06:47:40.390143+00
0098c925-7cc4-4453-bae0-3a66998e1e75,4757068737,",Pulmonology,",West,2025-03-31 06:47:40.40132+00
00a2594b-7e44-4d83-9e64-4fbee2c90f63,6173310008,",Internal Medicine,",Northwest,2025-03-31 06:47:40.381257+00
00ab58d9-cd7e-4b84-8c1a-659576fbe405,1638178448,",Obstetrics & Gynecology,",Northeast,2025-03-31 06:47:40.38178+00
00bec43e-dd63-47ed-9d77-0b5bda4fcea5,7353134662,",Radiology,",South,2025-03-31 06:47:40.3958+00
00c2e8e0-088b-42d4-b07a-b2676e146439,3781375492,",Internal Medicine,",Midwest,2025-03-31 06:47:40.377519+00
00c741c0-900a-4357-8ce7-42662e4f2f85,2041696689,",Internal Medicine,",Midwest,2025-03-31 06:47:40.380109+00
00ceab85-6ae7-48c6-be97-1a2839a9cc6a,8890353519,",Obstetrics & Gynecology,",South,2025-03-31 06:47:40.383705+00
00ceb5fb-1d78-42a0-be78-0b0d74cc6227,1228502711,",Radiology,",South,2025-03-31 06:47:40.40429+00
00cfd454-da28-49fb-b038-1cca01a0e473,8093957125,",Urology,",South,2025-03-31 06:47:40.40103+00
00d78479-e13a-414a-b0e2-da5b22beb6d1,6371057220,",Obstetrics & Gynecology,",South,2025-03-31 06:47:40.383223+00
00dca868-6760-4690-b5bb-db6f5e7578fd,6383391283,",Neurology,",South,2025-03-31 06:47:40.398477+00
00dd2ea0-3dd4-4dda-bd66-f2e9f5a3a43c,3448957357,",Cardiology,",West,2025-03-31 06:47:40.388794+00
00e7c80f-7539-4be5-9c09-2c6d23c3427b,4403140388,",Cardiology,",Northwest,2025-03-31 06:47:40.388658+00
00ed10ac-10b1-426e-95f5-ffc7371923d1,1804425373,",Orthopedic Surgery,",South,2025-03-31 06:47:40.392526+00
00f1fb65-bb08-4203-8650-50ba563b7675,4848110252,",Radiology,",Midwest,2025-03-31 06:47:40.394932+00
0105901b-eadc-48ba-aebd-cada79896a5c,7618955044,",Anesthesiology,",Northwest,2025-03-31 06:47:40.397145+00
010d0e88-d065-400c-9dba-e3d557b48964,8750885353,",Internal Medicine,",Northwest,2025-03-31 06:47:40.376034+00
0111e7cd-4d02-4de0-8ab7-5de66566a306,8091021507,",Dermatology,",South,2025-03-31 06:47:40.392809+00
011a330c-278c-422e-a8bb-3d82700039b5,8271113960,",Psychiatry,",South,2025-03-31 06:47:40.384354+00
011c0ca3-3250-4fed-85ff-a294b2b3ba93,4272364434,",Anesthesiology,",South,2025-03-31 06:47:40.397385+00
0121643f-be85-4366-825f-a316bb1001e2,6210943992,",Internal Medicine,",Midwest,2025-03-31 06:47:40.380805+00
01282495-7e48-418f-be0c-ba65c6d3625c,7959370834,",Gastroenterology,",Midwest,2025-03-31 06:47:40.40019+00
01389928-0bda-41b1-8451-0cf3f2f3baf7,9801787009,",Internal Medicine,",South,2025-03-31 06:47:40.376947+00
013dcd9a-399a-45e8-880c-3050a05d38df,5296952162,",Radiology,",Midwest,2025-03-31 06:47:40.395611+00
0140a672-72e9-43f1-88a3-01d3724032b8,6306095946,",Obstetrics & Gynecology,",South,2025-03-31 06:47:40.383543+00
01410576-befd-4ee1-aac0-43629150eb56,7131159773,",Orthopedic Surgery,",Midwest,2025-03-31 06:47:40.392095+00
014850fe-b33d-4f9a-adee-96f511b15890,5661231628,",Neurology,",Midwest,2025-03-31 06:47:40.398995+00
01551eb8-4d44-4c41-b9d1-5b0a3fadf6a2,4510852953,",Internal Medicine,",West,2025-03-31 06:47:40.377334+00
0155ead8-86ac-4d93-816e-ee20318fd291,8027775577,",Obstetrics & Gynecology,",Northwest,2025-03-31 06:47:40.382857+00
01620977-904c-46f1-8bb9-c871931fcd69,6457486210,",Cardiology,",Northeast,2025-03-31 06:47:40.388522+00
0162c02c-b6fe-46c6-8fb8-ec587c6398eb,8662913388,",Oncology,",South,2025-03-31 06:47:40.40286+00
0162cc84-e9cc-45e5-b951-0c8df0a28a18,4440112013,",Obstetrics & Gynecology,",Midwest,2025-03-31 06:47:40.382189+00
01648217-fc4e-462f-aeb7-65d5886f217f,1010115401,",Neurology,",South,2025-03-31 06:47:40.397966+00
01670181-8197-4acc-a17d-e9eafd108256,7530098585,",Radiology,",South,2025-03-31 06:47:40.394942+00
016ac3ef-0df4-4017-90cc-858c2436ef89,5419278866,",Orthopedic Surgery,",Midwest,2025-03-31 06:47:40.392166+00
016cd582-b92a-4c5c-887f-2e7783544c9b,2671596829,",Internal Medicine,",West,2025-03-31 06:47:40.380126+00
017292d9-989f-46a1-a7a3-6b011037682f,4033244205,",Anesthesiology,",South,2025-03-31 06:47:40.396472+00
017fdc25-fa0a-4730-8102-8c47a27c243e,1636394043,",Orthopedic Surgery,",South,2025-03-31 06:47:40.391895+00
018543e7-35f2-42ab-9b4e-cb3b39661925,6505786272,",Internal Medicine,",South,2025-03-31 06:47:40.379936+00
01856928-cedb-4b58-b047-38418537a97a,2400450088,",Psychiatry,",South,2025-03-31 06:47:40.385572+00
018b3a8e-ebbe-41bf-8857-6c6eccd50c41,7216206209,",Dermatology,",Northwest,2025-03-31 06:47:40.393127+00
019993a3-06f8-4c1a-b694-7fd36cfa7efd,7188595463,",Anesthesiology,",Northeast,2025-03-31 06:47:40.397147+00
01a0f4cc-0bb8-41c0-87cf-549776e9cb11,9958846594,",Obstetrics & Gynecology,",South,2025-03-31 06:47:40.383775+00
01a25fef-dd25-4e89-b3b2-77df39f82f57,1299072274,",Internal Medicine,",West,2025-03-31 06:47:40.380705+00
01a976c7-8eb7-4de0-a344-fce4edb3e254,4155015351,",Anesthesiology,",Midwest,2025-03-31 06:47:40.397319+00
01ac4d64-00f2-43d4-a91b-6c58fdd71cd5,6899405823,",Pulmonology,",West,2025-03-31 06:47:40.401692+00
01acf35e-9d09-4480-983e-7833160ff940,5949285225,",Radiology,",Midwest,2025-03-31 06:47:40.395777+00
01b3054c-7ca9-4cd6-b479-c6ba00c33d28,7399533235,",Cardiology,",South,2025-03-31 06:47:40.388551+00
01bee839-c667-4f44-aac6-4b75b3929c59,4193579876,",Orthopedic Surgery,",Northeast,2025-03-31 06:47:40.390927+00
01c46afa-6592-44d0-8663-ba9bb7af91de,8996523471,",Cardiology,",Northeast,2025-03-31 06:47:40.390658+00
01c93d17-452e-430f-b401-3e21ed81d300,9216694019,",Internal Medicine,",Northeast,2025-03-31 06:47:40.380365+00
01d3f145-f8c7-4272-a045-43b4f5aa5e87,3971600805,",Nephrology,",South,2025-03-31 06:47:40.402161+00
01d88645-a51a-4dfa-ad03-e72553a09cda,4556381817,",Obstetrics & Gynecology,",South,2025-03-31 06:47:40.383367+00
01e3b136-1bfd-4841-8905-da14f549348a,3127431011,",Dermatology,",West,2025-03-31 06:47:40.393556+00
01e3c696-f68e-4227-8d56-fd89efd091da,9467904766,",Dermatology,",Northeast,2025-03-31 06:47:40.392653+00
01e6ca50-dbf3-41b5-bbae-1dd54cd4a484,2994186700,",Internal Medicine,",Northeast,2025-03-31 06:47:40.378952+00
01fc5d24-09b9-412f-8a3f-ae7ad37f0d92,9936660346,",Internal Medicine,",Midwest,2025-03-31 06:47:40.404012+00
01feb5dd-d8da-4ce0-9bd0-f190f0a8e785,9034289541,",Obstetrics & Gynecology,",South,2025-03-31 06:47:40.38326+00
020059da-54ed-4c3b-ac1d-10edc2f9bd13,7469349958,",Anesthesiology,",Midwest,2025-03-31 06:47:40.396638+00
020c420d-3280-44fc-a0fb-25b773108ee9,6500836382,",Internal Medicine,",Northeast,2025-03-31 06:47:40.379105+00
021077d1-0ee2-4d90-8e96-2d30753ebf82,5160689456,",Radiology,",South,2025-03-31 06:47:40.394811+00
021960c0-0872-49ad-9551-a5be953b864c,9940066964,",Obstetrics & Gynecology,",South,2025-03-31 06:47:40.383141+00
021a5459-39a1-44cc-a914-21dc4b06ce54,6199033747,",Anesthesiology,",West,2025-03-31 06:47:40.396988+00
021f2c52-d2f9-4062-9d83-0743233acb4b,8862890646,",Cardiology,",South,2025-03-31 06:47:40.403252+00
022326cd-5d38-45b8-b8d2-332ac8c52471,5658415030,",Radiology,",Midwest,2025-03-31 06:47:40.394402+00
02250a9a-f050-4e94-b494-c54ffc3e5c6e,5239848799,",Psychiatry,",Midwest,2025-03-31 06:47:40.384307+00
02292438-a355-4569-b5d7-2c19ba12fcb0,3721735246,",Dermatology,",Northwest,2025-03-31 06:47:40.394168+00
022fbad1-5200-484a-8648-8c123b56bfe5,5843777732,",General Surgery,",South,2025-03-31 06:47:40.387211+00
022fc617-d688-4ad6-8276-7434bc061b19,8385536773,",Radiology,",South,2025-03-31 06:47:40.394608+00
024074f5-45a1-4d19-8615-929a21b3cfe2,8287267834,",Internal Medicine,",South,2025-03-31 06:47:40.380742+00
02542a29-c8bb-4674-8dfa-fb2124c74e0f,5636675251,",Gastroenterology,",Northwest,2025-03-31 06:47:40.399745+00
0254b18a-c3fb-4a3a-a6c5-76b1924b9f21,9346390753,",General Surgery,",Midwest,2025-03-31 06:47:40.386176+00
0254ffc9-ce57-4a38-b5d6-db408b8173c9,2483466632,",Obstetrics & Gynecology,",Northeast,2025-03-31 06:47:40.38165+00
02554d69-08ee-420b-90e4-0dd42d49e0ce,1529677357,",Cardiology,",Northeast,2025-03-31 06:47:40.388804+00
025a8362-f6fa-4988-a873-ffbacc1c6cda,5771636117,",Orthopedic Surgery,",Northeast,2025-03-31 06:47:40.391258+00
0271694c-93a0-477d-ae11-89461d6b686a,9647148378,",Cardiology,",South,2025-03-31 06:47:40.388557+00
0275834b-daa0-48f1-a992-16d0afb55eb4,7967387223,",Obstetrics & Gynecology,",Northwest,2025-03-31 06:47:40.381923+00
027dcacd-d5da-41c8-94c1-13f8b259c7b9,5894942589,",Psychiatry,",West,2025-03-31 06:47:40.385162+00
028375ab-9250-494f-9296-11ac5b662b64,5313928928,",General Surgery,",Northeast,2025-03-31 06:47:40.387336+00
02838e17-2313-4343-a8cc-ab1484581a19,4012787458,",Internal Medicine,",Northwest,2025-03-31 06:47:40.381589+00
02873ce9-0e4e-45c4-a7b4-acb796881187,2846343177,",General Surgery,",Midwest,2025-03-31 06:47:40.386578+00
028b539e-59c4-4981-9f1f-e31fb2243061,6402410877,",Neurology,",South,2025-03-31 06:47:40.399073+00
028c1fac-5665-472b-9a68-b77f7eee2388,7638970971,",Internal Medicine,",Midwest,2025-03-31 06:47:40.379637+00
028de674-f3fe-4a66-9ee1-05dad473852f,5813534059,",Cardiology,",Northeast,2025-03-31 06:47:40.388432+00
02ac66c4-dd29-4706-8538-cbe4330ef1e9,5401501813,",Radiology,",Northwest,2025-03-31 06:47:40.395192+00
02c0c6d0-160f-4fe9-b7a6-22b014263071,2969827797,",Internal Medicine,",Northeast,2025-03-31 06:47:40.377868+00
02c2e9ac-a67e-4e77-bd27-05ef17477dca,2390764362,",General Surgery,",West,2025-03-31 06:47:40.38817+00
02c3b46b-ad16-4cdb-9e6f-a3d62073e5f8,1469055610,",General Surgery,",Northeast,2025-03-31 06:47:40.387269+00
02c4d849-6670-4aaa-b32d-4ee2990533bb,4867153819,",General Surgery,",South,2025-03-31 06:47:40.386304+00
02c5e215-0f8a-433a-af15-4ca701af27c8,8469177241,",Psychiatry,",South,2025-03-31 06:47:40.385038+00
02d61e53-72e2-4b11-b30b-9a9b4a78d1f0,3764930908,",Radiology,",Midwest,2025-03-31 06:47:40.394502+00
02e3e708-c7c7-4080-b691-6b441ee99c95,8341614545,",Anesthesiology,",Midwest,2025-03-31 06:47:40.39677+00
02e57cd5-293b-451d-bbc9-3459ab1b044f,4399682817,",Internal Medicine,",West,2025-03-31 06:47:40.381114+00
02e62e02-50aa-4f50-bb99-fccd1a8fbd00,1694910543,",Neurology,",South,2025-03-31 06:47:40.398685+00
02ec1940-4849-4426-98d3-62b01df6dc54,9819735887,",Cardiology,",South,2025-03-31 06:47:40.390428+00
02f93adc-f8b1-44a6-9fd6-268ad175e6c4,1027293941,",Orthopedic Surgery,",Northwest,2025-03-31 06:47:40.392439+00
0306f7c0-5a92-41f8-85e5-27a0f2690517,7047988558,",Anesthesiology,",West,2025-03-31 06:47:40.396566+00
030ddd44-c8ab-4df5-b582-99397bfbdd8f,9542363356,",Nephrology,",Northeast,2025-03-31 06:47:40.402098+00
0312ed3f-f51e-4b87-bea1-087f0868cd60,7338208493,",Dermatology,",Midwest,2025-03-31 06:47:40.392791+00
031342e7-3878-4e8a-b27d-02aa45f89d53,3799948106,",Internal Medicine,",Northwest,2025-03-31 06:47:40.376207+00
03180369-c5f8-43df-ab87-42dc1a55b0ec,2863914175,",Internal Medicine,",Midwest,2025-03-31 06:47:40.37963+00
0321532c-8f4a-4811-b046-8ff1c4be9ec4,2771486356,",Internal Medicine,",West,2025-03-31 06:47:40.378753+00
032eb868-6dd5-437f-a856-1580b401e059,9836344497,",Orthopedic Surgery,",Northwest,2025-03-31 06:47:40.391218+00
0338f1ac-30fd-4399-8dca-bb5b5e39676f,3804234284,",Anesthesiology,",Northeast,2025-03-31 06:47:40.396679+00
033cc0e6-9fc8-4925-93bd-a3204a160f83,5473025524,",Psychiatry,",South,2025-03-31 06:47:40.386015+00
0341d3a9-970b-49c0-a7d1-e10a4e6f6ace,9562247715,",Gastroenterology,",Northeast,2025-03-31 06:47:40.399559+00
0360e767-c43a-4b90-8220-605d2065fd31,1776357117,",Psychiatry,",Northeast,2025-03-31 06:47:40.385435+00
036f1ad1-e49e-4e2c-9b18-799f7d51081c,6756680893,",Obstetrics & Gynecology,",Northwest,2025-03-31 06:47:40.38223+00
037187eb-aa06-420e-80c2-5c2b53e7d136,3001701072,",Neurology,",West,2025-03-31 06:47:40.399096+00
0373d31b-be1f-4a2e-937b-1d390631c3ad,5305749224,",General Surgery,",West,2025-03-31 06:47:40.387168+00
03762357-0587-48bb-998d-173cc36bda68,1604159314,",Psychiatry,",South,2025-03-31 06:47:40.384067+00
0377687a-49c8-4675-9c9c-87fc97532963,1426486493,",Psychiatry,",Midwest,2025-03-31 06:47:40.384664+00
037be450-3620-4c15-bf2d-5e799be43235,3376462060,",Psychiatry,",Northeast,2025-03-31 06:47:40.385773+00
0380e9c3-f47b-47f9-8a32-2cbbb8b45fa7,3254319216,",Urology,",South,2025-03-31 06:47:40.40073+00
03871737-23de-475b-99c2-e1d4082d90ae,5035616611,",Cardiology,",Midwest,2025-03-31 06:47:40.388944+00
038e4c47-3719-4dc5-ad4c-f35398db62b6,7979837246,",Neurology,",West,2025-03-31 06:47:40.398136+00
03970ab8-2b74-4943-9cc7-1b96820cf111,2921471213,",Obstetrics & Gynecology,",South,2025-03-31 06:47:40.3827+00
03a595e4-7bf7-42ad-a04e-2c00b9ca2f83,7235020845,",Anesthesiology,",Northeast,2025-03-31 06:47:40.397391+00
03a71255-6493-442d-b4c7-fa52ae98e19c,1433693498,",Neurology,",West,2025-03-31 06:47:40.39796+00
03aef80f-3bf1-43ce-b1c0-5e1efc4e482f,1008350672,",Psychiatry,",Northeast,2025-03-31 06:47:40.384171+00
03b848a4-4938-4f71-9e81-2f468d8d37f2,4013279581,",Internal Medicine,",Midwest,2025-03-31 06:47:40.377354+00
03baf0e8-d157-46fc-a914-c0f53871f4b0,2294594638,",Radiology,",Northwest,2025-03-31 06:47:40.395403+00
03bd16d6-66b5-4c08-9a2e-b8c5360e1f2c,1285449854,",Psychiatry,",Northwest,2025-03-31 06:47:40.384438+00
03c9eeed-2e8f-468c-b027-37c599a3079a,6577131691,",General Surgery,",South,2025-03-31 06:47:40.386746+00
03d22965-7a79-41f6-912e-90248d17136c,8511143137,",Oncology,",West,2025-03-31 06:47:40.402891+00
03d4a911-487a-43e6-a682-c31b161369d4,4690284849,",Internal Medicine,",South,2025-03-31 06:47:40.377471+00
03d5db26-9804-423c-bff3-3dadfcb9366b,6006415313,",Psychiatry,",Northeast,2025-03-31 06:47:40.385684+00
03dcd3fc-782f-4772-801f-6bbc0b14fd4d,1114331484,",Internal Medicine,",Northeast,2025-03-31 06:47:40.404244+00
03f660d8-6371-46e9-b596-e82023e8ef21,9833401333,",Dermatology,",Northwest,2025-03-31 06:47:40.393745+00
03f85a25-031e-4e16-b43d-69d3159af1df,5997799398,",Orthopedic Surgery,",Midwest,2025-03-31 06:47:40.392375+00
03fc7e39-9df4-4800-99c0-5ebd40d56057,4168880863,",Gastroenterology,",South,2025-03-31 06:47:40.400118+00
03ff623c-223f-4ccc-b647-6fcca066f768,7039171850,",Neurology,",South,2025-03-31 06:47:40.398834+00
040b567f-7337-425a-9ff4-0397c3d9d970,9591081048,",Anesthesiology,",West,2025-03-31 06:47:40.396386+00
040d8935-b78a-4d3e-a68f-6e2fb88dd682,5691145512,",Urology,",South,2025-03-31 06:47:40.400385+00
04149abd-70a2-4705-be77-675fca646a58,1547757343,",Obstetrics & Gynecology,",Northwest,2025-03-31 06:47:40.383569+00
04207322-88af-4de9-8cc5-2fce5646f4bd,7453009901,",Nephrology,",Northeast,2025-03-31 06:47:40.402267+00
04279647-1954-49ae-85fc-f8824448d94a,4457950476,",General Surgery,",Northwest,2025-03-31 06:47:40.388025+00
042bc5ef-9a23-4113-85e7-985178cef1b0,7573020806,",Cardiology,",Northwest,2025-03-31 06:47:40.388568+00
042d2fde-b1d4-49bd-b30d-38b9558d8d89,8879586492,",General Surgery,",South,2025-03-31 06:47:40.388102+00
04426764-59ec-4e5d-bcfd-cfc41b0361e9,7714594147,",Neurology,",West,2025-03-31 06:47:40.398183+00
044f37df-07b4-4189-867f-6e888bf4819c,4929273352,",General Surgery,",Northwest,2025-03-31 06:47:40.38755+00
0458a256-8b4e-44ba-9f06-d6ab94a2f08e,9972387275,",Obstetrics & Gynecology,",West,2025-03-31 06:47:40.383523+00
045b45ed-f494-48f7-98c6-95c72fef4cec,8721282352,",Pulmonology,",Northeast,2025-03-31 06:47:40.401923+00
045bff55-92c3-469c-a26a-dbddde4a53c2,4981041768,",Orthopedic Surgery,",West,2025-03-31 06:47:40.391743+00
045d3b35-3311-4c94-8599-87acfdb8e564,7942571583,",Orthopedic Surgery,",Midwest,2025-03-31 06:47:40.390736+00
045f1c00-cf5c-4bd5-afbc-16362479c6df,8870317583,",Neurology,",Northwest,2025-03-31 06:47:40.397909+00
046296d9-6903-49e1-9b71-3380d5d84284,6139449116,",Gastroenterology,",Northeast,2025-03-31 06:47:40.399116+00
04635fe0-cac0-48a2-b7d9-0ff70c70fdb2,2576525982,",Psychiatry,",Northeast,2025-03-31 06:47:40.385753+00
04708453-a35c-425a-80f5-fed9809316c1,6292514615,",Internal Medicine,",West,2025-03-31 06:47:40.379228+00
04756223-6249-4555-9901-9e1802f60c53,5380955107,",General Surgery,",Northeast,2025-03-31 06:47:40.388176+00
04823ec7-b5c8-4f83-8c78-0c4e41875722,3629698845,",Internal Medicine,",Northwest,2025-03-31 06:47:40.379812+00
048821cf-1774-4cbc-97fd-4f98b49c022c,4738217401,",Gastroenterology,",South,2025-03-31 06:47:40.399754+00
0497b927-6e80-4074-beb6-057b3d558d5d,7671758186,",Internal Medicine,",South,2025-03-31 06:47:40.404076+00
04a109ff-f18c-4297-baf7-76d729527738,7283165881,",Psychiatry,",South,2025-03-31 06:47:40.385799+00
04a14c73-8937-45fd-9097-a2f05d8412c9,8151181202,",Dermatology,",West,2025-03-31 06:47:40.393751+00
04ab4371-4983-47b2-b9e8-adc5e4195799,8028417251,",Psychiatry,",Northwest,2025-03-31 06:47:40.38468+00
04b977f1-91c8-4ab6-8ced-062f4ac22dc5,9798372109,",General Surgery,",Northeast,2025-03-31 06:47:40.387421+00
04c0f5b1-d9f7-41cd-9629-e4cfb86eae43,4182893211,",Cardiology,",Northeast,2025-03-31 06:47:40.388441+00
04c494be-3dde-4a86-a192-62fa4a6fc98c,9586671289,",Radiology,",West,2025-03-31 06:47:40.395262+00
04ccfcf9-5200-40af-b3ba-f8fc3ab68bd6,9913273983,",Dermatology,",Northwest,2025-03-31 06:47:40.393145+00
04cdc5c8-f676-4159-a6f4-ca4c30c764c0,9184044039,",Pulmonology,",Northwest,2025-03-31 06:47:40.401501+00
04da48fb-78f8-46a9-a9f9-13773eb7ee5d,7092626394,",Pulmonology,",Midwest,2025-03-31 06:47:40.401905+00
04dfed6a-cb20-494c-be2a-9df2936f2c6a,2755628911,",Internal Medicine,",West,2025-03-31 06:47:40.378284+00
04e3db04-30fa-4d57-9709-39385393ba64,3847622711,",Pulmonology,",Northeast,2025-03-31 06:47:40.403079+00
04e79953-13bd-44f1-a76b-275f466ae368,2837782194,",Dermatology,",Midwest,2025-03-31 06:47:40.393763+00
04ef0f76-72e0-4602-a495-a6fc2ce95c6c,9432997501,",Anesthesiology,",Northeast,2025-03-31 06:47:40.40483+00
0500cc31-f783-4df4-ba37-9d54f07550ae,1644661427,",Obstetrics & Gynecology,",Northwest,2025-03-31 06:47:40.403387+00
050159c8-c5e1-4fb0-9db0-787e5bda9130,9680748528,",Psychiatry,",Northeast,2025-03-31 06:47:40.403445+00
05020bac-865b-405e-91a2-12cff90e333a,8406383968,",Psychiatry,",South,2025-03-31 06:47:40.38505+00
050604c1-a76b-4bf4-8fdb-f37512e4ed63,1008846795,",Anesthesiology,",West,2025-03-31 06:47:40.396128+00
0506e1d2-bc45-4f92-9fed-bc23d2a61c65,2107551706,",Internal Medicine,",Midwest,2025-03-31 06:47:40.381047+00
0515437c-6d12-4a31-bb08-26ae33f3bee1,2682975662,",Dermatology,",West,2025-03-31 06:47:40.39363+00
051c6591-d1ec-4784-96cb-9d6ba3c45b3c,5468363381,",Radiology,",Northwest,2025-03-31 06:47:40.395895+00
051cf058-19c9-4158-8f76-06ce673bf479,7212391110,",Dermatology,",Northwest,2025-03-31 06:47:40.394223+00
0526e100-d248-403d-bb98-c93879abc9f1,2176259771,",Oncology,",West,2025-03-31 06:47:40.402566+00
0528fbfd-24ee-4b16-8c5c-d30fa46faa66,2078474790,",Oncology,",Northeast,2025-03-31 06:47:40.402609+00
052a2773-8ca8-4ab9-bbe6-d7a454751117,2424304814,",Internal Medicine,",West,2025-03-31 06:47:40.381157+00
052ad6c2-8d30-4563-a9c9-3f84f5da9044,4188008516,",General Surgery,",Midwest,2025-03-31 06:47:40.387029+00
052b0c28-c914-49ea-b9ea-9da47ab027d0,3390827149,",Orthopedic Surgery,",West,2025-03-31 06:47:40.391706+00
05302402-9d9e-46a4-a5a4-09e2ff26f3df,8073244461,",General Surgery,",Midwest,2025-03-31 06:47:40.38716+00
0531aa94-9d4e-4cf9-ba5a-6f704b96d794,1728500180,",Obstetrics & Gynecology,",Midwest,2025-03-31 06:47:40.383723+00
0533cade-de66-4b40-bd8b-6cedd557c921,7830211939,",Orthopedic Surgery,",South,2025-03-31 06:47:40.390924+00
0536bf1b-f35f-46d3-86f7-f7b94e34d4b7,3537309627,",Obstetrics & Gynecology,",West,2025-03-31 06:47:40.381952+00
05390e93-d2b4-4be9-808f-c21b01c7f0c4,8287287976,",Orthopedic Surgery,",Northwest,2025-03-31 06:47:40.391417+00
053c9e6c-48cd-4c5a-a400-2f5b64edeeb6,8487163739,",Cardiology,",Midwest,2025-03-31 06:47:40.390296+00
0548b0ea-54f8-4c3a-8227-135cfdc1babb,6101585999,",Nephrology,",South,2025-03-31 06:47:40.402061+00
05512fcd-4dcd-4ae2-85bd-96a24136d753,3914231895,",Gastroenterology,",Midwest,2025-03-31 06:47:40.399526+00
057164e0-fa40-4a6f-9ef6-f01ae3e695cb,9365333271,",Pulmonology,",Midwest,2025-03-31 06:47:40.401779+00
0573c6a4-28e3-4958-b15c-5592de4a3383,6374703625,",Radiology,",West,2025-03-31 06:47:40.39497+00
0589f707-4c13-4a14-95cf-161bcabd42d1,3170988862,",Pulmonology,",Midwest,2025-03-31 06:47:40.401966+00
058b55f5-52d6-4d91-ac57-debae8c090fa,6097347922,",Anesthesiology,",Northeast,2025-03-31 06:47:40.396956+00
058e3cc8-39e4-4f5e-b328-090b1fb27910,8957430566,",Orthopedic Surgery,",Northeast,2025-03-31 06:47:40.391679+00
0590a024-a33a-4b28-aad6-50f350024649,3962338947,",Radiology,",South,2025-03-31 06:47:40.395707+00
05a03e92-b8c6-42a7-85d6-560a8882a4ff,5166067896,",Dermatology,",Northwest,2025-03-31 06:47:40.393975+00
05dc6a1c-c24a-448d-92c6-3d07a1a5334a,2799291800,",Urology,",Midwest,2025-03-31 06:47:40.400744+00
05e0ef07-4bcb-4562-8925-205e1e7d6066,3454041932,",Anesthesiology,",Midwest,2025-03-31 06:47:40.396549+00
05e4dd4d-606e-4382-bbd7-c037b35a3757,3028741147,",Internal Medicine,",Northeast,2025-03-31 06:47:40.380823+00
05e8bfc6-2fec-441a-a0e3-9ffced9d85e1,1009558284,",General Surgery,",Midwest,2025-03-31 06:47:40.386307+00
05f47786-bcaf-49a4-ab8e-1ce7c3dc1adb,5171385001,",Psychiatry,",West,2025-03-31 06:47:40.384487+00
05fce97e-ab90-4420-99c9-854d4ec26ba6,3775519130,",Nephrology,",Northwest,2025-03-31 06:47:40.402493+00
05fee99d-632b-4fc4-a9fe-3b55b3752088,4255492849,",Internal Medicine,",West,2025-03-31 06:47:40.376535+00
0603bb5e-a0a0-4c9b-99f2-6fe5a9fb4f83,9968020339,",Psychiatry,",West,2025-03-31 06:47:40.384522+00
060c5c66-0d66-490d-8437-5aeeb1c2fcaa,7047478819,",General Surgery,",West,2025-03-31 06:47:40.387177+00
061b34f4-b294-40ab-9c01-2f64f810d9f5,6966583872,",Gastroenterology,",Northwest,2025-03-31 06:47:40.399495+00
061fc9c7-ad7c-4055-90f2-21d1e0ee0b14,4333767518,",General Surgery,",West,2025-03-31 06:47:40.38775+00
06298c48-2614-4576-bd4a-bd2f1df2af25,3744992252,",Gastroenterology,",West,2025-03-31 06:47:40.399981+00
063b82bf-fbbd-41c2-9b92-9b722b443020,6498986017,",Orthopedic Surgery,",West,2025-03-31 06:47:40.390895+00
0644dcb4-01ae-4a59-90e6-c052a647e9de,1628081307,",Psychiatry,",West,2025-03-31 06:47:40.384865+00
06611879-80f4-4af5-98b5-fc01ad1dd5d9,1064135069,",Internal Medicine,",Midwest,2025-03-31 06:47:40.403364+00
06653e21-e2dc-4682-8225-fc54063af121,9568350644,",Neurology,",West,2025-03-31 06:47:40.404188+00
06656205-a712-4eae-8221-8fb72c8bcd07,8808191168,",Anesthesiology,",South,2025-03-31 06:47:40.39721+00
066b578e-14be-487d-83c1-0bf52f933ce0,2137058183,",Psychiatry,",South,2025-03-31 06:47:40.404815+00
066d2f24-661a-4961-853f-70c141a90114,3339111929,",Orthopedic Surgery,",West,2025-03-31 06:47:40.392315+00
06756369-1f7c-4a8e-9529-00f921d2d62c,6871080918,",Orthopedic Surgery,",Midwest,2025-03-31 06:47:40.392071+00
06776a2c-3778-4885-906d-018d4493cec8,2548844313,",Nephrology,",Northeast,2025-03-31 06:47:40.402265+00
06840998-6c37-43ff-af77-ca02055a0f6e,5305123770,",Cardiology,",Midwest,2025-03-31 06:47:40.390259+00
068969fc-176a-4a53-92b4-c3d7e576d1fe,9656917730,",Internal Medicine,",West,2025-03-31 06:47:40.380722+00
068dafd3-255a-4d61-b064-3f9bca79ee14,2487161259,",Internal Medicine,",Northwest,2025-03-31 06:47:40.378781+00
0690d2b7-f6ae-4f91-9623-70c15452b0a7,6719852213,",Obstetrics & Gynecology,",Midwest,2025-03-31 06:47:40.383226+00
069d2d7e-3213-4b5a-b595-432fc99afcbb,1288002861,",General Surgery,",South,2025-03-31 06:47:40.387937+00
06a3ca18-8b92-4db2-900a-3ffaada46e2a,7023019508,",Neurology,",Midwest,2025-03-31 06:47:40.398276+00
06aa9fd6-efb6-4197-a558-58ff5648eed3,5209511194,",Neurology,",Northwest,2025-03-31 06:47:40.398992+00
06acb0bd-7405-4f46-a6cb-abab5455594f,3267946409,",General Surgery,",Northwest,2025-03-31 06:47:40.387321+00
06ace550-8c00-48f0-8804-b7b785eb4623,5050256703,",Urology,",Midwest,2025-03-31 06:47:40.40076+00
06aec680-dba7-41b3-811d-3518de62b82e,2777100457,",Cardiology,",West,2025-03-31 06:47:40.389648+00
06b61874-d831-4eb1-beaf-fca9a17c9b8a,7043345644,",Radiology,",West,2025-03-31 06:47:40.3954+00
06bfbd4d-f6da-4937-bd49-35290d6336ec,6624754847,",Orthopedic Surgery,",South,2025-03-31 06:47:40.391668+00
06c81596-41aa-4e29-8489-566b2639b008,9728573897,",Dermatology,",Northwest,2025-03-31 06:47:40.392965+00
06d70755-63af-4f84-be0f-01b09f4e2838,5674588041,",Dermatology,",South,2025-03-31 06:47:40.393705+00
06e6fe50-1e05-4207-83b2-e1ddf62fd715,5163138785,",Cardiology,",Northwest,2025-03-31 06:47:40.390245+00
06e8be00-1065-456e-9cbc-39abc34a4cee,7536411301,",Anesthesiology,",Northwest,2025-03-31 06:47:40.396991+00
06ee817c-4d31-4733-b335-ce03856e9d77,7911467948,",Orthopedic Surgery,",Midwest,2025-03-31 06:47:40.390724+00
06f0359c-4a29-484e-96aa-2c7fd8936656,6775293558,",Psychiatry,",Midwest,2025-03-31 06:47:40.38394+00
06f180df-9f23-44f6-86bd-db42a9451793,5740328129,",Internal Medicine,",Northwest,2025-03-31 06:47:40.379948+00
06fbd0dc-d6d6-4de9-90e0-1c3c514dac1b,4626682712,",Cardiology,",Northwest,2025-03-31 06:47:40.388612+00
06fd19b8-7ac8-419a-98e1-0e42e42acb4d,3635240798,",Dermatology,",Midwest,2025-03-31 06:47:40.3938+00
07007a91-699f-4b4b-834a-fb7c62f1cf76,4087225290,",Radiology,",Northeast,2025-03-31 06:47:40.395924+00
07026aad-78a5-4fea-ac80-12f08ad93987,9538256817,",Dermatology,",West,2025-03-31 06:47:40.392612+00
0708d81f-31c2-40d7-966a-2ced94bea8a7,9516841176,",Internal Medicine,",South,2025-03-31 06:47:40.379675+00
070c8f5c-8d48-41ce-9c13-0a8b5bc0f15f,6637578747,",Internal Medicine,",Northeast,2025-03-31 06:47:40.376723+00
070db4b2-2b08-4a1d-8202-98e4cb373c5a,2964996905,",Dermatology,",West,2025-03-31 06:47:40.394062+00
07188812-4767-428f-bb9a-a3267770e45b,3320597407,",Orthopedic Surgery,",Midwest,2025-03-31 06:47:40.391334+00
071fec00-ce68-4f99-a63f-efaeb4c6d07f,9643415727,",Gastroenterology,",West,2025-03-31 06:47:40.399912+00
0728168f-74a1-4606-a04d-6c2b4a09b210,5346241941,",Cardiology,",Northeast,2025-03-31 06:47:40.389666+00
072e9a5e-f831-40a6-9047-fd821d19b78f,5256511661,",Internal Medicine,",Northwest,2025-03-31 06:47:40.379996+00
073135e8-6b43-4a48-adfa-9d8994379a4d,6709249556,",Anesthesiology,",South,2025-03-31 06:47:40.397159+00
07330f4b-5824-4a5f-9e39-664bcc33df7d,7647058121,",Pulmonology,",Northeast,2025-03-31 06:47:40.401121+00
0736ae45-baa7-4505-a5d9-2e00ba7b7687,5438470461,",Obstetrics & Gynecology,",South,2025-03-31 06:47:40.382825+00
074a7bc7-9f6a-4314-aa50-8f370c1b5c45,9185240968,",Cardiology,",Northeast,2025-03-31 06:47:40.388601+00
074b9964-f214-4834-a41a-9e1598bfc959,1278549584,",Obstetrics & Gynecology,",Northwest,2025-03-31 06:47:40.383396+00
074e2edb-6adb-48bd-8836-f01d3b20e479,5129771808,",Orthopedic Surgery,",Northwest,2025-03-31 06:47:40.39178+00
074f5395-f3e6-472f-9a5b-63176c015a7e,7488222699,",Internal Medicine,",Northwest,2025-03-31 06:47:40.380071+00
075c57b7-f38a-4c93-a493-ffd404289ad5,5712885759,",Urology,",Midwest,2025-03-31 06:47:40.40031+00
0767129a-9c2b-46b7-8d30-03732eb58f0f,2515744164,",Internal Medicine,",Northwest,2025-03-31 06:47:40.377775+00
076a5bc1-164d-4b2e-8f19-0b72a2459c5e,9559132106,",Anesthesiology,",Northeast,2025-03-31 06:47:40.395984+00
0776527f-a443-4d44-ad3b-6a1e8c5b270f,9049757002,",Anesthesiology,",South,2025-03-31 06:47:40.396216+00
0776ddbf-3b57-49e7-8b87-ffdcc7797cb4,6979910808,",Radiology,",West,2025-03-31 06:47:40.395008+00
0783018f-b902-4dd2-8a96-198f42960a72,5565157714,",Cardiology,",Northeast,2025-03-31 06:47:40.38835+00
07872646-4edb-4e41-a4ba-837d49d78003,8570848162,",Cardiology,",Northwest,2025-03-31 06:47:40.389701+00
0787cb31-552e-4b0a-b62a-ef52a60c7734,8605473785,",Orthopedic Surgery,",South,2025-03-31 06:47:40.391403+00
078949c5-b471-4cc2-8dc8-44d09686de24,8049733988,",Obstetrics & Gynecology,",Northwest,2025-03-31 06:47:40.383537+00
078e55b7-1a34-402f-b74a-8317495b79a4,6591839941,",Internal Medicine,",Northeast,2025-03-31 06:47:40.376495+00
07922ca0-0a8f-422b-b8d8-4c29d13146d1,3618165358,",Obstetrics & Gynecology,",West,2025-03-31 06:47:40.383199+00
0794e211-f812-4a87-b0e4-4359e903919e,7204283814,",Gastroenterology,",Northeast,2025-03-31 06:47:40.400146+00
0794fd2a-934a-4e3d-8c86-b79b271b134a,3273243606,",Dermatology,",Northwest,2025-03-31 06:47:40.393358+00
07971738-8a34-4130-89eb-4d8488999423,6210631836,",Cardiology,",Northeast,2025-03-31 06:47:40.390547+00
0798798a-9050-4c6e-9ba9-2676c1c42d92,3215625071,",Gastroenterology,",Northeast,2025-03-31 06:47:40.399895+00
07a5ebbc-d507-4de2-a117-f97c9dcf2ded,8331135013,",Nephrology,",Midwest,2025-03-31 06:47:40.402089+00
07a60ec2-76c1-4f55-b7fc-7c4462d6bf90,7468141089,",Cardiology,",West,2025-03-31 06:47:40.389899+00
07a61916-de3d-4c7e-afd6-6f82bf6290ba,1884095374,",Psychiatry,",Northeast,2025-03-31 06:47:40.384102+00
07b1b5e1-dc1d-4b1f-9a53-b5c6c9282773,7795766112,",Internal Medicine,",Northwest,2025-03-31 06:47:40.376421+00
07b45bf1-10f0-4799-b237-ab0ab645d934,1942053727,",Gastroenterology,",South,2025-03-31 06:47:40.399192+00
07b839db-24e3-4dc0-9f0a-e532799e0baa,3698177172,",Neurology,",South,2025-03-31 06:47:40.398961+00
07bd9e14-8dd3-4344-b912-469fb3d856d8,5120021994,",Cardiology,",South,2025-03-31 06:47:40.390479+00
07c0b7ce-9995-42f8-86a0-f8211c1fcffc,8242590036,",Dermatology,",Northeast,2025-03-31 06:47:40.392861+00
07c88481-e300-4e09-aaf8-5e8f5cea494d,4430747634,",Obstetrics & Gynecology,",South,2025-03-31 06:47:40.381765+00
07d4455f-e55d-425c-9853-4adb10486560,3713209940,",Cardiology,",Midwest,2025-03-31 06:47:40.388504+00
07d4da3b-a260-448c-8076-a3d203acec03,7092802395,",Internal Medicine,",Midwest,2025-03-31 06:47:40.379922+00
07d555f1-6b42-450e-b9a3-9f9c4ace3b4a,6569502282,",Anesthesiology,",Midwest,2025-03-31 06:47:40.396121+00
07ddd293-14a0-4468-9c6f-0e78294b4ca8,7392860072,",Cardiology,",West,2025-03-31 06:47:40.390583+00
07e65cdd-2d43-4490-93ba-de6d83e016d1,3160024613,",Urology,",West,2025-03-31 06:47:40.400333+00
07f8e41d-de54-4d5f-ae20-6b3d1dfc9a62,9063566766,",Pulmonology,",South,2025-03-31 06:47:40.40144+00
07fece03-a5bb-4986-8db4-309aae5cf5e8,6813836964,",Internal Medicine,",South,2025-03-31 06:47:40.380077+00
0806cb81-062b-4ceb-b66e-8498efb25cba,7732396969,",General Surgery,",South,2025-03-31 06:47:40.386884+00
08102f65-6267-451d-a51e-1e72de7e9492,7473962852,",Anesthesiology,",Northeast,2025-03-31 06:47:40.396155+00
0816f251-e2e4-4da4-950d-ee6cab95e698,2145194993,",Anesthesiology,",South,2025-03-31 06:47:40.396584+00
08274af2-1b2f-494c-a8f0-52706fd42cd4,2103337093,",General Surgery,",Northwest,2025-03-31 06:47:40.387817+00
08279c2a-dbcb-4949-934c-fd5d91afc906,8685430487,",Internal Medicine,",West,2025-03-31 06:47:40.377491+00
08297f14-c704-493b-9d3e-240b3565d6af,1342262299,",Radiology,",Midwest,2025-03-31 06:47:40.404526+00
0829cf34-bbf9-4ee6-a047-3ab05e136c9a,6247866919,",Internal Medicine,",South,2025-03-31 06:47:40.380149+00
083294aa-be76-4989-8eb3-a73ba2b8de5c,8609057014,",Neurology,",West,2025-03-31 06:47:40.398632+00
08469ec8-d9e7-4c0e-b599-13767e71a216,5808752281,",Dermatology,",Northwest,2025-03-31 06:47:40.392953+00
0846e12a-5dde-41a3-abb1-aafe474865cc,8993860620,",Pulmonology,",South,2025-03-31 06:47:40.401172+00
0849e168-1df7-4ef5-a37b-5954904e1993,2105451044,",Orthopedic Surgery,",Northeast,2025-03-31 06:47:40.391049+00
0851dc84-c933-4651-ba07-2b840743bfd1,9065847078,",Orthopedic Surgery,",Northwest,2025-03-31 06:47:40.39081+00
08522c67-23b2-4b05-9d6b-43fb60ec4500,8245381723,",Anesthesiology,",Northeast,2025-03-31 06:47:40.397596+00
08526c8b-f216-4fc9-b5d2-7634bd722829,8984839904,",Psychiatry,",West,2025-03-31 06:47:40.384992+00
085aed4f-4c7d-4a61-8e0b-7c19ea9eb5d0,3805230374,",Obstetrics & Gynecology,",Northeast,2025-03-31 06:47:40.381791+00
085d0492-ffc2-4ae8-9bd4-9d88680da03e,1643373147,",Internal Medicine,",Northeast,2025-03-31 06:47:40.38135+00
085febdd-9c66-42e1-ab10-5d619d9b0eae,9360069507,",Obstetrics & Gynecology,",Northwest,2025-03-31 06:47:40.382415+00
0862fec8-e892-4a08-bbf7-a989794a313f,2460250700,",Gastroenterology,",Northwest,2025-03-31 06:47:40.399474+00
08689e0f-934b-425d-af8a-af35adbbc1c5,3587038585,",Internal Medicine,",Northwest,2025-03-31 06:47:40.380409+00
086d629b-b4e7-449a-9f1f-9fd3558d5bd9,5324661456,",Dermatology,",South,2025-03-31 06:47:40.39408+00
08762681-77b2-463f-b990-c10d4a3d0626,5366704486,",Radiology,",Northwest,2025-03-31 06:47:40.394411+00
08800524-f515-4beb-a6e2-c3c6c3926cdc,7276091138,",Dermatology,",Midwest,2025-03-31 06:47:40.393995+00
08836b7b-4416-4699-807a-07641e7959b6,1556586239,",Orthopedic Surgery,",West,2025-03-31 06:47:40.390958+00
08847e69-3ecd-4471-b835-ac7ad77dc70e,2535839044,",Internal Medicine,",Midwest,2025-03-31 06:47:40.377209+00
088c52d2-b0a2-4354-9a95-2227c7ea2d36,8386518817,",General Surgery,",West,2025-03-31 06:47:40.387973+00
088cbbd0-c13e-456d-870a-7ed65a16b02d,1031359041,",Internal Medicine,",South,2025-03-31 06:47:40.376761+00
088d36b8-8501-4091-9c55-b2b32aed5467,7648529655,",Orthopedic Surgery,",Northeast,2025-03-31 06:47:40.404146+00
0890cbf9-e546-4925-9d63-a2dc069dd95b,9720163152,",Psychiatry,",Northwest,2025-03-31 06:47:40.384746+00
08a26601-4c84-425f-a8bd-061448a8175d,3265571288,",Anesthesiology,",West,2025-03-31 06:47:40.397337+00
08b22957-32a5-4385-95de-aaa95fc8635d,8987385752,",Psychiatry,",South,2025-03-31 06:47:40.384576+00
08b699d3-f306-4656-812d-02dfaac723e1,7215764225,",Nephrology,",Northwest,2025-03-31 06:47:40.402203+00
08b9a40d-eadf-449f-b0f0-f477f1c851b5,9110184234,",Psychiatry,",West,2025-03-31 06:47:40.384421+00
08c047e5-5960-4f97-8286-c0b629ba52f0,4408423851,",Internal Medicine,",Midwest,2025-03-31 06:47:40.379464+00
08c87e4b-92db-4831-b1d0-111b94488c40,1346879004,",Internal Medicine,",Northwest,2025-03-31 06:47:40.378882+00
08cda5d4-6fd9-4edf-ad27-7f4753c335e9,3977691259,",Internal Medicine,",Northwest,2025-03-31 06:47:40.378968+00
08d19d67-811c-4c5b-a3ee-d49f5a85dde5,9019406310,",Anesthesiology,",South,2025-03-31 06:47:40.397293+00
08d6d332-7d5c-4982-9a06-11924ca4440d,4405432050,",Dermatology,",South,2025-03-31 06:47:40.393601+00
08db96d3-9389-45bb-a05c-c033f0df57ba,2821915911,",Anesthesiology,",South,2025-03-31 06:47:40.39757+00
08df0312-3998-45c7-b6e8-07568a5748da,4341748280,",Psychiatry,",South,2025-03-31 06:47:40.385675+00
08f34687-7030-4fec-9d58-ae7dbd4c6fd8,6696413556,",Psychiatry,",Northeast,2025-03-31 06:47:40.384351+00
08f4ab0d-6b4e-41b9-a259-7659c2665fab,5269667152,",Internal Medicine,",Northeast,2025-03-31 06:47:40.376438+00
090e228b-04e4-415e-a5d7-9429bdc63175,9126688524,",Psychiatry,",Northwest,2025-03-31 06:47:40.384365+00
090fdb5e-7707-4fc2-a06a-34e7f2a2d265,4421272798,",Neurology,",South,2025-03-31 06:47:40.398514+00
0915210b-a325-462e-bb01-512a34e40814,8940122758,",Urology,",South,2025-03-31 06:47:40.400823+00
091760a9-ed66-4a3b-b186-6b4e3ca0be4e,1685542984,",Internal Medicine,",West,2025-03-31 06:47:40.379545+00
09192763-b342-4fc8-b3d9-c66ac96e66f8,7807706649,",Dermatology,",South,2025-03-31 06:47:40.393806+00
091aaa9f-59aa-4dfc-9945-ead2d70994df,5592764774,",Internal Medicine,",Northeast,2025-03-31 06:47:40.378433+00
091c5e7b-d740-40bf-bad1-7972db668ada,9697902525,",Dermatology,",South,2025-03-31 06:47:40.392661+00
091cc00f-d2af-4d9c-b24e-772e005c1cd0,3013275441,",Internal Medicine,",Midwest,2025-03-31 06:47:40.40337+00
09236e5b-ff40-48aa-aa42-b9ba9edacde8,5118697060,",Internal Medicine,",South,2025-03-31 06:47:40.378523+00
092429f2-f570-4fa4-b76a-fcc648982edc,8488903450,",Psychiatry,",Northeast,2025-03-31 06:47:40.3857+00
093cf67e-ef93-4493-a715-6a0d8f128393,5438901390,",Psychiatry,",Northwest,2025-03-31 06:47:40.38488+00
0959abfa-a6bb-44ff-a51f-79a9364a85f8,8368563870,",Gastroenterology,",Northeast,2025-03-31 06:47:40.40378+00
09623804-dcaf-480e-b93b-1c666f3674e0,8744348790,",Nephrology,",West,2025-03-31 06:47:40.402405+00
0968c1a4-6c3a-4c64-9519-dd643cd56718,2411757305,",Anesthesiology,",South,2025-03-31 06:47:40.403243+00
098e679d-0010-492c-8f89-a181482e69da,8502906068,",Internal Medicine,",Northeast,2025-03-31 06:47:40.381347+00
09905991-2cdd-4502-b9ef-398935405d9c,9708532033,",Psychiatry,",West,2025-03-31 06:47:40.384995+00
09969410-9a98-42ce-89d2-3972f7ac7258,7894724809,",Anesthesiology,",Northwest,2025-03-31 06:47:40.397681+00
09984411-fc6c-40ee-ae8b-d2feed249f7d,9424639690,",General Surgery,",Midwest,2025-03-31 06:47:40.387483+00
099b3a2a-5669-4138-84bd-ad93f55c3639,1058377860,",Neurology,",Northeast,2025-03-31 06:47:40.39783+00
099df377-86d1-4252-b2b9-47b61114cca5,9305481092,",Radiology,",South,2025-03-31 06:47:40.394814+00
099ea56d-9c87-4106-b7fe-d63e92a988d1,5862199360,",Internal Medicine,",Northeast,2025-03-31 06:47:40.377879+00
09a2472f-2907-494c-891b-6331ca3fde48,6625148134,",Internal Medicine,",Northeast,2025-03-31 06:47:40.379215+00
09ac174a-82cf-4f04-86b6-4e043fcfd9ec,9789500415,",Cardiology,",Northeast,2025-03-31 06:47:40.389692+00
09b1e565-50a2-4b78-aba8-a4a50e76e534,9234394778,",Orthopedic Surgery,",Northwest,2025-03-31 06:47:40.390879+00
09b258d9-e4af-462c-8270-f8446e471aa2,7124991384,",Internal Medicine,",Northeast,2025-03-31 06:47:40.378723+00
09c34244-ee17-412d-aede-5572b2a205a2,6537479489,",Psychiatry,",West,2025-03-31 06:47:40.385513+00
09c805ba-9742-47ad-a4c3-6ddfda3e9768,9329853360,",Internal Medicine,",Northeast,2025-03-31 06:47:40.381291+00
09c87a1b-b1b1-4a48-b820-69952c169b7d,8258211902,",Obstetrics & Gynecology,",West,2025-03-31 06:47:40.383611+00
09dae978-e817-44bf-a840-cc9b127782f0,9064445844,",Cardiology,",West,2025-03-31 06:47:40.390496+00
09fa3b13-0be5-4553-bc0c-3d4e0e4cdf03,4580989585,",Orthopedic Surgery,",Midwest,2025-03-31 06:47:40.390802+00
09ffd82d-03d9-462d-b1f8-6d00d1e703e2,5615060459,",Neurology,",Northwest,2025-03-31 06:47:40.397827+00
0a04bc42-30db-4064-9e21-b4a53859f3e1,9392092718,",Internal Medicine,",South,2025-03-31 06:47:40.378129+00
0a067f24-0d7d-42b0-bf07-cf7e33f778d1,7260747811,",Internal Medicine,",West,2025-03-31 06:47:40.403745+00
0a068580-4c41-4332-afb6-e13cdff3e46a,4361954408,",Urology,",South,2025-03-31 06:47:40.400718+00
0a1cd487-89a3-4285-a983-f47772058136,5689529608,",General Surgery,",West,2025-03-31 06:47:40.386148+00
0a29a69e-c3bd-475b-8eda-2c47e389c9e8,9103282100,",Obstetrics & Gynecology,",South,2025-03-31 06:47:40.382993+00
0a359a4e-a888-412c-be57-c34b2786377f,8555407737,",Gastroenterology,",Northeast,2025-03-31 06:47:40.399818+00
0a393967-fd30-4f03-b5c0-ad08aa17ccf3,5961049043,",Anesthesiology,",West,2025-03-31 06:47:40.397365+00
0a3c4599-276e-4429-945e-e8c496a72749,1380663681,",Oncology,",South,2025-03-31 06:47:40.402653+00
0a4131e7-6b37-4e9b-af22-f9adf54f647a,5451240117,",General Surgery,",West,2025-03-31 06:47:40.387675+00
0a451f04-9056-4d45-a226-77460eb3fe18,5757669216,",Internal Medicine,",South,2025-03-31 06:47:40.378118+00
0a4c1670-ed9c-4bdd-a637-ac1cb362c879,7558720193,",Internal Medicine,",South,2025-03-31 06:47:40.377357+00
0a5c3ac9-d71d-454e-ba03-1acad06f4a25,3131155305,",Oncology,",West,2025-03-31 06:47:40.403266+00
0a6b2bd6-75fb-445d-8073-0beab1270129,8802218762,",Dermatology,",West,2025-03-31 06:47:40.393823+00
0a6c570c-3143-4f9e-943d-2051cb4f8700,9604864398,",Anesthesiology,",Midwest,2025-03-31 06:47:40.396383+00
0a7739e7-b5d3-4dae-ad5e-b48169075a4a,6898214876,",Dermatology,",West,2025-03-31 06:47:40.392852+00
0a7a5571-c9ec-47ee-ad5b-1170dae6965c,3236698326,",Internal Medicine,",Northwest,2025-03-31 06:47:40.376853+00
0a8fc049-e186-49b5-885e-aa6c565fdeaf,5963752921,",Dermatology,",Northwest,2025-03-31 06:47:40.393073+00
0a9b5016-96b7-4a3f-98c9-a650030708f8,2377725821,",Gastroenterology,",Northwest,2025-03-31 06:47:40.39946+00
0a9beceb-eea1-4ea9-91c2-dc54ca7a4901,4668221987,",Psychiatry,",South,2025-03-31 06:47:40.384966+00
0a9d9b98-6f87-4226-80da-74ccf4a89fdd,1289367558,",Internal Medicine,",Northeast,2025-03-31 06:47:40.379722+00
0a9fdec7-d991-47ac-a88e-0ce57126995a,2352713200,",General Surgery,",Northwest,2025-03-31 06:47:40.387843+00
0aaa4d48-6c15-428b-8f92-cdb929296b1d,2860756365,",General Surgery,",Northeast,2025-03-31 06:47:40.403107+00
0ab5a386-e063-4aae-9221-f33e475b28d9,6676000474,",Internal Medicine,",Northeast,2025-03-31 06:47:40.379301+00
0ab6ca53-36f2-4a7f-8a58-d9e5859f4a45,5326283536,",Obstetrics & Gynecology,",Midwest,2025-03-31 06:47:40.382311+00
0ab8aa6c-bc23-4e39-b5e7-fea35eacc10e,5722154355,",Dermatology,",Northwest,2025-03-31 06:47:40.393405+00
0ac97f00-621c-4e44-9cfb-a11fe9a6a997,4676168535,",Dermatology,",Midwest,2025-03-31 06:47:40.393947+00
0ad923d9-f550-423e-bc27-a44f9380e019,9427279074,",Obstetrics & Gynecology,",South,2025-03-31 06:47:40.383015+00
0ae072e1-e529-4449-9114-af25d488fc8b,9039661288,",Psychiatry,",Northeast,2025-03-31 06:47:40.385009+00
0ae12e89-429e-4d32-ba37-b564cb94b0fd,6598321041,",Cardiology,",Northeast,2025-03-31 06:47:40.388458+00
0af01d78-6c2f-42c6-875a-a2926b4293a8,3462801439,",Psychiatry,",South,2025-03-31 06:47:40.384377+00
0af8f29d-d5b8-4094-ba97-f26410b2a97b,4657084606,",Anesthesiology,",Northeast,2025-03-31 06:47:40.396452+00
0b1cbbf6-47b5-455a-a722-7ebf6ac9a97a,6204138490,",Obstetrics & Gynecology,",South,2025-03-31 06:47:40.383601+00
0b2b6ad9-b425-4036-b093-910c73df5f39,1697848954,",Nephrology,",West,2025-03-31 06:47:40.402393+00
0b4a66d0-bb41-497e-b978-3f98a024e665,9659259570,",Psychiatry,",Midwest,2025-03-31 06:47:40.385606+00
0b608725-b836-4aa0-bbfa-d3b9b9143ef8,8839710218,",Cardiology,",West,2025-03-31 06:47:40.39018+00
0b610d64-f042-4a08-a83d-a1e63629bf60,1695506654,",Psychiatry,",West,2025-03-31 06:47:40.384677+00
0b65204a-f1ea-4f2f-8ae7-5935d6fdf9fe,2393732471,",Orthopedic Surgery,",Midwest,2025-03-31 06:47:40.391473+00
0b70a6f2-06e0-4b3d-adf0-a1dcb94b9332,2646092853,",Psychiatry,",South,2025-03-31 06:47:40.385309+00
0b7577c8-acc2-4c17-8a83-865f5956d7f0,6972230844,",Psychiatry,",Northwest,2025-03-31 06:47:40.384539+00
0b7662cf-1ed3-4ee2-a8bc-a81d9fb5a79d,8117332578,",Internal Medicine,",West,2025-03-31 06:47:40.377954+00
0b77d0a5-15eb-4935-9268-b13abe3421d9,8228216402,",Radiology,",Northwest,2025-03-31 06:47:40.395476+00
0b7b8070-9327-4560-8192-a2eee1ac0dd8,7133310554,",Obstetrics & Gynecology,",Northwest,2025-03-31 06:47:40.382515+00
0b7bf933-faeb-4c51-b0c4-7296c670bfd8,4405783426,",Orthopedic Surgery,",West,2025-03-31 06:47:40.390856+00
0b8ed20f-01de-497c-93d0-9ed8a2dac18e,5279857565,",Radiology,",South,2025-03-31 06:47:40.404329+00
0ba07d0e-1712-4f08-a281-461c89257b2d,6760088350,",Nephrology,",Northeast,2025-03-31 06:47:40.402456+00
0ba9551d-fdcb-4957-8a18-c58c0eb533bf,2689408665,",Psychiatry,",West,2025-03-31 06:47:40.384846+00
0baef479-103b-4e38-9524-d7a95ce3e508,8944237914,",Dermatology,",Northwest,2025-03-31 06:47:40.393895+00
0bb61d78-0c08-4214-a4b8-57c6df4fa828,2760938563,",Orthopedic Surgery,",Midwest,2025-03-31 06:47:40.391295+00
0bbe4ffd-2d6b-4d80-8ad7-8eb1812a7829,5060876348,",Urology,",Northeast,2025-03-31 06:47:40.400434+00
0bc762ee-f93e-444f-9ac5-4ba960ecf285,5074085050,",Pulmonology,",West,2025-03-31 06:47:40.40134+00
0bcaa682-d165-4e2e-aa8e-86c551ed672b,1444265464,",Internal Medicine,",South,2025-03-31 06:47:40.380626+00
0bcb2560-ab64-4308-a1a7-bdf8c4fad8cc,3809921940,",Psychiatry,",Midwest,2025-03-31 06:47:40.384987+00
0bd0f0c0-3822-4a53-8ab9-1779f328b8cc,7108353135,",Oncology,",Midwest,2025-03-31 06:47:40.404133+00
0bd84387-b964-4156-95f9-33e53e58059f,9342104522,",Dermatology,",Midwest,2025-03-31 06:47:40.392766+00
0bed4612-c4ed-4bfa-b489-5790d5eadc75,8214669528,",Gastroenterology,",South,2025-03-31 06:47:40.399506+00
0bf0e622-bbb1-46db-9152-18c66ac84751,7523981635,",Internal Medicine,",Northwest,2025-03-31 06:47:40.378477+00
0bf77e46-4d49-4cd7-add4-3cadcb1302be,6648462808,",Dermatology,",South,2025-03-31 06:47:40.393731+00
0c083b82-c200-4317-ad4f-692c9bea6c3a,9536844518,",Internal Medicine,",West,2025-03-31 06:47:40.378795+00
0c0afab5-826b-4f06-b849-cdbf2e32ef24,6850696835,",Orthopedic Surgery,",West,2025-03-31 06:47:40.391137+00
0c14fd8a-75bc-4a25-83d9-b6d892043405,3311833414,",General Surgery,",Midwest,2025-03-31 06:47:40.387589+00
0c1b526e-cc6f-4319-b272-e81be2904554,6012217942,",Psychiatry,",Northwest,2025-03-31 06:47:40.385984+00
0c1f3b43-41ce-4f3c-9234-ed0b9943bd45,4675580752,",Cardiology,",West,2025-03-31 06:47:40.390473+00
0c26e561-e131-4a5b-85a6-2c097cd418c7,2240989664,",Anesthesiology,",South,2025-03-31 06:47:40.39623+00
0c2e54b9-725e-4ba3-9aa3-da37cc5bc129,2682029245,",Internal Medicine,",Midwest,2025-03-31 06:47:40.379418+00
0c3448b6-0abd-4600-b46e-93c530e2d658,1618363554,",Orthopedic Surgery,",South,2025-03-31 06:47:40.39071+00
0c37aef3-5d20-4b00-bbbc-2bd9c424ff24,4524655168,",General Surgery,",South,2025-03-31 06:47:40.387692+00
0c3890d4-8f22-4fd7-a85d-e132661a34cf,6433125941,",Psychiatry,",Northeast,2025-03-31 06:47:40.385346+00
0c3b318c-a40b-45b1-985b-4db8b546bf77,3747283564,",Pulmonology,",Northwest,2025-03-31 06:47:40.40196+00
0c4399f4-cc75-4fd2-947d-de9da370861b,1532103885,",Obstetrics & Gynecology,",Midwest,2025-03-31 06:47:40.383558+00
0c439e2c-8425-4506-b526-e0e4d55f7942,1944324717,",Obstetrics & Gynecology,",Northeast,2025-03-31 06:47:40.381888+00
0c4b61a1-fd91-4fdd-82c5-4f880c8de06f,4023338969,",Cardiology,",Northwest,2025-03-31 06:47:40.389483+00
0c4e9a54-1a89-4d85-9695-0d7b79c5d963,4921929533,",Psychiatry,",South,2025-03-31 06:47:40.385816+00
0c580c48-4411-412c-aead-ec69da0ec0db,4880288498,",Nephrology,",Northeast,2025-03-31 06:47:40.402226+00
0c636c7b-1b84-4bec-8e8e-65d2a5db24cb,6813716777,",Cardiology,",Midwest,2025-03-31 06:47:40.390068+00
0c692183-b53e-4894-9a4d-63ce34bf3f46,2845875398,",Radiology,",Northwest,2025-03-31 06:47:40.394788+00
0c6ab2d7-8a22-406c-a062-d58f1f5bba25,8868928937,",Obstetrics & Gynecology,",Northwest,2025-03-31 06:47:40.382715+00
0c7844e7-0fc8-4800-9b61-43e294088a81,9094762646,",Psychiatry,",South,2025-03-31 06:47:40.385499+00
0c796f51-2f48-4fbb-86f5-84b5ba22efc6,8522001533,",Gastroenterology,",Northwest,2025-03-31 06:47:40.399759+00
0c831542-b331-4de2-9d54-f33db56c5344,7172412315,",Psychiatry,",Northeast,2025-03-31 06:47:40.385044+00
0c9070ab-b5a9-4aca-8c5c-4f6038bee2a4,5371171235,",Internal Medicine,",Northwest,2025-03-31 06:47:40.378039+00
0c92c8dc-5ecb-4fbb-a4d3-ebcf546cf039,5324624259,",Internal Medicine,",West,2025-03-31 06:47:40.381519+00
0c9af8dd-fb32-470b-9117-26a366ed2405,1234212199,",General Surgery,",Northwest,2025-03-31 06:47:40.386709+00
0ca0fc06-4a99-4ff4-aeab-3f1c6123c4f9,6635226028,",Nephrology,",Midwest,2025-03-31 06:47:40.402498+00
0ca9cf9e-9caa-44ce-9a97-a850409037ee,8870097090,",Anesthesiology,",South,2025-03-31 06:47:40.397717+00
0caeee0c-3261-4fdd-a813-1d972d3f033a,8430953655,",Internal Medicine,",West,2025-03-31 06:47:40.376132+00
0cafb6b8-ad82-4afc-b613-111ac1c860d5,5742431720,",Internal Medicine,",Northwest,2025-03-31 06:47:40.379497+00
0cb75762-cff4-4c30-aba3-af13b10803b2,7467879347,",Orthopedic Surgery,",Northwest,2025-03-31 06:47:40.392595+00
0cb7f8e1-eff1-4c20-8730-a3b93850c0ca,8354400091,",Nephrology,",Northwest,2025-03-31 06:47:40.402504+00
0cbc8baf-ceb0-42e7-b6bf-caa8cdfbe1a3,4181592077,",Internal Medicine,",West,2025-03-31 06:47:40.379252+00
0cc74ab4-7391-4094-86ca-81b56b080e75,4606859368,",General Surgery,",West,2025-03-31 06:47:40.387811+00
0cc7d292-172a-4053-8eab-140e851271c8,6376569390,",Radiology,",Midwest,2025-03-31 06:47:40.395582+00
0ccb028b-9af9-49fc-b5a5-525d72b39b1f,8956249796,",Oncology,",South,2025-03-31 06:47:40.402776+00
0ccf3922-b099-4801-8553-5774a8c298f5,8155335116,",Orthopedic Surgery,",West,2025-03-31 06:47:40.391013+00
0ccfe3b2-6189-457b-9fd5-ddcf6e699625,3976987174,",Oncology,",South,2025-03-31 06:47:40.402866+00
0cd58cd6-d433-4dbd-a392-7d2b88e75536,1068273991,",General Surgery,",South,2025-03-31 06:47:40.386108+00
0cd87ebe-a19a-4470-ae3d-5be42257ee5e,2691106757,",Cardiology,",Northwest,2025-03-31 06:47:40.38975+00
0cdb7efb-eb8e-4d36-bbb4-bcc02f31c7c9,3854045714,",General Surgery,",Northwest,2025-03-31 06:47:40.387327+00
0cdf9ceb-4be9-4d47-ac17-ba282c88a58c,1978953151,",Orthopedic Surgery,",Northwest,2025-03-31 06:47:40.391151+00
0ce2d3a1-6ba8-478b-8dca-34b3adfc87cd,6441919715,",Psychiatry,",South,2025-03-31 06:47:40.385455+00
0ce70bcf-6a5d-424d-93b6-e6c91f03d766,1764413809,",Radiology,",West,2025-03-31 06:47:40.395456+00
0d027769-74af-4066-9c89-877491b2868a,5238596056,",Orthopedic Surgery,",Midwest,2025-03-31 06:47:40.391883+00
0d04681c-44fe-4621-a3e9-ffde3daad140,3562058209,",Dermatology,",Northeast,2025-03-31 06:47:40.393079+00
0d128caf-41c3-4326-b0f2-e95b73ae2ec6,8140779790,",Obstetrics & Gynecology,",South,2025-03-31 06:47:40.382984+00
0d19aaae-5581-4e38-9e5d-9d58003397a6,7276995201,",Dermatology,",South,2025-03-31 06:47:40.393672+00
0d21bd77-b0a6-4cdd-96dd-7ec2b8e8f234,6947957980,",Psychiatry,",South,2025-03-31 06:47:40.385112+00
0d259bf8-7c15-4d4d-8987-9d467157d57b,1067604757,",Psychiatry,",Midwest,2025-03-31 06:47:40.385912+00
0d36e3db-781e-48b8-ae09-74e979aaba9e,3749735005,",General Surgery,",Northeast,2025-03-31 06:47:40.386478+00
0d406a12-5469-4f80-b070-214b83cd1f00,2091807434,",Dermatology,",West,2025-03-31 06:47:40.393734+00
0d461eb1-98e5-4f19-a49c-ba3dacf14875,4210982359,",Anesthesiology,",South,2025-03-31 06:47:40.396814+00
0d463ab8-aa6c-4609-8fce-6562f86ae951,7018691969,",Internal Medicine,",Northeast,2025-03-31 06:47:40.377417+00
0d6e1a5f-d89c-4ba4-b9f9-c86ab5013323,8966988016,",Urology,",South,2025-03-31 06:47:40.400937+00
0d707eca-3b12-4a80-987d-896910a21e98,3576369956,",Obstetrics & Gynecology,",Midwest,2025-03-31 06:47:40.383851+00
0d9d8bcb-4f98-4b9f-ba3a-824a3dc95b02,7542825949,",Gastroenterology,",Midwest,2025-03-31 06:47:40.399439+00
0da25319-1acb-4cbc-91a6-fbff41c8ea34,7423991868,",Anesthesiology,",Northwest,2025-03-31 06:47:40.397031+00
0da2e92a-268c-478c-9d7f-b52199e20dbd,4221785662,",General Surgery,",Northwest,2025-03-31 06:47:40.387657+00
0da72183-fdb3-41b1-9d3e-08ce7ff7d438,4739562280,",Radiology,",Midwest,2025-03-31 06:47:40.394949+00
0da9e804-6f8c-4894-80e4-2fcbafc073ee,5221765735,",Orthopedic Surgery,",Northeast,2025-03-31 06:47:40.392399+00
0dc25c14-29eb-4082-bb2b-9a0392f793e2,6697122906,",Dermatology,",West,2025-03-31 06:47:40.393933+00
0dd072c3-b507-4276-a58d-827100016d6b,8933817352,",Radiology,",West,2025-03-31 06:47:40.394291+00
0dd104bd-c615-41f3-9197-96a4d0641c2f,1950074184,",Radiology,",Northeast,2025-03-31 06:47:40.395036+00
0ddb3030-e77d-4d34-bc05-bf8584ee35de,1861624773,",Dermatology,",Northwest,2025-03-31 06:47:40.393621+00
0de2d38b-0861-4526-8fd8-ea80475839af,6593496559,",Neurology,",Northwest,2025-03-31 06:47:40.398283+00
0def3e9e-d943-403d-b762-4f207aeca3ee,6068543813,",Internal Medicine,",West,2025-03-31 06:47:40.378494+00
0dfcd41f-697d-4bae-b754-6b7d1b3b10d8,8486951364,",Internal Medicine,",South,2025-03-31 06:47:40.380996+00
0e18e559-0ecd-43cf-8be7-cc6f59162432,4003848265,",Internal Medicine,",South,2025-03-31 06:47:40.379716+00
0e212de5-d12e-4a6d-9632-4b4f30d2d701,1851471430,",Neurology,",Northwest,2025-03-31 06:47:40.398116+00
0e242c93-f769-43c3-a38a-d695d03946af,1611646127,",Pulmonology,",Northwest,2025-03-31 06:47:40.40149+00
0e26efac-7b13-48ed-9d7c-b3be7cd55677,9316306712,",Dermatology,",Midwest,2025-03-31 06:47:40.404456+00
0e27d9d4-9f45-4ba2-b202-5a963b4158c4,6177947259,",Neurology,",West,2025-03-31 06:47:40.39862+00
0e2f17e2-d107-4355-970f-0e8eb396b208,7993772958,",Internal Medicine,",Northwest,2025-03-31 06:47:40.380713+00
0e30271c-3885-48e5-b76b-2a2604aa122b,6018804737,",Cardiology,",Northwest,2025-03-31 06:47:40.390362+00
0e34e406-ba2a-4c8d-8c8f-4e8bcb6660c4,3690179068,",Psychiatry,",Northwest,2025-03-31 06:47:40.385824+00
0e4ab69e-d1ca-4b20-8b24-74b12df08a91,7284807437,",Cardiology,",West,2025-03-31 06:47:40.38887+00
0e4ffb7f-0ebd-4ce1-8460-c15263488322,9978136761,",Cardiology,",South,2025-03-31 06:47:40.390655+00
0e5f4102-c4ae-4569-ac21-89d40053c8a7,4219957041,",Internal Medicine,",West,2025-03-31 06:47:40.376539+00
0e5f6303-7cca-4b41-9d02-7eadc685cca0,9469919108,",Nephrology,",West,2025-03-31 06:47:40.402436+00
0e62de2d-ed38-408e-8144-c2d393808d71,3119185275,",Internal Medicine,",Midwest,2025-03-31 06:47:40.3774+00
0e66beff-7415-4c36-94b7-7e6f6c2b34a0,7444898579,",Psychiatry,",Midwest,2025-03-31 06:47:40.385059+00
0e6c3c82-ffd1-4d72-808f-2812beb71b2a,7830239139,",Cardiology,",Northwest,2025-03-31 06:47:40.388887+00
0e782a5b-714f-4320-a4b6-8f2ec1bf133b,6445877744,",Anesthesiology,",Northwest,2025-03-31 06:47:40.396502+00
0e89f618-184b-4a51-8a1a-794c9a1402ee,8182915571,",Urology,",West,2025-03-31 06:47:40.400379+00
0ea70279-55b5-4134-a2b7-930ca5d6fc3d,1512218966,",Internal Medicine,",South,2025-03-31 06:47:40.38084+00
0eb2b13d-ecf3-4b77-8e59-c9bd3ac18851,1446989943,",Internal Medicine,",Midwest,2025-03-31 06:47:40.378807+00
0ebaa4d7-10fc-43d5-9b4b-92aa506a5f5a,4271318905,",Internal Medicine,",Northeast,2025-03-31 06:47:40.381085+00
0eccfe75-2f51-46f5-986c-a912c4723fa1,9980859900,",Anesthesiology,",Northwest,2025-03-31 06:47:40.397124+00
0ed31dc4-fd48-4699-9a63-4691de07d30e,3262966709,",Cardiology,",Northeast,2025-03-31 06:47:40.390573+00
0ee52084-bef6-4d40-8935-5dc86716b89f,9587030322,",Internal Medicine,",Midwest,2025-03-31 06:47:40.379607+00
0ee78c91-5d15-4738-a8f8-1ff5285a6653,3257496360,",Orthopedic Surgery,",Midwest,2025-03-31 06:47:40.392381+00
0ee8e104-44bb-4e50-9185-760248676b3f,8856611101,",Cardiology,",South,2025-03-31 06:47:40.389727+00
0ef04840-b533-4ba0-899a-fcbe9591ad22,3998046220,",Urology,",West,2025-03-31 06:47:40.400614+00
0f0db08d-5373-4152-a3ed-6eb7b055935e,7831560606,",Internal Medicine,",Midwest,2025-03-31 06:47:40.377078+00
0f0e2fc3-a655-4876-995c-254d4012bc57,1101666163,",Neurology,",Midwest,2025-03-31 06:47:40.398427+00
0f129fc4-1278-42ce-80b6-8347e1cf28ca,8153703920,",Psychiatry,",Midwest,2025-03-31 06:47:40.38549+00
0f12a843-903c-46fe-9139-c79892cf70b0,2438556542,",General Surgery,",Midwest,2025-03-31 06:47:40.388288+00
0f166f2e-afea-4eb1-a63b-88ed2c5079f8,4107593871,",Orthopedic Surgery,",Northeast,2025-03-31 06:47:40.390882+00
0f1a0f80-8f11-4a32-bdfa-69c47e45a888,2967947250,",Dermatology,",Northwest,2025-03-31 06:47:40.393885+00
0f1a823e-b938-40b0-b02a-ff7ea41abae2,7623149971,",Neurology,",Northeast,2025-03-31 06:47:40.397999+00
0f1bcb55-cc18-4667-9077-baffae84e081,5479870409,",Anesthesiology,",Northwest,2025-03-31 06:47:40.396953+00
0f272cf2-a942-4082-b282-8d5075deaf92,5083225181,",Oncology,",Northwest,2025-03-31 06:47:40.403018+00
0f2a7f74-2847-42e8-8bf0-1a4be945f65a,4625639863,",Anesthesiology,",Northeast,2025-03-31 06:47:40.397282+00
0f2d0dbc-f309-4c4d-ad28-85ca68bb2e48,7378181006,",Dermatology,",South,2025-03-31 06:47:40.393888+00
0f3378f5-da1f-4c2f-b1c6-31d26c95b39a,2053940115,",Cardiology,",Northeast,2025-03-31 06:47:40.389248+00
0f37499c-eb2f-4207-9972-8e93c725cf5e,9146619095,",Internal Medicine,",South,2025-03-31 06:47:40.403617+00
0f38c4f5-13a5-4ac2-a783-4a2c1ccfd9d5,9718759721,",Internal Medicine,",South,2025-03-31 06:47:40.381321+00
0f4033d4-9ddc-483f-bb0b-87ac3f3f045d,6117180519,",Oncology,",Midwest,2025-03-31 06:47:40.402537+00
0f4b678b-db37-4694-a7ce-476aad7d141b,3074165225,",Internal Medicine,",West,2025-03-31 06:47:40.377544+00
0f5eed07-d1e9-41d7-8c7c-b6aecc719ac5,7665582097,",Psychiatry,",West,2025-03-31 06:47:40.384328+00
0f67a8f9-4f2e-4f63-8576-7e381caad199,3561565685,",Dermatology,",West,2025-03-31 06:47:40.392923+00
0f7036f3-0c05-4c5d-ad1d-85d02ca30951,2971955543,",Radiology,",Northwest,2025-03-31 06:47:40.395143+00
0f7748f7-10e1-4e5a-a7d7-1ec1e3386fd6,4872505234,",Obstetrics & Gynecology,",Midwest,2025-03-31 06:47:40.382735+00
0f784992-d84c-481e-9af3-ee22c320f4fb,9203341744,",Internal Medicine,",Northwest,2025-03-31 06:47:40.376274+00
0f82f4e4-ab0a-4848-bb93-3df8f1c00293,3112328205,",Anesthesiology,",South,2025-03-31 06:47:40.396191+00
0f888c36-f302-4c8d-9aa3-54ed14c802f1,7212511783,",Psychiatry,",Midwest,2025-03-31 06:47:40.385417+00
0f8b03b4-58fc-42ab-9165-36c048146167,1884722336,",Obstetrics & Gynecology,",Northeast,2025-03-31 06:47:40.382032+00
0f8b31da-f191-47ca-862b-b90f83b2aeaa,4866927373,",Dermatology,",West,2025-03-31 06:47:40.392777+00
0f8c26d7-6746-4454-9758-92eacdbc0fdd,9692384914,",Internal Medicine,",Midwest,2025-03-31 06:47:40.378584+00
0fada17b-7218-4ad0-8056-a8ebd0d17052,2318766528,",Anesthesiology,",Midwest,2025-03-31 06:47:40.396017+00
0fae55ea-db47-4025-8b9a-b59df69f24d8,8338112814,",Internal Medicine,",South,2025-03-31 06:47:40.376196+00
0fb34d3b-3e6d-4dbd-8582-5bca32939dc9,3334156174,",Internal Medicine,",West,2025-03-31 06:47:40.376926+00
0fb80273-1f62-4d7f-b0da-d4d04e8d4585,8992688065,",Obstetrics & Gynecology,",Northwest,2025-03-31 06:47:40.382675+00
0fb9ed6b-b502-401f-9e6e-66d5a0eac5e9,6922359022,",Gastroenterology,",Northeast,2025-03-31 06:47:40.40009+00
0fc89c3c-c6a2-4800-b275-148e67a7cbd7,2540453562,",Internal Medicine,",South,2025-03-31 06:47:40.378977+00
0fcf2339-f23f-4d87-9a19-f7a6a729f249,3980778392,",Dermatology,",West,2025-03-31 06:47:40.39337+00
0fd71400-a539-4b89-8fbf-2407bb86980c,2328860416,",Dermatology,",Midwest,2025-03-31 06:47:40.393607+00
0fdb4ba2-f15c-4511-bf32-163cd3b6667d,6859255646,",Psychiatry,",Midwest,2025-03-31 06:47:40.404737+00
0fde6da5-275d-4a1b-b991-bbac06fe5b56,6009612321,",Internal Medicine,",Midwest,2025-03-31 06:47:40.376825+00
0ff1586e-851e-420f-a539-da7c332a9936,4261041714,",Cardiology,",Northeast,2025-03-31 06:47:40.388933+00
0ff17eca-7b13-41ab-bf8e-bf22d761dbae,9834573291,",Internal Medicine,",South,2025-03-31 06:47:40.381318+00
0fff1fe3-6c4d-465e-abf0-9c4107596853,8474112484,",Obstetrics & Gynecology,",Northwest,2025-03-31 06:47:40.381606+00
100f62f8-794b-4510-b37c-5457d34c8be8,7336166159,",Radiology,",Northeast,2025-03-31 06:47:40.394585+00
1012196e-3802-42f3-80e5-f27c16afd94f,7790644835,",Gastroenterology,",South,2025-03-31 06:47:40.399637+00
101d5fe9-566c-4789-a738-5ae54626f050,2848816148,",Pulmonology,",Midwest,2025-03-31 06:47:40.401144+00
1020a591-2dff-4ceb-be8d-025c22964299,6668356021,",General Surgery,",West,2025-03-31 06:47:40.387435+00
1035aa6f-6bd2-427d-ac6f-200af8716acd,9080321586,",General Surgery,",Northwest,2025-03-31 06:47:40.388196+00
103f6f3d-134e-49af-bb79-d8cfbcfbac2a,9196686397,",Internal Medicine,",Northeast,2025-03-31 06:47:40.380043+00
10401cf9-423c-414f-a139-2d49236f0306,2893944031,",Urology,",South,2025-03-31 06:47:40.400396+00
1040f20f-73eb-4f16-900a-1dbf9c4e49c3,9996859998,",General Surgery,",South,2025-03-31 06:47:40.387403+00
10446de4-4a48-4a5a-8425-4864e5d8f41d,1328116171,",Neurology,",Northeast,2025-03-31 06:47:40.398025+00
10471cea-915c-41ec-aee2-8eeb0c0bd947,9675693783,",Obstetrics & Gynecology,",Northeast,2025-03-31 06:47:40.383399+00
1052c9d0-9488-465d-9782-d94323c40117,6685698338,",Radiology,",Northwest,2025-03-31 06:47:40.395665+00
1061dcc6-dcbd-416c-95e4-349820f12f30,2072226456,",Internal Medicine,",Midwest,2025-03-31 06:47:40.380527+00
106236a4-ea8f-4669-aa69-d05563ca1363,7101105835,",Cardiology,",Northeast,2025-03-31 06:47:40.390265+00
106f380c-d997-41e9-a97a-22b01f656a95,9881351890,",Neurology,",Midwest,2025-03-31 06:47:40.398334+00
10817984-8d84-45e4-9c6e-68e2bc52ddd5,9479440022,",General Surgery,",South,2025-03-31 06:47:40.387914+00
10864062-e23e-4730-a632-d1942c1771f4,2200052256,",Radiology,",Midwest,2025-03-31 06:47:40.395912+00
108dd95a-eea4-4dc0-925c-b804c4b4b83f,7458989480,",Cardiology,",South,2025-03-31 06:47:40.389686+00
10975613-61a7-40aa-b3c3-8ce61145206f,5280312345,",Anesthesiology,",Northwest,2025-03-31 06:47:40.39761+00
109d2435-15d0-4a42-8636-6140516ae994,6929978222,",Cardiology,",West,2025-03-31 06:47:40.390462+00
10ad6d2b-e97a-4508-9e10-bd5393b4edc7,7998034924,",Urology,",South,2025-03-31 06:47:40.400754+00
10b13ee5-a2ba-449e-9c2d-f84422788429,3875269437,",Gastroenterology,",South,2025-03-31 06:47:40.399756+00
10b2527f-c2f7-4cb4-a8d7-7011fddeeea6,6395338338,",General Surgery,",West,2025-03-31 06:47:40.387868+00
10b2d3d7-b949-4fb6-b93b-06bc0cc51001,2945637320,",Dermatology,",Northeast,2025-03-31 06:47:40.392681+00
10b56237-f569-4e72-b6db-dcd095529c86,6965403603,",Internal Medicine,",South,2025-03-31 06:47:40.376076+00
10b5f018-376c-40a8-9c79-607d6be81f31,9228597317,",Obstetrics & Gynecology,",South,2025-03-31 06:47:40.383655+00
10bbe75d-bfd0-4ee9-b994-4f93c773e818,2814993914,",General Surgery,",West,2025-03-31 06:47:40.386682+00
10bc7a7b-c6d7-43be-9bd4-e7ad93b9e04d,2038211806,",Internal Medicine,",South,2025-03-31 06:47:40.377871+00
10c19e52-b2eb-42f8-8632-bc7422d949f9,1470909871,",Psychiatry,",West,2025-03-31 06:47:40.385429+00
10cd82f3-697c-4611-8767-2ae8015c2f89,4787154422,",Dermatology,",South,2025-03-31 06:47:40.393863+00
10dc83ea-ca04-4c58-9056-a8bbb131cde2,9422178569,",Internal Medicine,",Midwest,2025-03-31 06:47:40.376447+00
10dd8e1a-179a-4d28-8824-eba15df1c820,8607803914,",Radiology,",Northeast,2025-03-31 06:47:40.394741+00
10e2bf50-b7e5-4ff3-b8c7-ed8709fbed24,1505559852,",Oncology,",Midwest,2025-03-31 06:47:40.403028+00
10eb111f-1d95-456c-8d1b-0c35fcc259aa,8652440607,",Neurology,",Northeast,2025-03-31 06:47:40.397887+00
10fa2b2c-f045-4b68-8f25-fca4699367b6,5384859239,",Obstetrics & Gynecology,",Midwest,2025-03-31 06:47:40.383149+00
10fb46c4-634d-4558-9be9-454f44e049fc,2340863328,",Internal Medicine,",Midwest,2025-03-31 06:47:40.381073+00
10fd2dc0-aa78-4c8a-8c2a-1ed9f2cb5745,6444948840,",Radiology,",South,2025-03-31 06:47:40.394732+00
10ff82a7-4e86-4bd6-84a5-161c33e1b10a,1298073197,",Obstetrics & Gynecology,",Northeast,2025-03-31 06:47:40.404185+00
110719c7-01dd-4ba5-b00d-c01a18315c8b,4845332433,",Obstetrics & Gynecology,",Northwest,2025-03-31 06:47:40.403183+00
1107eacf-9935-4f6f-a68c-2605da9ea79e,1519113933,",Obstetrics & Gynecology,",West,2025-03-31 06:47:40.382319+00
1115effd-235f-48a7-8dbf-258643e5a2eb,8274973569,",Internal Medicine,",Midwest,2025-03-31 06:47:40.403655+00
1117b27e-0e68-4fd9-ad53-8a558b56ae7a,5851074143,",Orthopedic Surgery,",West,2025-03-31 06:47:40.392561+00
1118bfc6-9862-4030-be6a-d3aae755a3ad,7188953995,",Pulmonology,",West,2025-03-31 06:47:40.401479+00
11315aee-1293-471b-b166-350e39ebdf22,3831371336,",Cardiology,",Northwest,2025-03-31 06:47:40.388849+00
113921e2-ee6b-40a1-8d32-6bfbc19a7906,7201130113,",Psychiatry,",West,2025-03-31 06:47:40.385375+00
113fbe21-2ee7-4c5f-8dda-f23f59d67ef8,2265247405,",Gastroenterology,",Midwest,2025-03-31 06:47:40.399362+00
114088ea-aaf9-47cc-8bc2-fb2a7c071f36,7195875869,",Neurology,",South,2025-03-31 06:47:40.398814+00
1143697b-2221-4c12-8d6d-6422693935a1,1827962737,",Radiology,",Northeast,2025-03-31 06:47:40.395028+00
11475d88-2967-4d80-89f1-be17a128308b,1973156457,",Dermatology,",West,2025-03-31 06:47:40.393918+00
114b6ca4-df50-4193-a4aa-4273d31030af,7263916147,",Psychiatry,",Midwest,2025-03-31 06:47:40.385027+00
114ef542-fd65-43a9-9cc5-55ca92c37fc0,5138760370,",Cardiology,",Northeast,2025-03-31 06:47:40.389325+00
1154832b-85e6-48ce-8e78-533b32279e15,2622773830,",Dermatology,",South,2025-03-31 06:47:40.392932+00
115692ef-65a2-44cb-b8e7-09c96281a409,5813816274,",General Surgery,",Northwest,2025-03-31 06:47:40.38706+00
115bf0f5-1d50-470a-b430-333659ee4471,6599428400,",General Surgery,",Midwest,2025-03-31 06:47:40.387003+00
1161da96-afbf-44dc-841e-34ef3d2b76f0,5677990990,",Cardiology,",South,2025-03-31 06:47:40.388376+00
11712ed3-2db2-4df4-8966-49dc2a49f087,4797369215,",Dermatology,",Northwest,2025-03-31 06:47:40.39384+00
117ca631-bae3-408c-b231-d3a99c54133c,5959440463,",General Surgery,",Northeast,2025-03-31 06:47:40.386467+00
117e6f75-fd00-4f74-92fd-bc52c0a78397,4505224755,",Internal Medicine,",South,2025-03-31 06:47:40.378783+00
1187221f-f279-4ce6-a842-8e49703329b3,9253786068,",Gastroenterology,",Northwest,2025-03-31 06:47:40.399986+00
11890add-e36f-4f4a-8582-019a2ae464c6,2915101294,",Obstetrics & Gynecology,",South,2025-03-31 06:47:40.382459+00
118f89f1-72f7-433e-849d-63c1bbc46eac,5635411318,",Obstetrics & Gynecology,",South,2025-03-31 06:47:40.382635+00
11965cc9-f348-4f4b-8792-4a92b5f6420b,4571882945,",Gastroenterology,",West,2025-03-31 06:47:40.399634+00
11977fd9-78a9-4c9f-b9bf-d992740a8201,2388170573,",General Surgery,",Northwest,2025-03-31 06:47:40.386216+00
11a07a0d-bc32-471f-8481-1789b134864b,5012167833,",Obstetrics & Gynecology,",South,2025-03-31 06:47:40.382672+00
11a7ba20-46cc-4bbc-9e09-2770e60c8719,3787255976,",Radiology,",West,2025-03-31 06:47:40.394996+00
11ad9576-39c3-4ec5-9bec-85d153c2132e,6100646964,",Gastroenterology,",Northwest,2025-03-31 06:47:40.400211+00
11ada395-9347-47f6-96d7-5be8f9897e36,4994713549,",General Surgery,",Midwest,2025-03-31 06:47:40.387747+00
11af759f-556b-46b6-a22f-ff260688c2d3,9191332129,",Cardiology,",South,2025-03-31 06:47:40.389122+00
11af9c27-876b-4fc3-84a9-776df144a08d,4906904381,",Obstetrics & Gynecology,",Midwest,2025-03-31 06:47:40.382854+00
11b013fc-9b47-46cf-b5b4-e056d91d33e0,8723540312,",Radiology,",Northeast,2025-03-31 06:47:40.395453+00
11bb4462-2c5c-43d5-bba9-26c582fa3096,3385098306,",Dermatology,",Northwest,2025-03-31 06:47:40.39345+00
11bdf572-42c7-4084-9255-b06f4b0eaaad,3945656815,",Anesthesiology,",Northwest,2025-03-31 06:47:40.397459+00
11dd0df8-026d-47e2-be92-87fd0ea3e4ad,1671613869,",General Surgery,",Northwest,2025-03-31 06:47:40.403401+00
11e98bbd-3494-4f69-8a9d-253bf3b13c11,1169345056,",Radiology,",Northeast,2025-03-31 06:47:40.394695+00
11ea93b1-db89-4f19-aebe-0f6675f2dd5d,7558339027,",Pulmonology,",West,2025-03-31 06:47:40.401969+00
11fcb2e2-cf5c-4a0d-af7d-ab11b1a15809,8908538450,",Cardiology,",South,2025-03-31 06:47:40.40396+00
120754a6-c6eb-460e-99b3-fa21682ffc18,4098961063,",Dermatology,",West,2025-03-31 06:47:40.392664+00
120ce50c-cdb9-418a-8119-cbd726e9ed2f,9203194369,",Psychiatry,",South,2025-03-31 06:47:40.383915+00
1228086f-77e2-4bf8-95b4-fbd3e57f5a70,3007219386,",Obstetrics & Gynecology,",West,2025-03-31 06:47:40.382423+00
1231b049-32a0-41af-ad46-bf8f0824d935,8453792024,",Gastroenterology,",Northwest,2025-03-31 06:47:40.399889+00
12337f42-b150-405c-ab2a-ea42b2da3d9c,7822053923,",Anesthesiology,",Northwest,2025-03-31 06:47:40.396364+00
12366a9d-d1ce-4dd8-8fe1-b2fd4b45597c,7721502459,",Internal Medicine,",West,2025-03-31 06:47:40.404404+00
12476664-fe8a-42fd-ad4c-c7f8dfa4e541,7389162989,",Orthopedic Surgery,",South,2025-03-31 06:47:40.391511+00
12525cc5-5a29-4245-bcd7-e7f37f15d1e5,1582646853,",Internal Medicine,",West,2025-03-31 06:47:40.381557+00
125685c2-76a6-458c-a71a-f9b6de8e23a2,3166485677,",Obstetrics & Gynecology,",South,2025-03-31 06:47:40.383288+00
1262fcfe-5a20-4e28-9483-0d21e2b170ec,7188039199,",Dermatology,",West,2025-03-31 06:47:40.393473+00
12736be7-73c8-407a-ad52-ea8cf093ac4a,3523448251,",Gastroenterology,",South,2025-03-31 06:47:40.399302+00
127a09f1-8e52-4b60-ac97-48f42329701e,2879833753,",Psychiatry,",West,2025-03-31 06:47:40.385024+00
1280a531-d923-444c-9fb2-c394dc5687f1,9748648904,",Radiology,",West,2025-03-31 06:47:40.395814+00
129117f4-f00c-41d6-8fd5-adfea7737bb4,4642012013,",Obstetrics & Gynecology,",Northwest,2025-03-31 06:47:40.381642+00
1291de70-cedf-4707-ba4e-967ba0181e7f,9803023919,",Oncology,",South,2025-03-31 06:47:40.402687+00
1292f12d-2489-4bc8-be7d-7cea38e04893,6575153981,",Neurology,",West,2025-03-31 06:47:40.397766+00
1299d351-8a61-46c3-971f-4bf432db1ca3,7450913292,",Dermatology,",Northeast,2025-03-31 06:47:40.404511+00
129ddf3c-4109-43c4-aa8b-131d507737ba,2734630793,",Nephrology,",Midwest,2025-03-31 06:47:40.402+00
12ab57a0-b35c-4ef7-9137-1495f281c5e0,8942331330,",Gastroenterology,",West,2025-03-31 06:47:40.399509+00
12b4cfce-a2c3-4346-9e28-645e18b12c36,2513133297,",Cardiology,",South,2025-03-31 06:47:40.389934+00
12b8f516-68d2-40c7-89cf-3fb57d8c6c0e,3535314718,",Cardiology,",Midwest,2025-03-31 06:47:40.38845+00
12be44f1-7a87-4ced-8f64-eb58238645dc,6917833404,",Anesthesiology,",Northeast,2025-03-31 06:47:40.397358+00
12c0702e-7a41-4b84-931c-4a60502f435a,8567959241,",Orthopedic Surgery,",Northwest,2025-03-31 06:47:40.404152+00
12c31d92-3bbb-4f85-9515-777812c484f9,9292058364,",Nephrology,",Northwest,2025-03-31 06:47:40.402172+00
12c637e9-cd93-4d65-a198-04571b4bcc60,8162405893,",Anesthesiology,",West,2025-03-31 06:47:40.397435+00
12c65500-65d7-4b5f-846f-349d9a2a0a66,7459066444,",Psychiatry,",Midwest,2025-03-31 06:47:40.384108+00
12c76892-7e65-4c69-ad6b-184eb8e76b0a,7921335110,",Internal Medicine,",Northwest,2025-03-31 06:47:40.378248+00
12d783c2-4141-461d-a17e-b1a5a261446b,8266116351,",Gastroenterology,",West,2025-03-31 06:47:40.399262+00
12de67bc-4367-457a-b64a-cfc428176b61,3013470187,",Cardiology,",West,2025-03-31 06:47:40.390593+00
12f05229-8e47-4494-9948-dcc26081edff,7756520604,",Oncology,",South,2025-03-31 06:47:40.402805+00
12f87d41-2a17-4bf0-8b06-cc0701d6b653,8416961736,",Internal Medicine,",Northwest,2025-03-31 06:47:40.37985+00
1305657d-9426-48ba-81f8-a3bd83a81799,3546553387,",General Surgery,",Northwest,2025-03-31 06:47:40.387361+00
1308d95a-03ee-46f8-ac2e-adb7ac0eafd9,2325048171,",Anesthesiology,",Northwest,2025-03-31 06:47:40.397279+00
130cc82e-8bf2-462e-af85-6e0fa006df7d,5862699485,",Orthopedic Surgery,",West,2025-03-31 06:47:40.391277+00
131354e7-9787-41a4-9300-7ea4535defab,2099593566,",Cardiology,",Midwest,2025-03-31 06:47:40.388863+00
131459f9-6278-4671-955a-8ea44f22b554,9537249957,",General Surgery,",Northwest,2025-03-31 06:47:40.387194+00
131b37a4-93c7-4558-8c85-cc8152e11b4e,9018373868,",Urology,",Midwest,2025-03-31 06:47:40.400402+00
132277ed-fdc5-4952-a1d5-8d01ec7b77f0,3188821644,",Orthopedic Surgery,",Midwest,2025-03-31 06:47:40.391388+00
132a4d68-f488-47b4-bef0-9a60c896bfa4,8453557375,",Internal Medicine,",West,2025-03-31 06:47:40.376126+00
133f5cb1-4963-4a0f-82f3-a6afc48bcc22,4180309813,",Internal Medicine,",Midwest,2025-03-31 06:47:40.379108+00
13536284-91e8-4c1f-9425-5adc9c1382bb,3749681106,",Cardiology,",Northeast,2025-03-31 06:47:40.38941+00
135e0a88-4f0a-4e55-8f13-da2e1b9f5ac4,1466209067,",Urology,",West,2025-03-31 06:47:40.400716+00
135ea3c4-a80b-408c-84bd-40c70fb9131c,3573645319,",Anesthesiology,",South,2025-03-31 06:47:40.397093+00
136059de-be5a-4815-ba63-ad90e15ef515,5738967614,",General Surgery,",Northeast,2025-03-31 06:47:40.386393+00
1363818c-42fe-4350-ab88-a73eef60d29a,2721655789,",Obstetrics & Gynecology,",West,2025-03-31 06:47:40.381659+00
13644787-f758-464f-981d-0b6a83bf857a,3253479590,",Radiology,",Midwest,2025-03-31 06:47:40.395591+00
1366be6e-de61-4984-b590-3b804eeff0b6,8609673166,",Cardiology,",Midwest,2025-03-31 06:47:40.390601+00
136f82e0-3526-4b56-a045-a3a1303db875,4890291521,",Radiology,",Midwest,2025-03-31 06:47:40.395429+00
1373a8a1-ed8c-4a6f-9baf-5d0cd9b6cdf7,6366500003,",Internal Medicine,",Northwest,2025-03-31 06:47:40.379238+00
1378ad4b-696f-4355-82f0-9068039e55b8,8280054823,",Dermatology,",West,2025-03-31 06:47:40.394196+00
137fdf09-5fb7-4533-b79c-7c87d16d312c,7236389819,",Cardiology,",Northeast,2025-03-31 06:47:40.404115+00
13812c84-d373-41b7-88b0-a29a983df95b,3452142348,",Obstetrics & Gynecology,",South,2025-03-31 06:47:40.38337+00
13814570-ed46-4a42-a231-f3a43c573979,7752431008,",Dermatology,",Midwest,2025-03-31 06:47:40.394174+00
1383af0f-33dc-40c0-87b1-1e544556de30,5364351115,",Orthopedic Surgery,",Northeast,2025-03-31 06:47:40.39214+00
13886bd9-afa8-49d2-a1a7-9747637ab971,5333929422,",General Surgery,",West,2025-03-31 06:47:40.387559+00
138a6792-ed7b-45c5-a73c-e0ba96d6a77e,4973881255,",Neurology,",Northeast,2025-03-31 06:47:40.397977+00
13a06b12-e7a9-4f19-9c61-ae98ea2ac317,3544724172,",Nephrology,",Northeast,2025-03-31 06:47:40.402359+00
13a60e1d-08f8-45ef-a765-d0a508c7b3ed,3644390836,",Pulmonology,",West,2025-03-31 06:47:40.401988+00
13a6253d-d363-4aec-abd6-eb63f2647ec0,7302336324,",Radiology,",West,2025-03-31 06:47:40.395634+00
13ad21ac-59c7-4a7b-97a5-dddc7471c69f,8375066271,",Psychiatry,",South,2025-03-31 06:47:40.385446+00
13ad9910-b260-47ca-a8a5-9d26c27cae56,5821629965,",Internal Medicine,",Northwest,2025-03-31 06:47:40.381419+00
13ae072f-e278-43c8-99a0-328e8a97804d,8128235371,",General Surgery,",South,2025-03-31 06:47:40.386481+00
13b69ab5-b3c1-4753-bf96-adada428ccfb,6308948010,",Internal Medicine,",West,2025-03-31 06:47:40.381594+00
13ba0d65-a59b-44d5-9ff1-25274a0e0f7f,4025020973,",Gastroenterology,",Midwest,2025-03-31 06:47:40.399498+00
13bc0b5d-e76e-4256-8aeb-2a5c59c602b5,9592888093,",Obstetrics & Gynecology,",South,2025-03-31 06:47:40.38172+00
13c10fca-dd13-49e2-8c2b-94f828ab76a9,1280643955,",Neurology,",Northeast,2025-03-31 06:47:40.398152+00
13c5c666-ed7f-4ecb-b987-0b383b0a82cd,2918759935,",Obstetrics & Gynecology,",Midwest,2025-03-31 06:47:40.381862+00
13d70902-062b-4810-8210-fbbab241d8c0,8396014936,",Radiology,",Northwest,2025-03-31 06:47:40.394828+00
13dbba99-beae-4518-9bdc-0e24ccbac0e0,2264984658,",Anesthesiology,",Northwest,2025-03-31 06:47:40.397732+00
13ddee45-119b-4f57-958e-99092f009fb0,3013367681,",General Surgery,",Northeast,2025-03-31 06:47:40.386961+00
13f020e2-eb8c-47cd-9950-33b5fd22c102,3466611971,",Internal Medicine,",Northeast,2025-03-31 06:47:40.37695+00
13f4a572-c666-4bcc-b4fa-b73dfd5e37a7,2178064382,",Cardiology,",South,2025-03-31 06:47:40.390576+00
13fa69dd-1828-41ea-b74b-23e6d1e4cdc0,3533603956,",Gastroenterology,",Northwest,2025-03-31 06:47:40.400044+00
140519fe-d7bf-4dea-8948-c6bb12dbf45c,6535544769,",Gastroenterology,",South,2025-03-31 06:47:40.400058+00
1407c965-5397-4686-8590-beb256ed58a7,2814708737,",Cardiology,",West,2025-03-31 06:47:40.388782+00
1414185d-1312-433b-bdca-f05e0a27730e,3301175286,",Obstetrics & Gynecology,",West,2025-03-31 06:47:40.382611+00
141d7c2c-0bf6-4b1c-ad5e-23ebbe5ea25c,3693254688,",Neurology,",Northeast,2025-03-31 06:47:40.3983+00
14279d38-f25c-4998-8ec9-6db6f766027f,3034447658,",Psychiatry,",West,2025-03-31 06:47:40.404731+00
1432f096-9549-4fae-be21-5a90ba854183,2532978789,",Obstetrics & Gynecology,",West,2025-03-31 06:47:40.383478+00
14340888-7ef3-4ee3-bc04-0bd5bd85e0cb,6924735058,",Dermatology,",Northeast,2025-03-31 06:47:40.392745+00
1441a503-56fc-41c8-addd-dfcea3d120f1,6606302086,",Dermatology,",Midwest,2025-03-31 06:47:40.394009+00
145161f4-6385-44dc-b453-f149d3cd8319,5571522838,",Internal Medicine,",Midwest,2025-03-31 06:47:40.378792+00
14560ac5-d6bd-414a-bb19-529e9e81c4a0,3588112434,",Dermatology,",Northeast,2025-03-31 06:47:40.392806+00
1458b6c3-5c38-4dff-a94f-4bc616409b5c,5296351529,",Internal Medicine,",Northwest,2025-03-31 06:47:40.377115+00
145a6bfd-d12e-42ae-841f-0b2c2e31514b,9439882247,",Obstetrics & Gynecology,",West,2025-03-31 06:47:40.382224+00
145b1c29-e0c3-4634-baff-4fccc560a900,7216057509,",Internal Medicine,",Northwest,2025-03-31 06:47:40.379788+00
145d9f93-82f4-44d1-8899-004fba88029d,8299090086,",Anesthesiology,",Midwest,2025-03-31 06:47:40.397328+00
145f6247-53c5-42ba-88a6-7d6e3335e030,1869270493,",Dermatology,",Northwest,2025-03-31 06:47:40.392929+00
1460e940-b10a-4e69-bc31-c3fdd66c63b5,1176973733,",Dermatology,",Midwest,2025-03-31 06:47:40.393754+00
146ebe6a-ba45-4f00-a11c-cb4a50b1e0ba,6573425875,",Internal Medicine,",West,2025-03-31 06:47:40.381165+00
14737b67-f54e-45ad-89f8-a74c8283bbeb,3485839568,",Obstetrics & Gynecology,",Northeast,2025-03-31 06:47:40.382465+00
147ae8b2-d013-45fb-96d5-d752ef6a64e7,3860809922,",Psychiatry,",South,2025-03-31 06:47:40.384301+00
147f4120-9e2f-47fe-bdc8-c62a334b15a3,7171819313,",Urology,",West,2025-03-31 06:47:40.400399+00
14851b5b-440c-467d-9818-ec964d89145f,1683823488,",Psychiatry,",South,2025-03-31 06:47:40.385072+00
148bc461-9d29-49c7-b753-b41ce1cc1fe5,7393732992,",Psychiatry,",South,2025-03-31 06:47:40.384534+00
14941116-190a-44ca-a762-33aa11979e41,8906497191,",Nephrology,",Northwest,2025-03-31 06:47:40.40212+00
14a2fc57-c1ba-4a9c-899c-bb290d34631c,1935135960,",Psychiatry,",South,2025-03-31 06:47:40.383871+00
14b233a7-d0f9-4006-b61a-1d3bc855992f,4017005310,",Internal Medicine,",West,2025-03-31 06:47:40.379687+00
14bb1554-0dc9-456f-a052-d07a3787400a,6852458093,",Psychiatry,",West,2025-03-31 06:47:40.385432+00
14bc6fa5-9e3e-4263-8a4c-34e7e5bf0a7b,1949398551,",Internal Medicine,",West,2025-03-31 06:47:40.379023+00
14c47b44-5fa8-4aff-9221-24abb2a5e0fe,1996024457,",Internal Medicine,",South,2025-03-31 06:47:40.377013+00
14d95404-9a6a-4501-9665-35f4b409bca9,8349469337,",General Surgery,",Northwest,2025-03-31 06:47:40.388144+00
14dad789-e956-4ed0-8b72-9fa696d81658,7671689999,",Radiology,",South,2025-03-31 06:47:40.395465+00
14e351b2-1501-4e7d-8f49-f743cf0d8fe1,6560290300,",Internal Medicine,",Northwest,2025-03-31 06:47:40.380008+00
14e6526c-d563-459e-a75a-e9a6ed35500e,5951736515,",Cardiology,",Northeast,2025-03-31 06:47:40.389695+00
14f9822f-b042-4bd5-aa54-8cf6a4201e2c,2680584624,",Cardiology,",Midwest,2025-03-31 06:47:40.38997+00
15087c50-91f7-49f8-93b9-8b45b3c196fc,8639441437,",General Surgery,",Midwest,2025-03-31 06:47:40.387097+00
15170544-a252-441a-b678-f8c53838dc09,8476914035,",Neurology,",South,2025-03-31 06:47:40.398348+00
151c0d70-c94c-4aef-a5fb-ddad7e079067,5111602541,",Dermatology,",Northwest,2025-03-31 06:47:40.403392+00
151c1844-1535-49a9-80e0-aad9c0b82475,8039384586,",Dermatology,",Midwest,2025-03-31 06:47:40.393687+00
151f3195-e5d1-4e44-b8ba-0c4abe2bd946,7179969290,",Anesthesiology,",South,2025-03-31 06:47:40.397005+00
1525e8b2-0d4e-4c7f-8979-de33ffc0a023,3684631260,",Neurology,",Midwest,2025-03-31 06:47:40.404812+00
152ee071-6316-4833-a9dd-1e9ed653aa9d,2642980451,",Radiology,",South,2025-03-31 06:47:40.403352+00
15312314-975c-4b23-a186-de3245e2d394,8462589705,",Cardiology,",South,2025-03-31 06:47:40.389157+00
1535217b-923a-487d-a0aa-55ba92d88838,1134859601,",Psychiatry,",Midwest,2025-03-31 06:47:40.3845+00
153c6982-52af-4c81-8074-e5e417470c42,2241940381,",Internal Medicine,",Northeast,2025-03-31 06:47:40.377965+00
153cc36e-2ab3-4342-bf4a-426f65844038,1543520536,",Gastroenterology,",West,2025-03-31 06:47:40.399325+00
154017eb-1e3c-4ae9-aeae-afa481770041,1329899519,",Obstetrics & Gynecology,",Northwest,2025-03-31 06:47:40.383176+00
1557d96c-43d4-4227-b342-93a49fbe9d18,2303357117,",Psychiatry,",Northeast,2025-03-31 06:47:40.384182+00
155879b9-b3c7-4254-be90-63606c27b0ac,7484930498,",Gastroenterology,",Northwest,2025-03-31 06:47:40.399921+00
15592719-1e72-4089-bf1a-d55d1a0404c2,9402024211,",Cardiology,",South,2025-03-31 06:47:40.403309+00
155db94c-d71b-4b27-8d7b-69a675f60e27,5469243303,",Internal Medicine,",Midwest,2025-03-31 06:47:40.381344+00
156897d0-5bac-4807-9e3e-efa529c51ab5,8415739509,",Obstetrics & Gynecology,",Northwest,2025-03-31 06:47:40.382078+00
157c9daa-4668-493e-8c7b-70a13ca33eb9,6202939152,",General Surgery,",West,2025-03-31 06:47:40.387846+00
157dd368-d49a-4b4c-9025-2c2fc4b3f245,2102616032,",Orthopedic Surgery,",West,2025-03-31 06:47:40.391117+00
157fb189-3ca1-4d28-a15a-dde4e8b08ec6,8283120444,",Radiology,",Midwest,2025-03-31 06:47:40.395048+00
1586ecc5-beb4-4910-a6ad-f0820944bef9,1654579559,",Nephrology,",Northwest,2025-03-31 06:47:40.402353+00
158a9156-748a-4599-8b37-1f52869ac230,3630047061,",Internal Medicine,",South,2025-03-31 06:47:40.378551+00
158aca3b-4676-49ef-abfa-0a5c3032b2a1,6916008903,",Radiology,",West,2025-03-31 06:47:40.395929+00
158d1b83-0fd2-4771-95b8-b50e1e387c26,1659850145,",Urology,",Midwest,2025-03-31 06:47:40.400763+00
158d67cf-d37c-455e-8097-c6755b8554bb,2070847654,",Radiology,",South,2025-03-31 06:47:40.395871+00
1591d3dc-5ef4-4cad-928e-4ae8ac40bef2,9571743769,",Internal Medicine,",South,2025-03-31 06:47:40.378915+00
159ca7de-8850-4183-b324-a396731905f9,3721242972,",Dermatology,",Northeast,2025-03-31 06:47:40.393173+00
15ab7d0e-b3ff-49d1-a7d0-d8e76b55df53,3416107731,",Obstetrics & Gynecology,",West,2025-03-31 06:47:40.383592+00
15af4881-f73e-4a59-bf87-6514f3757930,6552608667,",Urology,",South,2025-03-31 06:47:40.401024+00
15b6a2a0-aa0b-4e53-a3e8-f7c45fd6c648,8538911338,",Cardiology,",South,2025-03-31 06:47:40.388353+00
15b9048b-2038-466b-954a-538ac94f1d53,6803656998,",Obstetrics & Gynecology,",Midwest,2025-03-31 06:47:40.382492+00
15bda9ca-f32d-4c30-8f11-051e6b3b8e1c,2144833885,",Nephrology,",West,2025-03-31 06:47:40.402348+00
15c057c7-60e4-4d30-9172-a308ac4a2c46,2719880971,",Internal Medicine,",West,2025-03-31 06:47:40.381194+00
15d308d1-ef9b-4578-85a4-24a9519d1d61,5805352681,",Radiology,",Northwest,2025-03-31 06:47:40.39484+00
15dc990d-bc63-41e5-9aec-3d567f300f3b,3567555234,",Dermatology,",Midwest,2025-03-31 06:47:40.393652+00
15df801d-e05e-4164-8e7b-a5a2c01b3ba5,2927576295,",Obstetrics & Gynecology,",West,2025-03-31 06:47:40.404396+00
15e0057b-adb0-4e2e-8465-a44ca5781bfc,1999538456,",Oncology,",Northwest,2025-03-31 06:47:40.403001+00
15ec6591-3855-4fad-861c-1e97a62d4bf1,9792397568,",Pulmonology,",Northwest,2025-03-31 06:47:40.401164+00
16091008-fdfb-4980-b268-21cac09b47a3,6536266262,",Radiology,",Midwest,2025-03-31 06:47:40.395186+00
160c8683-e7fa-4d2b-a86e-83f83ecf1a7e,4849399149,",Internal Medicine,",West,2025-03-31 06:47:40.380023+00
16109ecf-23b4-4c5b-a49c-71e60575761e,1660817512,",Anesthesiology,",Northeast,2025-03-31 06:47:40.396084+00
1619f37b-6134-46c0-8c5e-486f5b8419d3,1512733498,",Radiology,",Northeast,2025-03-31 06:47:40.394636+00
161a1f35-29f7-47e7-90dd-ad2eb61232fa,4090456905,",Internal Medicine,",West,2025-03-31 06:47:40.379643+00
162f6e6d-4c17-4fa2-805b-bb1df2c1c02b,2775842398,",Psychiatry,",South,2025-03-31 06:47:40.384042+00
1636f5ed-954b-4b01-a1c0-93c08d43ab5f,7421594188,",Obstetrics & Gynecology,",South,2025-03-31 06:47:40.381859+00
16387316-cbbe-4818-ab00-bd2d1abfb6d8,5294353914,",Internal Medicine,",South,2025-03-31 06:47:40.37674+00
163880b8-7d67-46ed-9ba7-9539f8703c4f,4114612111,",Neurology,",Northwest,2025-03-31 06:47:40.403255+00
163bb30b-600b-499b-9071-deb4ae25d7be,3252616238,",Obstetrics & Gynecology,",Midwest,2025-03-31 06:47:40.404605+00
16496d55-dd5f-4539-a42b-6208156e0e5a,7236367959,",Internal Medicine,",Northwest,2025-03-31 06:47:40.381262+00
164e049d-377f-498a-bd02-b0f1ed7213b6,2710082415,",Urology,",Midwest,2025-03-31 06:47:40.400431+00
165129cc-be90-4c11-975a-d549ed3d1c90,7362571084,",General Surgery,",Midwest,2025-03-31 06:47:40.387494+00
16534862-6478-41d8-9394-4670804f14d7,3659104032,",Cardiology,",Northwest,2025-03-31 06:47:40.390163+00
1654d5a1-6d01-46d5-a575-dea3ffaa609b,8100264303,",Anesthesiology,",Northwest,2025-03-31 06:47:40.397641+00
1662a233-9dbd-4f80-9f27-edea88893dbc,7304042248,",Urology,",Northeast,2025-03-31 06:47:40.400828+00
1662b8a6-981f-4c68-b5c1-83d411245118,6041372335,",Dermatology,",West,2025-03-31 06:47:40.393428+00
1669ba52-a9b7-4b42-ac1c-b157c4c869c8,3265087010,",Obstetrics & Gynecology,",South,2025-03-31 06:47:40.383421+00
1669c060-cf95-4090-986e-3504fecb803f,7456136058,",Urology,",West,2025-03-31 06:47:40.400757+00
1678a7ac-5ca0-4f87-b295-64721c3ade88,9703442016,",Internal Medicine,",West,2025-03-31 06:47:40.380519+00
1680e1dd-9721-416b-a31d-98f5e6ad9742,7994186236,",Oncology,",Northeast,2025-03-31 06:47:40.402572+00
168289a7-3acb-42df-8554-7238fdad4e92,2024281007,",Internal Medicine,",Midwest,2025-03-31 06:47:40.404006+00
16867337-6ce9-4f50-8481-b4b937e8df3c,5791481057,",Obstetrics & Gynecology,",Northwest,2025-03-31 06:47:40.381949+00
168a4181-e03d-46f1-89ec-768aa770d19b,7138999398,",Anesthesiology,",South,2025-03-31 06:47:40.397033+00
168ba023-7d27-4d2e-abbf-2b230bab3de2,3209327125,",Internal Medicine,",Midwest,2025-03-31 06:47:40.37701+00
168bd2b9-98eb-4ddc-af4b-d37e39aa2d10,9993177343,",General Surgery,",Midwest,2025-03-31 06:47:40.386987+00
16920749-094b-44f7-bdfc-8564ea3db4fc,3609173520,",Psychiatry,",West,2025-03-31 06:47:40.384774+00
169a945b-058c-4938-af11-402e079053af,8863138232,",Obstetrics & Gynecology,",West,2025-03-31 06:47:40.382774+00
16a0af7d-20e9-4fe8-809d-2ab99b0027d8,2513361137,",Orthopedic Surgery,",Northwest,2025-03-31 06:47:40.39252+00
16a7699a-8f1c-4d3d-8a64-77e8a33cfca4,7116788109,",Neurology,",Midwest,2025-03-31 06:47:40.398108+00
16a8b61a-a8cd-44af-9bc1-bd9027df9128,5779290280,",Urology,",Northwest,2025-03-31 06:47:40.401049+00
16aa5a89-3076-4bb2-9fba-a89ae24aed09,4488042092,",General Surgery,",West,2025-03-31 06:47:40.40353+00
16b62cfc-d37b-4e48-bdd2-f8707ffde52d,2201198581,",Psychiatry,",Midwest,2025-03-31 06:47:40.384817+00
16d85282-ff1d-466d-9b5f-20c7ba85d65c,6252491628,",Radiology,",Northeast,2025-03-31 06:47:40.395442+00
16d855f7-3fca-4b2c-adb8-b15b409f74e1,5761087777,",Urology,",Northeast,2025-03-31 06:47:40.400437+00
16dfe33b-3e09-4305-8b66-3df253b650d2,6112135524,",Internal Medicine,",Northwest,2025-03-31 06:47:40.378758+00
16e96e21-ea1a-4e88-833d-67a2da026c37,3521050395,",Psychiatry,",South,2025-03-31 06:47:40.384955+00
16ea3129-61d3-431e-a868-f92567802e11,9157007356,",General Surgery,",Midwest,2025-03-31 06:47:40.388089+00
16ec7424-a6a5-43b5-bc67-b3e5ee7f1aba,2636956599,",Internal Medicine,",Midwest,2025-03-31 06:47:40.381187+00
16ee9cb9-d889-44a5-a3d5-d057ecc90129,3993428311,",Orthopedic Surgery,",Northeast,2025-03-31 06:47:40.390921+00
16f69966-7056-442e-a65f-d45625c919f2,8214981615,",Neurology,",Midwest,2025-03-31 06:47:40.398895+00
16fe41f9-7360-4549-8223-ddf80a026184,9649180242,",Dermatology,",Northwest,2025-03-31 06:47:40.394026+00
16ffb135-2a17-4162-a625-8ef7440ddfcd,9250761431,",Orthopedic Surgery,",Midwest,2025-03-31 06:47:40.403192+00
17007d0c-2033-4498-a791-8f7774986523,4852825151,",Internal Medicine,",West,2025-03-31 06:47:40.379965+00
170820a1-47ef-4c86-a9ad-7a641214ed08,9156301387,",Psychiatry,",West,2025-03-31 06:47:40.385286+00
17092317-eb1e-47a6-b736-50b0f2583d36,9158276090,",General Surgery,",West,2025-03-31 06:47:40.38607+00
170b5d35-94d8-4eaf-9226-2342d4d372df,3946327938,",Cardiology,",Northwest,2025-03-31 06:47:40.390008+00
170c71f4-187d-4a61-9b5e-fa84b58475dd,6215195812,",Dermatology,",Midwest,2025-03-31 06:47:40.393393+00
170d40f2-9a80-4e23-991a-a4d0a2921b64,8234665256,",Anesthesiology,",Northwest,2025-03-31 06:47:40.395941+00
170dc12d-5db0-4dcf-a3e3-a03c75e868d0,5776577428,",Cardiology,",Northwest,2025-03-31 06:47:40.390202+00
170e94bc-122d-459e-b7bf-a8f7635b44bd,7398286267,",Psychiatry,",Midwest,2025-03-31 06:47:40.384715+00
17144ca3-5253-4781-b33c-94e4d948e8f1,8538832949,",Internal Medicine,",West,2025-03-31 06:47:40.404638+00
1714f05a-b9ae-4d92-8e2e-c53b5e0799b9,2177712008,",Neurology,",Midwest,2025-03-31 06:47:40.39779+00
171a0c09-d473-4c6d-a944-92df14263009,9389116887,",Obstetrics & Gynecology,",Midwest,2025-03-31 06:47:40.383687+00
1724f888-134b-4633-bddc-bea93d796abc,2682585939,",General Surgery,",South,2025-03-31 06:47:40.387524+00
1729f441-f9dd-46c1-8a45-471a18bbae18,4375788201,",Internal Medicine,",Northwest,2025-03-31 06:47:40.380348+00
1737c9b2-44c3-451e-a87e-3d1ecc4b3fd7,1428814033,",Internal Medicine,",West,2025-03-31 06:47:40.376984+00
17503933-dfe0-453d-9db3-57d1adb09c94,4765689806,",Psychiatry,",Midwest,2025-03-31 06:47:40.385219+00
175b5ae2-72e1-422f-9ee2-76090daa85c9,6363717099,",Urology,",South,2025-03-31 06:47:40.400877+00
175d8781-00e8-470f-baa4-6d6036dc978d,5192118340,",Gastroenterology,",Northwest,2025-03-31 06:47:40.399385+00
1765cf51-ad01-4e3f-a929-0b13eb451144,5007610334,",Urology,",Northeast,2025-03-31 06:47:40.404003+00
176b1850-ea5d-466e-ac03-cfb14ae69fd1,9539106253,",Orthopedic Surgery,",Midwest,2025-03-31 06:47:40.391343+00
176bb588-9814-4824-b9af-a04d3dbcc43c,4837044125,",Pulmonology,",West,2025-03-31 06:47:40.401798+00
176def64-dd5a-4e36-a106-c92f176c436d,2188479771,",Gastroenterology,",West,2025-03-31 06:47:40.399187+00
17757a66-5f21-422e-a61c-e1158b21972e,3047294789,",Oncology,",Northwest,2025-03-31 06:47:40.402569+00
177e892a-a28f-4adf-ab89-e99751497859,7162353823,",Anesthesiology,",West,2025-03-31 06:47:40.397639+00
17830cfe-0bbf-4408-95ce-1f86e7d53209,8456765361,",Radiology,",Midwest,2025-03-31 06:47:40.395617+00
1785211b-f8c9-4703-b1fa-e63095624b4f,5293364495,",Pulmonology,",Midwest,2025-03-31 06:47:40.401323+00
178873eb-4b3a-4f0e-96a7-9c644787efc8,4761758727,",Anesthesiology,",South,2025-03-31 06:47:40.396149+00
179c92ec-093a-40ff-8596-090a997c4c2b,9550449071,",Cardiology,",Northeast,2025-03-31 06:47:40.404393+00
179e686a-e43b-45ad-b99b-a9a6e43eda46,5150532363,",Internal Medicine,",South,2025-03-31 06:47:40.376862+00
17a6869e-39c1-4d5c-919e-3c62a95f4e80,8554920648,",Obstetrics & Gynecology,",Midwest,2025-03-31 06:47:40.383652+00
17a6e46b-322d-4049-b3d6-cc0c0c6ad56d,1897053872,",Obstetrics & Gynecology,",Midwest,2025-03-31 06:47:40.404137+00
17adf39e-0d21-47d1-89d8-a644823db35d,5915795799,",Anesthesiology,",Northeast,2025-03-31 06:47:40.396449+00
17c30ed0-62f0-49ce-ae7b-df707bbb09a1,3603371504,",Internal Medicine,",West,2025-03-31 06:47:40.378924+00
17c623bf-0eca-44cb-9181-f721ff1c86b9,6000652640,",Oncology,",South,2025-03-31 06:47:40.402747+00
17cc2eaa-cf50-4472-bc04-a118647e1677,5624861233,",Internal Medicine,",South,2025-03-31 06:47:40.37827+00
17cf2ba5-1694-4853-87f6-2ae88a467c50,7852135509,",Cardiology,",West,2025-03-31 06:47:40.388939+00
17d7bc3a-c80a-4879-bd86-fd6207ed0155,2672545704,",General Surgery,",Midwest,2025-03-31 06:47:40.386427+00
17dbc4db-d368-4d74-a151-72a39c1e0ab3,2755318059,",Internal Medicine,",Northwest,2025-03-31 06:47:40.377331+00
17e33ea2-8772-4b43-b04b-ba9bd178e76a,8078661984,",Nephrology,",Northeast,2025-03-31 06:47:40.402495+00
17e4ba3d-fac1-4247-ab9a-cedb3cb9e0db,5727435172,",General Surgery,",West,2025-03-31 06:47:40.388214+00
17efef8c-57a1-45b6-a6ff-3d4f152cd7ba,2205296403,",Nephrology,",West,2025-03-31 06:47:40.402046+00
18027ae6-07ae-4103-8ad4-96b480d6a916,7018880437,",Gastroenterology,",West,2025-03-31 06:47:40.399247+00
1808c810-01f1-4700-aeba-caf5a0c6afae,2756210076,",Radiology,",South,2025-03-31 06:47:40.395654+00
180b55be-7b37-4308-b2b9-a8e5eac7e5c3,8792907661,",Orthopedic Surgery,",South,2025-03-31 06:47:40.3911+00
18123eef-8ab2-49db-8268-78501cf8c04b,2097461011,",Cardiology,",Northwest,2025-03-31 06:47:40.388807+00
1822d544-0119-4a7c-a997-094777c9832f,2896308983,",Internal Medicine,",Northwest,2025-03-31 06:47:40.379619+00
182758c9-384c-47b0-bb61-494055e605ca,2267461338,",Obstetrics & Gynecology,",South,2025-03-31 06:47:40.383731+00
1831e75e-38ab-4037-bd2a-c9c4c844942c,3018334629,",Internal Medicine,",Northwest,2025-03-31 06:47:40.381217+00
1836f4eb-9170-4270-9e28-928dd8ea856a,9897893907,",Oncology,",West,2025-03-31 06:47:40.402655+00
183795cd-d54e-4f7f-b90e-9013c62badff,4765991092,",Cardiology,",Northeast,2025-03-31 06:47:40.390448+00
18405e00-1f3e-41fd-b2da-61a885e596f4,3403575554,",Neurology,",Midwest,2025-03-31 06:47:40.398696+00
184090c5-ecab-4c10-bdd9-d6088e1911b9,4149566548,",General Surgery,",Northeast,2025-03-31 06:47:40.387231+00
184811c0-fddc-42ca-b5aa-cd0a165bad7e,7990426116,",Obstetrics & Gynecology,",West,2025-03-31 06:47:40.382689+00
184ee735-4c7a-4ad3-986b-33d30920513a,6289141018,",Internal Medicine,",West,2025-03-31 06:47:40.380665+00
184f81ae-738d-487c-bded-25a7008386d1,7342187949,",Gastroenterology,",Northwest,2025-03-31 06:47:40.399883+00
185c6c2c-2c56-48bd-ad59-8705574f5a36,7275529188,",General Surgery,",South,2025-03-31 06:47:40.387316+00
1877a82f-e584-4bfb-a34c-c21d9406a470,5635499954,",Radiology,",West,2025-03-31 06:47:40.39439+00
18910e2e-23ea-4805-83d0-e53dd4de65c5,5469534423,",Anesthesiology,",Midwest,2025-03-31 06:47:40.397008+00
189393ca-562c-42c8-a306-3b116d22b390,8484906501,",General Surgery,",Northeast,2025-03-31 06:47:40.386836+00
18948011-521d-43ef-9d43-d6c128916be3,7414965116,",Neurology,",Midwest,2025-03-31 06:47:40.397796+00
1897ca37-b517-437b-a99d-243d5b274844,7037918323,",Neurology,",Northwest,2025-03-31 06:47:40.398711+00
189c7d62-2d35-42e0-8b5d-f387f923c9be,2444681596,",General Surgery,",South,2025-03-31 06:47:40.386446+00
18a985d1-6f46-4329-b413-30d1f2625518,9009455389,",Dermatology,",Northeast,2025-03-31 06:47:40.393124+00
18b0ad39-d6c1-4a88-9c86-65733b632ff5,4150893343,",Radiology,",Midwest,2025-03-31 06:47:40.395567+00
18b10bf4-3af2-4d79-bf4c-7636ead9f1ef,5554758779,",Dermatology,",South,2025-03-31 06:47:40.393258+00
18c1e2bf-501a-455c-839f-6cb4f18fd4cc,1992294298,",Cardiology,",West,2025-03-31 06:47:40.390187+00
18c71772-bca7-4903-a9c0-8377d937658d,5400249276,",Orthopedic Surgery,",Northeast,2025-03-31 06:47:40.39203+00
18cbbf13-0a11-4a7c-8003-b1cdc549ffe5,7746456010,",Anesthesiology,",West,2025-03-31 06:47:40.397601+00
18dafb46-be2b-4ee5-8aa6-892af0a848d1,5192240877,",Cardiology,",Northeast,2025-03-31 06:47:40.389521+00
18dec496-66bb-49df-8905-0bafa06492ef,5791334735,",Cardiology,",Midwest,2025-03-31 06:47:40.390251+00
18f2eca5-df64-42ee-b52a-003f15cf341f,4846791392,",Neurology,",Northeast,2025-03-31 06:47:40.3988+00
18f4758b-3a56-4192-95df-b96245fac272,9678195280,",Dermatology,",West,2025-03-31 06:47:40.39263+00
18f56f78-5cc2-47b9-a61d-84abaeae6e82,4274525051,",Cardiology,",Northwest,2025-03-31 06:47:40.390322+00
18f90679-088c-4af6-8f7a-63ec1209a088,8266929395,",Orthopedic Surgery,",Northeast,2025-03-31 06:47:40.391345+00
19105bb9-9355-41b8-9824-7162984b4db0,5254560213,",Cardiology,",South,2025-03-31 06:47:40.388978+00
1914b4de-cb89-46f1-8729-1db6f1c8e2e8,8791378078,",Psychiatry,",South,2025-03-31 06:47:40.384398+00
191ca702-7f21-45c5-a169-e7fe8793e35c,5931982968,",Gastroenterology,",Midwest,2025-03-31 06:47:40.400226+00
1923964a-415f-410f-a509-26ac280555b5,7286821862,",Radiology,",Midwest,2025-03-31 06:47:40.395392+00
19243e11-6673-4cef-8278-7bb074401ae3,2602781025,",Internal Medicine,",West,2025-03-31 06:47:40.376932+00
19297b43-3fa2-4b45-b3b0-73908921302d,3893838277,",Internal Medicine,",Midwest,2025-03-31 06:47:40.38154+00
193785ef-eb10-40fb-800b-f7341642598b,2986407259,",Dermatology,",Northwest,2025-03-31 06:47:40.393969+00
193b6411-c334-4991-8038-786e4d8e0330,3653317487,",Internal Medicine,",Northeast,2025-03-31 06:47:40.379743+00
1940c117-50d9-4989-bcc2-a63e7c2c27ad,7417551985,",General Surgery,",South,2025-03-31 06:47:40.388188+00
1947646e-cfbe-4e9f-83a5-175941c32d8c,9377645930,",Psychiatry,",Northeast,2025-03-31 06:47:40.40454+00
195937fe-d3a8-4504-bcff-12356dc08f2b,5537967771,",Nephrology,",West,2025-03-31 06:47:40.402017+00
1959823d-28de-4f5e-87e7-e7fd441fbdcd,2769375351,",Radiology,",Northeast,2025-03-31 06:47:40.394576+00
195a087c-569b-46af-9dbc-9c5d098f3457,5567782929,",Psychiatry,",Northeast,2025-03-31 06:47:40.385056+00
195d8f97-493b-46e1-8a08-bda66528c024,4062492186,",General Surgery,",South,2025-03-31 06:47:40.387057+00
19658121-3b37-4e80-8bb8-ae42a4c12a2c,6736242281,",Internal Medicine,",Northwest,2025-03-31 06:47:40.377411+00
196cd542-0cbd-46cf-9bb9-06b91e06399a,7823283882,",Obstetrics & Gynecology,",Midwest,2025-03-31 06:47:40.383432+00
1971be92-89c4-4742-8717-a238b65fb9b3,1844442910,",Psychiatry,",Northwest,2025-03-31 06:47:40.384808+00
19722a6c-093c-434f-a968-66970e6bce08,2073751432,",Gastroenterology,",Northeast,2025-03-31 06:47:40.400095+00
197ce3be-494a-44d7-b16f-c864a7b1de21,6753417333,",Neurology,",Northeast,2025-03-31 06:47:40.398099+00
198103ae-e674-45e7-8f43-086537c93245,3232254467,",Internal Medicine,",South,2025-03-31 06:47:40.378726+00
198b65cf-9156-4443-a94d-e242733edf04,7276496898,",Obstetrics & Gynecology,",South,2025-03-31 06:47:40.381899+00
198fd5ad-523f-4150-aff2-964eb4fae9f7,5804386604,",Cardiology,",South,2025-03-31 06:47:40.404335+00
198fed70-91d0-4dcb-9969-b1140911e114,8213569304,",Obstetrics & Gynecology,",West,2025-03-31 06:47:40.38275+00
19995df4-9e77-4346-96a2-6f6ee6372a2d,5519711134,",Internal Medicine,",Midwest,2025-03-31 06:47:40.377894+00
199ff2ec-234e-4f34-b3fe-baa2cbc2708f,9860947836,",Orthopedic Surgery,",Northeast,2025-03-31 06:47:40.391565+00
19a1aa9a-f335-4583-8824-3264768fb926,1921171206,",General Surgery,",West,2025-03-31 06:47:40.403596+00
19a20cb9-eee5-4491-9f1c-3f0a2c23df4e,2388694835,",Obstetrics & Gynecology,",Northeast,2025-03-31 06:47:40.4032+00
19a79b19-a829-4a43-b532-86e4b4c1ee6e,4391401156,",Radiology,",West,2025-03-31 06:47:40.395423+00
19acacc3-d8e3-4381-b317-2691e42957d7,2225061766,",Internal Medicine,",South,2025-03-31 06:47:40.379705+00
19ae747a-ad76-446c-a7f3-a9d60b0987e5,3026408213,",Orthopedic Surgery,",Midwest,2025-03-31 06:47:40.391134+00
19b3aa8c-2c78-421b-9f3c-b76363bb30d2,9620450932,",Radiology,",Northeast,2025-03-31 06:47:40.39547+00
19c88fd9-5134-44c7-8909-a54294abb7cd,5332271518,",Urology,",Northeast,2025-03-31 06:47:40.400645+00
19d2016a-3fa8-4758-908d-4a8c89902392,5898455878,",Psychiatry,",Northwest,2025-03-31 06:47:40.385493+00
19d79d46-addf-4a58-bf31-dfd708db973a,8934734040,",Orthopedic Surgery,",Northeast,2025-03-31 06:47:40.391261+00
19de97db-f3e7-4f12-8c4b-512814e4e3a7,1494860345,",Gastroenterology,",West,2025-03-31 06:47:40.399989+00
19e81956-4c44-4937-9ada-d3e569d38d3e,2233698308,",Dermatology,",Midwest,2025-03-31 06:47:40.39398+00
19e9fd2e-7ed6-4a59-8359-c1cebc63e867,9694813735,",Gastroenterology,",Northeast,2025-03-31 06:47:40.400228+00
19ea71d8-bc83-49c3-92e2-8b88223673a8,8987880713,",Internal Medicine,",Northwest,2025-03-31 06:47:40.376418+00
19f64b47-4d3b-4ebc-9f4e-51a066af4737,7650335767,",Orthopedic Surgery,",South,2025-03-31 06:47:40.391709+00
19f659ef-a1c2-42ca-8b7c-5b6231384341,7393250879,",Internal Medicine,",Northwest,2025-03-31 06:47:40.376193+00
19fac8e7-a828-442b-b56e-04c538ff8a25,2479927110,",Urology,",South,2025-03-31 06:47:40.400834+00
1a02ee75-3e10-4d23-b6a5-bbfdbfe09ae1,7014574582,",Neurology,",West,2025-03-31 06:47:40.3979+00
1a086e07-0ce4-44f0-8430-c13aa9c2e2b0,5559981673,",Psychiatry,",West,2025-03-31 06:47:40.385159+00
1a0a7c23-9655-46ed-a6b9-cf3270702a85,1074612223,",Internal Medicine,",Midwest,2025-03-31 06:47:40.379485+00
1a1257f4-3763-4933-938a-2f7eb43c9a5e,9009933018,",Anesthesiology,",Midwest,2025-03-31 06:47:40.396416+00
1a17196b-92b8-416d-8684-133da2ff8ec4,7444206363,",General Surgery,",Midwest,2025-03-31 06:47:40.386424+00
1a1982fb-f974-4dd9-b886-dc745f016f01,1298918956,",Oncology,",West,2025-03-31 06:47:40.403059+00
1a26f63e-90c2-42ec-b855-33dc706611ba,3818424273,",General Surgery,",Midwest,2025-03-31 06:47:40.387281+00
1a2ee71c-66a3-4c7b-bfac-404b784bf214,9569780448,",Gastroenterology,",Northeast,2025-03-31 06:47:40.399824+00
1a3373ec-fcec-4ae7-b88f-d9dec1b9cd00,3802365104,",General Surgery,",Northeast,2025-03-31 06:47:40.387319+00
1a612338-76b6-4206-9c61-c24305c75578,8062206162,",Pulmonology,",Midwest,2025-03-31 06:47:40.401928+00
1a639de8-dfd0-4d35-9ee6-33ba53c79148,4166244237,",Orthopedic Surgery,",Northeast,2025-03-31 06:47:40.391763+00
1a66214a-7a6d-451b-9b0f-cdbb175b8272,7541621582,",Internal Medicine,",West,2025-03-31 06:47:40.376813+00
1a6d595f-0d1f-4f07-84ab-949960ed9e1d,5060606580,",Cardiology,",Midwest,2025-03-31 06:47:40.389747+00
1a76bb29-5853-42b4-b10d-7f034c9cbba9,5242232439,",Dermatology,",Northwest,2025-03-31 06:47:40.4041+00
1a7a4791-df4d-4be8-b905-5bffab0fce5b,8682199133,",Internal Medicine,",Northwest,2025-03-31 06:47:40.381411+00
1a7d1de9-9b02-407f-bd8c-7e7721f6db52,2951218148,",Radiology,",Northeast,2025-03-31 06:47:40.395625+00
1a91f1c1-e4d0-4ce3-ae02-38dc733227ad,7463673029,",Neurology,",Northeast,2025-03-31 06:47:40.398056+00
1a943094-8edf-4202-a1af-4f12a506a764,1734776533,",Urology,",West,2025-03-31 06:47:40.400532+00
1aa346ec-6e8b-4c34-a00f-4be8e3adfa23,6480572098,",Urology,",Northeast,2025-03-31 06:47:40.400298+00
1aa5cddb-81ce-4db8-86bb-0d5f8455ae69,9557432005,",Orthopedic Surgery,",Northeast,2025-03-31 06:47:40.390892+00
1aa62bb6-8bd9-4ec4-8515-98ed73774f30,6849331155,",Dermatology,",South,2025-03-31 06:47:40.393618+00
1aad4bff-9f66-417d-8fb9-ff8bed43a2c5,5644563242,",General Surgery,",Northeast,2025-03-31 06:47:40.38631+00
1aadab5d-617b-48b5-8499-b766cba1e5f2,5027664717,",Nephrology,",Midwest,2025-03-31 06:47:40.402209+00
1ab08b9e-5d7a-4d68-8f26-6ecd85bcfa3d,3312113513,",Internal Medicine,",South,2025-03-31 06:47:40.376755+00
1abaf059-f859-4686-b5d7-5d8eddfb203c,3232236769,",Obstetrics & Gynecology,",West,2025-03-31 06:47:40.382867+00
1ad13e92-555e-42a7-b0f2-25db2e29853b,5125707260,",Dermatology,",South,2025-03-31 06:47:40.393571+00
1ad27489-452a-49a3-8724-95b6575df5aa,8042650940,",Internal Medicine,",Midwest,2025-03-31 06:47:40.378911+00
1ad60c23-9f30-4ed6-8907-ae5c66b2bb8c,5697294726,",Anesthesiology,",West,2025-03-31 06:47:40.396996+00
1ae655bf-4468-44e0-b443-89c47b42bc60,9502107279,",Urology,",Northwest,2025-03-31 06:47:40.4005+00
1af929d9-e45c-4827-9de7-d05ddc68b546,6295431920,",Psychiatry,",West,2025-03-31 06:47:40.384751+00
1affc7cc-0ca1-4d1d-9d51-af05bce4469d,1945810151,",General Surgery,",Midwest,2025-03-31 06:47:40.387949+00
1b01e5ff-61ce-4610-9d74-a62f9e31fd79,8889840715,",Internal Medicine,",Midwest,2025-03-31 06:47:40.38004+00
1b075133-b824-4293-8b87-3bfde7197edb,2274746271,",Obstetrics & Gynecology,",Midwest,2025-03-31 06:47:40.383263+00
1b083e27-56b1-4967-b757-11b650cfdf14,6386916142,",Internal Medicine,",South,2025-03-31 06:47:40.378941+00
1b39a7f5-d6fc-4018-811c-0916426d76ef,2634803757,",Anesthesiology,",West,2025-03-31 06:47:40.396359+00
1b4c2881-4a99-4a0a-80a4-79e76288df79,9724296625,",Psychiatry,",Northeast,2025-03-31 06:47:40.384299+00
1b5b58aa-0cf2-49af-9baa-eddb882694c0,4800643828,",Oncology,",West,2025-03-31 06:47:40.402689+00
1b61c980-e3a3-4e4d-8883-4839661cd451,3129327149,",Internal Medicine,",Northeast,2025-03-31 06:47:40.376306+00
1b6d84f3-98fa-4076-92e2-e3467464e740,8027150121,",Gastroenterology,",Midwest,2025-03-31 06:47:40.400024+00
1b6f6fe4-2b8e-4e4c-b116-f7712d98a9b9,8600431394,",Neurology,",Midwest,2025-03-31 06:47:40.399053+00
1b708255-8716-44da-bebd-c75474d60813,3477980804,",Orthopedic Surgery,",Midwest,2025-03-31 06:47:40.391965+00
1b740e2d-0b89-4a99-bc65-c598e2d8f935,3664402075,",General Surgery,",West,2025-03-31 06:47:40.388249+00
1b75aef1-922a-4a80-967b-ce9759a21b53,9451843096,",Internal Medicine,",West,2025-03-31 06:47:40.380507+00
1b840fbc-dd5b-40cd-b392-c01c9ef7c043,6530855533,",Gastroenterology,",Midwest,2025-03-31 06:47:40.400004+00
1b8699e0-6e11-4adf-9342-ac406d3abe57,8835426574,",Orthopedic Surgery,",Northwest,2025-03-31 06:47:40.404232+00
1b90327e-c10e-42d3-80ce-df046f1e07a2,2065477404,",Internal Medicine,",Midwest,2025-03-31 06:47:40.380037+00
1b9ef79c-e054-4633-a617-2f565bc2ca7d,1116919347,",Dermatology,",West,2025-03-31 06:47:40.393574+00
1ba4b024-e311-406f-82ae-0d5ba76d3eb0,6516661865,",Orthopedic Surgery,",West,2025-03-31 06:47:40.392512+00
1ba4b5e9-5610-48e7-901d-4b5462a801cf,3786787479,",General Surgery,",Northwest,2025-03-31 06:47:40.387834+00
1bae9dd9-7290-4fd7-b09f-624fedd7d40d,7022816944,",Anesthesiology,",West,2025-03-31 06:47:40.396578+00
1bafd6e1-b815-4135-bae1-875bc8453db1,9486249133,",Pulmonology,",South,2025-03-31 06:47:40.404226+00
1bb0934f-8f55-4701-b112-399e3dfbfa2a,4921243700,",Radiology,",West,2025-03-31 06:47:40.394299+00
1bb40ae5-f8f1-472a-956c-daf0a6da1627,1844719470,",Orthopedic Surgery,",South,2025-03-31 06:47:40.391397+00
1bb7b307-285e-4a97-af9d-b819975c7213,2483186183,",Cardiology,",West,2025-03-31 06:47:40.388855+00
1bb812f2-ff6b-4e09-89b9-c00b9cfa38c3,4878358531,",Cardiology,",Northwest,2025-03-31 06:47:40.404175+00
1bbca26e-ebef-40c9-8f95-6e8eb65f342c,9406711707,",Psychiatry,",West,2025-03-31 06:47:40.385496+00
1bbd73f9-575d-48d9-8762-2ac44eed7360,8499286848,",Oncology,",Midwest,2025-03-31 06:47:40.403056+00
1bc1cdbc-8b69-4ccd-add0-e5d8977cbdb7,3325338168,",Radiology,",Northeast,2025-03-31 06:47:40.39571+00
1bc1f3f4-048f-4e3b-8bc8-b0ad278c27f7,6333368247,",Anesthesiology,",Midwest,2025-03-31 06:47:40.396012+00
1bc428d8-d772-47b3-83cc-0ff8ea54d88d,5335296788,",Internal Medicine,",South,2025-03-31 06:47:40.377092+00
1bcc612a-a74b-4d40-93c2-52ec7d73aab8,4100395865,",Orthopedic Surgery,",South,2025-03-31 06:47:40.391619+00
1bcce574-3343-4641-852b-938013eead84,1089658079,",Pulmonology,",Midwest,2025-03-31 06:47:40.401664+00
1bcfae3f-be7f-4434-99a8-97d98f316bc7,5515248140,",Neurology,",Northeast,2025-03-31 06:47:40.39843+00
1bd1997d-0e6f-4f33-9565-1da352e97447,2536524550,",Orthopedic Surgery,",South,2025-03-31 06:47:40.391482+00
1bd810ad-2ef4-4ccb-8b53-7bb46328c7db,2557660598,",Pulmonology,",Northeast,2025-03-31 06:47:40.401735+00
1be6ceb5-846d-406e-9b4b-9fd7093c7244,1475378846,",Neurology,",South,2025-03-31 06:47:40.398013+00
1bee78de-bcd0-4cd7-908d-1d86fbbd4509,8579713140,",Dermatology,",Northeast,2025-03-31 06:47:40.393935+00
1bf230d6-e929-47c5-b6b1-69eb1bad8092,7931542368,",Urology,",Northeast,2025-03-31 06:47:40.400691+00
1bf7d1e2-fd81-4dfd-b087-4a1f0f179a33,6670347401,",Internal Medicine,",West,2025-03-31 06:47:40.379794+00
1bfed878-929d-41b9-a02c-5a181bbf5997,4631850207,",Radiology,",Midwest,2025-03-31 06:47:40.394715+00
1c1e832b-27f5-437c-9f72-d78aeb7bee02,9516251776,",Orthopedic Surgery,",Northeast,2025-03-31 06:47:40.391304+00
1c1ee910-5ca8-4189-9862-bedaea3443be,7669499422,",Dermatology,",Northeast,2025-03-31 06:47:40.39282+00
1c27babe-fb62-42e0-9fab-887fba399da2,9512199444,",Psychiatry,",Midwest,2025-03-31 06:47:40.385987+00
1c3c7399-b817-4a12-a4cc-63f4d44fc242,9421839362,",General Surgery,",Northwest,2025-03-31 06:47:40.386735+00
1c4029cd-f7b3-4dbc-a883-23d60e375ee2,1002519013,",Anesthesiology,",South,2025-03-31 06:47:40.397296+00
1c5206be-063c-4bd5-acfb-659019ad4a1f,9314820755,",Cardiology,",Midwest,2025-03-31 06:47:40.390284+00
1c5f7b22-dcdf-4b66-9ee0-907d4949c35e,6670216326,",Psychiatry,",Northwest,2025-03-31 06:47:40.38579+00
1c616bd8-54ea-4eb2-99b6-09c37f808840,6297169920,",Anesthesiology,",South,2025-03-31 06:47:40.397493+00
1c63eaf6-e26e-41a6-b02a-dfcab3788b08,6388850556,",Internal Medicine,",Midwest,2025-03-31 06:47:40.380165+00
1c6406f4-5431-462c-92cf-6ecec759921f,3705812724,",Anesthesiology,",Midwest,2025-03-31 06:47:40.397587+00
1c677c29-e079-4a99-8d54-9c4f56f41a05,3788487214,",Cardiology,",West,2025-03-31 06:47:40.388519+00
1c6d90e0-194a-4b3b-8310-3c84630dfb4e,2986087809,",Obstetrics & Gynecology,",South,2025-03-31 06:47:40.383322+00
1c75d577-4971-4147-bad6-38f578151638,6672400972,",Orthopedic Surgery,",South,2025-03-31 06:47:40.391272+00
1c7aa4ea-7465-40d6-8838-0b2a54b6432a,8937805036,",Cardiology,",South,2025-03-31 06:47:40.389882+00
1c8f75b1-0b51-4cc4-a886-5686d4849de0,9353235284,",Cardiology,",South,2025-03-31 06:47:40.389478+00
1c98e751-b488-469d-8bbc-0df8510bcf7a,3540356546,",Cardiology,",Northwest,2025-03-31 06:47:40.388672+00
1c9e85ab-4a61-4e87-be5b-7f8d49b6e6d5,2268503002,",General Surgery,",Northeast,2025-03-31 06:47:40.387794+00
1cbb275a-8773-4797-90b0-2a1a65471597,8201054390,",Internal Medicine,",Midwest,2025-03-31 06:47:40.379123+00
1cbdc0e2-f670-4643-b5e9-a4b9b5ddc1a0,8620570564,",Orthopedic Surgery,",Northwest,2025-03-31 06:47:40.392053+00
1cc2f434-60ab-42e2-aa4c-b33e87ae4529,1459198021,",Orthopedic Surgery,",West,2025-03-31 06:47:40.392286+00
1ccaec28-5818-4a64-b7cd-9dfac0a9f80e,8965375835,",Internal Medicine,",Midwest,2025-03-31 06:47:40.381441+00
1ccdb56e-92b3-4e9d-80b2-a9a6a968b036,4804937484,",Internal Medicine,",Northwest,2025-03-31 06:47:40.376144+00
1cd3168b-b8d6-4937-8c4e-3b3fb97aeb54,7224613531,",Obstetrics & Gynecology,",Midwest,2025-03-31 06:47:40.38201+00
1cdb833b-0f41-4944-8a59-8bc333e11c35,4301528280,",Psychiatry,",Midwest,2025-03-31 06:47:40.384019+00
1cf6857d-406d-4185-bac1-6b65753dbfeb,3980334569,",Internal Medicine,",South,2025-03-31 06:47:40.377836+00
1cf95581-30b5-41e6-9048-44dcb75d89bc,9365925255,",Gastroenterology,",South,2025-03-31 06:47:40.399713+00
1cf9ece4-53c5-42b5-a192-69145037310a,1031928126,",Dermatology,",South,2025-03-31 06:47:40.39396+00
1d1a162b-62e6-459c-8ac1-2fb23a45e0d8,5202599881,",Psychiatry,",South,2025-03-31 06:47:40.384658+00
1d20a3f7-8b5c-4f22-b27e-5dfa5b3526b5,6508953195,",Orthopedic Surgery,",Northwest,2025-03-31 06:47:40.391946+00
1d2f0eb8-eaf0-49cb-af57-01de50abbca4,6711813678,",Anesthesiology,",Midwest,2025-03-31 06:47:40.396288+00
1d3aaabf-2fc9-4f52-afe5-35b1b0907982,9353818230,",Orthopedic Surgery,",Midwest,2025-03-31 06:47:40.390975+00
1d4efee2-d749-43e1-89f8-13c622bdfebe,8140402148,",Dermatology,",Northeast,2025-03-31 06:47:40.393536+00
1d506bbd-b7a1-47c9-8749-bd64f094888e,3629953169,",Psychiatry,",South,2025-03-31 06:47:40.384036+00
1d590be7-44db-4e33-9dfb-73238bcd808c,8138824133,",Internal Medicine,",Northwest,2025-03-31 06:47:40.380484+00
1d5dc8a9-62fd-4975-82fb-e5e5692bbee6,1619217178,",Obstetrics & Gynecology,",Northwest,2025-03-31 06:47:40.382925+00
1d6220ed-7110-4e70-8e62-478dc0453896,9767487635,",Anesthesiology,",West,2025-03-31 06:47:40.396546+00
1d7481e6-6349-4994-a373-c88aa2a68d32,9005022159,",Dermatology,",Northeast,2025-03-31 06:47:40.392912+00
1d7fb031-f491-45ec-9e9b-93760a6708d7,8696953228,",Radiology,",South,2025-03-31 06:47:40.394408+00
1d8dd85b-cd71-4375-a46e-108e102caeda,5525162660,",General Surgery,",Northeast,2025-03-31 06:47:40.387474+00
1d9b4911-7dc8-449d-a6bd-51a92340d3e0,6091343716,",General Surgery,",Northwest,2025-03-31 06:47:40.387513+00
1da85ada-d839-4dc1-92ac-4a4f11265070,2075128199,",Cardiology,",West,2025-03-31 06:47:40.388652+00
1da8ac89-1137-4664-a2f2-331513537297,7816195081,",Radiology,",Northeast,2025-03-31 06:47:40.395694+00
1db10c72-029c-48c8-b12e-a3d614006e6e,5709433203,",Orthopedic Surgery,",Midwest,2025-03-31 06:47:40.39096+00
1db40617-0940-420a-8e76-b3c4747d258d,7136371102,",Nephrology,",Northwest,2025-03-31 06:47:40.402095+00
1db7bb4e-c6b8-493d-8ae6-35e4c6c5f2a4,2460579054,",Internal Medicine,",Northwest,2025-03-31 06:47:40.379307+00
1dbf9017-d31f-41fd-9d22-9041c1f974dd,6502513004,",Neurology,",Northwest,2025-03-31 06:47:40.398291+00
1dc19906-9f1a-4b4c-81b9-d07b45098e4e,8973373803,",Internal Medicine,",South,2025-03-31 06:47:40.377129+00
1dceaa2d-a184-4560-8aaa-9c9c732b8531,3975770450,",Psychiatry,",South,2025-03-31 06:47:40.384322+00
1dd39d01-5df8-4c22-b1b3-75be950e75b4,7967122489,",Orthopedic Surgery,",Northwest,2025-03-31 06:47:40.391824+00
1dd5b17f-59ea-45cd-8bbc-3ff7767bb53a,1077923916,",Anesthesiology,",West,2025-03-31 06:47:40.396259+00
1dd6b87b-3b43-49ff-9970-485a36fcefb8,9369092203,",Radiology,",Northwest,2025-03-31 06:47:40.394616+00
1df86617-7139-4a9a-9f2d-cf0d945a2fb7,3604631421,",Orthopedic Surgery,",South,2025-03-31 06:47:40.391383+00
1dfd431e-4339-4434-b751-ca8730c81d99,4209203556,",Oncology,",West,2025-03-31 06:47:40.402543+00
1e02cc12-734a-4910-a8ab-0dc508ef6dbb,3607480835,",Orthopedic Surgery,",West,2025-03-31 06:47:40.39236+00
1e118660-0bab-4ccc-8793-5e1b21ab3b41,3318745459,",Internal Medicine,",Northwest,2025-03-31 06:47:40.376868+00
1e128eec-390f-4f87-9a5a-b2495e9a930b,9180373817,",Internal Medicine,",Northeast,2025-03-31 06:47:40.380112+00
1e229f01-8854-4cd1-9b1b-1e16315c920c,2731968046,",Radiology,",West,2025-03-31 06:47:40.394627+00
1e24c493-6e57-4e7e-b164-9bb3950023af,9987838924,",Neurology,",Northwest,2025-03-31 06:47:40.398918+00
1e30dbdb-4edf-4cf6-88e9-ad8ede10e8a5,8174049147,",Neurology,",Northeast,2025-03-31 06:47:40.398591+00
1e384701-2b7e-402e-baa9-9f65b1447eef,1606534666,",Pulmonology,",West,2025-03-31 06:47:40.401884+00
1e3b130e-a718-47d6-99ac-94539ccb61a0,4285017003,",Internal Medicine,",South,2025-03-31 06:47:40.379836+00
1e3c305f-c6c4-4344-ab59-93a952442c4d,3539201723,",Gastroenterology,",Northeast,2025-03-31 06:47:40.399953+00
1e48e5e4-5e97-4a38-971b-f88f38015164,8459968369,",Internal Medicine,",Northeast,2025-03-31 06:47:40.379731+00
1e4be8c4-d816-4105-a8be-1c04962e50ca,6744239411,",Obstetrics & Gynecology,",South,2025-03-31 06:47:40.383772+00
1e4e9f79-6755-4fb0-844f-d120e92611c0,5372328262,",Orthopedic Surgery,",West,2025-03-31 06:47:40.391519+00
1e5e6b90-1560-4d7c-a917-abd61f60a005,3504000119,",Cardiology,",Northwest,2025-03-31 06:47:40.403536+00
1e78cf2c-3b32-45fc-b775-72faebb2ccd5,6208185274,",Radiology,",West,2025-03-31 06:47:40.395808+00
1e87af6a-f1fc-408f-af0a-3a35c4dd20b7,6538483857,",Cardiology,",Northwest,2025-03-31 06:47:40.390011+00
1e8af5d9-c3a7-4e42-b479-458b8ccde671,7754511724,",Cardiology,",Northeast,2025-03-31 06:47:40.390325+00
1e8f60bc-e5ab-4e09-ad6d-3d0e2b28c5ac,9683981080,",Oncology,",Northeast,2025-03-31 06:47:40.402706+00
1e911c31-e86e-4920-a750-508c007b35b1,7700933485,",Internal Medicine,",West,2025-03-31 06:47:40.377314+00
1e940d66-0c02-422d-9a8e-bc6f4c4bbddd,4187513191,",Nephrology,",West,2025-03-31 06:47:40.402152+00
1e955091-aa00-4440-bce3-1259f8251105,6965671245,",Internal Medicine,",South,2025-03-31 06:47:40.381324+00
1ea1c88a-062e-4674-bb88-5ea2b0b8a420,4946712714,",Gastroenterology,",Midwest,2025-03-31 06:47:40.399354+00
1ead7858-d159-49b8-91c7-6d8a750b9665,7003159994,",Anesthesiology,",Northwest,2025-03-31 06:47:40.397467+00
1eb4b148-ffb8-4a7b-a402-f88987b92762,5908271575,",Internal Medicine,",South,2025-03-31 06:47:40.379073+00
1ec0fed2-2f25-432c-8613-848ef745ea41,3407527368,",Anesthesiology,",Northeast,2025-03-31 06:47:40.396213+00
1ec30a34-dbf7-4132-a816-7ec4458df448,8610420563,",Internal Medicine,",Midwest,2025-03-31 06:47:40.378158+00
1ec6e70b-1dbf-43df-9e94-0cf228345f33,6511295124,",Gastroenterology,",Midwest,2025-03-31 06:47:40.399339+00
1ed32357-fce5-4d8f-895e-0daa2d112033,3178056276,",General Surgery,",Midwest,2025-03-31 06:47:40.387006+00
1edc1bf4-f1d1-4224-9282-1698d2d4d420,6556436206,",Pulmonology,",Northeast,2025-03-31 06:47:40.401644+00
1edf17fd-baba-4079-b3cf-e1b118ce6b40,5702655551,",Dermatology,",South,2025-03-31 06:47:40.393658+00
1edff8c4-91f0-4de3-8380-04a82e8c9f8b,3013436470,",Dermatology,",Northwest,2025-03-31 06:47:40.393099+00
1ee37022-1d9a-41b8-b063-3a396c596950,5039631338,",Gastroenterology,",Midwest,2025-03-31 06:47:40.399125+00
1ee67423-2386-4454-8564-43a4019c0625,1234843506,",Orthopedic Surgery,",West,2025-03-31 06:47:40.392452+00
1ee8eb00-3a64-4f55-a99f-72ae2f96ae45,9933763424,",Radiology,",Northwest,2025-03-31 06:47:40.395034+00
1ef08a50-333e-4533-8376-82734a13cf17,2577172377,",Neurology,",Northwest,2025-03-31 06:47:40.398073+00
1ef79dbe-f8e8-41aa-8535-aa386b5244a5,3149587112,",Internal Medicine,",Northeast,2025-03-31 06:47:40.38075+00
1f0b3d4a-8fbe-48e9-b3a5-ffacd23b3a4b,3680233296,",General Surgery,",Northeast,2025-03-31 06:47:40.386201+00
1f0f28b6-6657-4c8a-a67c-b970a638d185,4723779376,",Pulmonology,",Northwest,2025-03-31 06:47:40.401574+00
1f0f44e9-8ecb-46be-ab5c-5c76e5aa5a67,1059018161,",Psychiatry,",Northeast,2025-03-31 06:47:40.385793+00
1f15541c-71e3-4ed5-8f3a-8ac28fe05c4f,9938485474,",Cardiology,",South,2025-03-31 06:47:40.390371+00
1f1610be-edd2-4c2a-add7-cbbd087c1059,3559304524,",Internal Medicine,",South,2025-03-31 06:47:40.37801+00
1f1751e9-7f99-49b5-a51b-d88545abd167,6874999188,",Internal Medicine,",Northeast,2025-03-31 06:47:40.380461+00
1f1c009b-49bf-4522-816f-a457bf0a658b,4076559327,",Internal Medicine,",South,2025-03-31 06:47:40.376504+00
1f1ed1f7-a54d-4d34-8816-372c2ba826b5,4030955314,",Oncology,",Northeast,2025-03-31 06:47:40.402973+00
1f205898-5bca-47a7-8a03-e70d4dba111c,9190364221,",Neurology,",Northeast,2025-03-31 06:47:40.398483+00
1f22aa35-3a5b-4179-9d6b-b99abff2b005,6940070601,",Radiology,",Midwest,2025-03-31 06:47:40.394508+00
1f31ea60-60f7-4d7f-af86-542ee1f60459,5563556632,",Internal Medicine,",West,2025-03-31 06:47:40.403638+00
1f3796fa-af91-4128-bfd3-5ca03f5e3312,6928243071,",Urology,",Midwest,2025-03-31 06:47:40.401064+00
1f37f191-78a1-4b92-8abe-482fbe748a0b,5564180816,",Psychiatry,",Northwest,2025-03-31 06:47:40.384145+00
1f4c0e94-93bf-417d-9435-a670430d1755,7923367320,",Internal Medicine,",Midwest,2025-03-31 06:47:40.377241+00
1f5d4161-57d2-4241-bb82-079739b7aafa,3161023879,",Dermatology,",Northwest,2025-03-31 06:47:40.403217+00
1f5d444c-5b3f-4897-8c99-f787c0219680,8613874339,",General Surgery,",West,2025-03-31 06:47:40.386296+00
1f5da3b2-a571-4005-a899-b37ddec8710c,6755710053,",Radiology,",Midwest,2025-03-31 06:47:40.394906+00
1f617044-d9f6-443f-b513-4d51d27f9b4a,9518816186,",Neurology,",Northwest,2025-03-31 06:47:40.398884+00
1f62550c-da59-46da-b981-c4ef622581d7,4041005988,",Obstetrics & Gynecology,",Midwest,2025-03-31 06:47:40.382698+00
1f6c73c8-63b7-4192-b7bd-74dbaea37354,3186029440,",Obstetrics & Gynecology,",Northwest,2025-03-31 06:47:40.382785+00
1f848671-92a1-46e2-9557-db532e2caa17,9461606767,",Neurology,",Midwest,2025-03-31 06:47:40.398076+00
1f8c9c52-b34d-4140-ab51-acca0ddd4750,2791519280,",Obstetrics & Gynecology,",Midwest,2025-03-31 06:47:40.383743+00
1f8ced22-3cc4-4c6f-936c-e640a89163b4,7533091849,",Dermatology,",West,2025-03-31 06:47:40.39414+00
1f8e3765-a0de-4a2e-a096-e0dec4c8dc59,2091636019,",Cardiology,",Northeast,2025-03-31 06:47:40.390434+00
1f903447-6083-4eb9-b228-43a6c8213b49,7979889034,",Orthopedic Surgery,",West,2025-03-31 06:47:40.391799+00
1f90f039-2ede-43e1-abe2-5f465230d20c,6013788694,",Urology,",West,2025-03-31 06:47:40.400405+00
1f910fce-55c7-4108-b93c-0c82609e9dc0,3887159244,",Internal Medicine,",Midwest,2025-03-31 06:47:40.376819+00
1f9114da-d5ff-4f97-a741-b113d226c111,7009134270,",Nephrology,",Midwest,2025-03-31 06:47:40.402306+00
1f9b98a7-8003-45b4-9b6d-bbacb0ad8e36,3687509976,",General Surgery,",Northeast,2025-03-31 06:47:40.38639+00
1f9efbd7-7979-49f4-a7eb-b80e90fdd785,6852277728,",Orthopedic Surgery,",West,2025-03-31 06:47:40.391796+00
1f9f0a05-7c77-4676-b88f-9c506dde7fbc,5892574117,",Urology,",West,2025-03-31 06:47:40.400943+00
1fa94461-60fe-4458-a036-ba67f9306dd4,4197826864,",Dermatology,",Midwest,2025-03-31 06:47:40.393408+00
1fbcbadf-f93a-4490-aed1-2267e6d4ac77,8553898666,",Internal Medicine,",West,2025-03-31 06:47:40.376839+00
1fbfc63f-6ca2-4807-857c-cd0d5de48cb1,2746489625,",Internal Medicine,",Northeast,2025-03-31 06:47:40.380371+00
1fcd4144-2268-4c3d-b93b-3ec8bed826b2,5813001836,",Anesthesiology,",Northeast,2025-03-31 06:47:40.396285+00
1fd6b5b3-01c0-4ec2-be99-b9dd167d3919,2621492978,",Dermatology,",Northwest,2025-03-31 06:47:40.394059+00
1fd871dd-ce42-4f15-bf74-8810f5c466f2,9343139590,",Dermatology,",South,2025-03-31 06:47:40.393811+00
1fe231fa-cb42-4b1d-8033-b036e9a6cfae,8166868138,",Psychiatry,",Northwest,2025-03-31 06:47:40.384319+00
1fea6cc1-a0b5-4100-95e6-d0b933b2fcb7,4992433896,",Nephrology,",South,2025-03-31 06:47:40.402003+00
1ff3127d-b405-4859-b9c4-4d087ad197c6,3720810635,",Internal Medicine,",South,2025-03-31 06:47:40.378307+00
1ff7adc8-0d54-44c0-af2b-3cfac8727fe4,5409909998,",Obstetrics & Gynecology,",West,2025-03-31 06:47:40.382666+00
1ff96cb0-44c2-43d7-acc9-fe15c9d4334f,5002899447,",Internal Medicine,",Northeast,2025-03-31 06:47:40.378088+00
2002f0fa-ffdc-453a-ad85-5ecb883f7d23,3142325579,",Internal Medicine,",West,2025-03-31 06:47:40.380246+00
20084ea9-c1c1-4a7c-9c01-4d52569747c0,1727807942,",Orthopedic Surgery,",Midwest,2025-03-31 06:47:40.390816+00
2009bb74-d34d-4c3d-bd0a-c7af11983aff,8759451472,",Obstetrics & Gynecology,",West,2025-03-31 06:47:40.381671+00
2010edda-cdc2-43cf-8e68-319b39bc49c0,9667435149,",Neurology,",West,2025-03-31 06:47:40.397836+00
201be4f3-c5b4-4063-bbf5-7e8f175f0de5,6376734654,",Anesthesiology,",South,2025-03-31 06:47:40.396233+00
201ddc85-93cc-4141-b58d-ed999fa6cca8,7576150006,",General Surgery,",Northwest,2025-03-31 06:47:40.387261+00
201e4fd1-01af-46c4-85a8-363b0516fe98,4666491795,",Internal Medicine,",Northwest,2025-03-31 06:47:40.37783+00
201ea370-8d97-4fd5-ac95-455343afbce8,3002485171,",Dermatology,",South,2025-03-31 06:47:40.404053+00
203b7ec2-b0b7-479c-bd34-6b99d100c198,5481316044,",Psychiatry,",South,2025-03-31 06:47:40.384165+00
203f39de-7d5c-4439-a95e-0a9f101f720f,8324130331,",Orthopedic Surgery,",Midwest,2025-03-31 06:47:40.391877+00
2041d60d-d6f5-41cc-9399-d4d80bc8c794,2290281457,",Internal Medicine,",West,2025-03-31 06:47:40.37734+00
204f6e36-107a-43d5-a741-50cd323dee48,8203479350,",Gastroenterology,",Northeast,2025-03-31 06:47:40.400214+00
205df7e8-5f54-4055-9937-cd8fa88f47f1,9851726961,",Radiology,",South,2025-03-31 06:47:40.395155+00
205e54b5-9e2e-4b9a-8864-92a236fdbebc,7334232115,",Cardiology,",South,2025-03-31 06:47:40.389651+00
205f9b3b-202b-4ace-8407-92263db62b1d,4039989719,",Psychiatry,",Midwest,2025-03-31 06:47:40.385397+00
205fd9f5-a749-450b-913d-2eac21c0a82e,1266191931,",Orthopedic Surgery,",South,2025-03-31 06:47:40.391929+00
2060ce43-cfc0-4b97-90a9-d16a94f86a9d,5671342799,",General Surgery,",West,2025-03-31 06:47:40.404803+00
206430ec-41a3-4a89-ad4c-829ac7a51ebc,2762996812,",Anesthesiology,",South,2025-03-31 06:47:40.39656+00
2066abaf-5eb0-491e-94e2-536059417bab,2059843940,",Psychiatry,",West,2025-03-31 06:47:40.403231+00
206b6ecd-1436-4c97-9948-afd206d1269d,3007481368,",Obstetrics & Gynecology,",Northeast,2025-03-31 06:47:40.381926+00
207021e8-13e5-43ba-ba69-27072062d19d,4435108600,",Psychiatry,",Northeast,2025-03-31 06:47:40.385748+00
2086f5fe-df5f-487a-b079-92fbe7bcee72,2158836240,",Obstetrics & Gynecology,",Midwest,2025-03-31 06:47:40.383778+00
208b2595-b107-4da8-9161-25c8325390b2,5589156403,",Neurology,",Northeast,2025-03-31 06:47:40.398819+00
208b954c-287f-4e22-9898-159ad9a4109d,4615932494,",Gastroenterology,",West,2025-03-31 06:47:40.399696+00
209e9072-9f2a-4790-8e43-4fc73ab3e133,1967110343,",Neurology,",West,2025-03-31 06:47:40.398949+00
20a245ad-986c-4bdb-859b-eda83130141f,8453489019,",Gastroenterology,",Midwest,2025-03-31 06:47:40.399774+00
20a2932c-f9b7-49a8-8781-ba7c73b9c503,8120299136,",Obstetrics & Gynecology,",West,2025-03-31 06:47:40.382056+00
20a39d39-9601-4b34-a87a-846139809c29,7681557452,",Internal Medicine,",West,2025-03-31 06:47:40.381514+00
20a4887a-8efd-4568-8408-8f3f4732814a,1686146177,",Psychiatry,",Midwest,2025-03-31 06:47:40.385569+00
20b91a27-42a0-423f-9454-ee6a61fb5bb5,1994995515,",Radiology,",West,2025-03-31 06:47:40.39524+00
20bc7e79-e225-4e4c-aee6-2eaed9727c24,9383378331,",Cardiology,",Northwest,2025-03-31 06:47:40.390103+00
20c7c871-c38e-46aa-aac8-ff25dbd32b7d,6542456556,",Dermatology,",South,2025-03-31 06:47:40.393647+00
20c9a6be-b6f1-4441-8643-5fec27e9dcb4,7395628831,",Internal Medicine,",South,2025-03-31 06:47:40.377365+00
20e7ba2e-c9e2-46f7-940f-35e427381688,4173213274,",Urology,",Northeast,2025-03-31 06:47:40.400724+00
21012e7c-480a-4e9c-98e5-92907f7d297e,3031869749,",Obstetrics & Gynecology,",Midwest,2025-03-31 06:47:40.383152+00
21083688-2209-4a82-885d-16574eca61a6,4252450833,",Gastroenterology,",Midwest,2025-03-31 06:47:40.400133+00
2109c27f-4dbe-4758-85ce-35ee7cf56f39,3276073826,",Urology,",Northwest,2025-03-31 06:47:40.400515+00
2113750c-f3a6-421b-8349-66bdb19d8861,9885692677,",Oncology,",Northwest,2025-03-31 06:47:40.402778+00
211a649a-6a44-4f88-a20c-2f14179aa48f,3328054432,",Internal Medicine,",Northeast,2025-03-31 06:47:40.381548+00
2124851c-958c-478f-aeb4-f21e1244e85e,6841049271,",Orthopedic Surgery,",South,2025-03-31 06:47:40.391266+00
212a8c7b-0169-4700-a4f8-bb46caf45dd9,1904106534,",Urology,",Northeast,2025-03-31 06:47:40.400279+00
212a9589-113a-4a27-8c2d-be311a18f8fc,9615291505,",Psychiatry,",Midwest,2025-03-31 06:47:40.385756+00
2134876a-c483-442c-b00a-d1e80ee86128,8038199310,",Orthopedic Surgery,",Northwest,2025-03-31 06:47:40.39142+00
213a86ee-14ee-403f-a69a-95a8304390b9,6497643361,",Psychiatry,",Northeast,2025-03-31 06:47:40.385334+00
2143e5c1-cbd1-4b13-8c95-0b841edaf7eb,7118398585,",Cardiology,",West,2025-03-31 06:47:40.388638+00
21505a6e-9dba-446d-bd41-135f4fa9da2a,4255049089,",Neurology,",South,2025-03-31 06:47:40.398597+00
2157c654-8ce9-4c95-859c-20a3c9f055fe,4393329454,",Anesthesiology,",South,2025-03-31 06:47:40.397368+00
21710266-fb75-4918-bd51-427e449f4fd8,9224187354,",Orthopedic Surgery,",Northwest,2025-03-31 06:47:40.39144+00
217bd167-19ff-4929-942d-042321706fc3,7954845591,",Obstetrics & Gynecology,",Northwest,2025-03-31 06:47:40.381723+00
217db3e3-d73f-4a44-bab1-8d0882664c92,8876168673,",Pulmonology,",West,2025-03-31 06:47:40.401411+00
2184eab5-7e80-436a-969f-279392ff5896,4989232147,",General Surgery,",West,2025-03-31 06:47:40.387387+00
21873de4-f26b-4f32-98a7-ef59a18a8275,7048980838,",Psychiatry,",West,2025-03-31 06:47:40.385547+00
218873d5-5855-4374-b135-ac9c9191a848,7619157114,",Internal Medicine,",South,2025-03-31 06:47:40.380897+00
21950569-861d-41f2-9f5d-be0d57e03152,7343207808,",Cardiology,",Midwest,2025-03-31 06:47:40.388681+00
21a20a9c-b96a-455c-aece-e16dfeea6506,1977798147,",Internal Medicine,",Midwest,2025-03-31 06:47:40.404517+00
21a7f156-d499-4de9-94b8-e61f278f2c63,8724235153,",Obstetrics & Gynecology,",Northwest,2025-03-31 06:47:40.382201+00
21abaffe-17fa-4fdb-8060-9e3ac75c90f6,5270878544,",Anesthesiology,",West,2025-03-31 06:47:40.396446+00
21af293f-ac46-4110-abab-f22098d0d20c,8509270529,",Internal Medicine,",Northeast,2025-03-31 06:47:40.376357+00
21b1133f-5292-4b7d-9852-7fb8ef1ef1dd,5833388936,",Internal Medicine,",West,2025-03-31 06:47:40.377528+00
21b47bc8-96ce-46f8-9248-3348a1b739fa,7865183702,",Dermatology,",Northeast,2025-03-31 06:47:40.393064+00
21b6eb34-958c-41b9-a284-9c0c92069d7b,6760067424,",General Surgery,",West,2025-03-31 06:47:40.387356+00
21c8ca50-3c19-4715-a1b1-b283e316ec31,8460193866,",Internal Medicine,",West,2025-03-31 06:47:40.37776+00
21d1f4e4-ffbe-46b6-8d36-8372e5bae4bb,4919307224,",Neurology,",South,2025-03-31 06:47:40.398418+00
21d6d5b9-3931-49e8-a1f2-441c3392937f,7694489937,",Pulmonology,",Midwest,2025-03-31 06:47:40.401586+00
21d916de-4537-4528-8b5c-bf5c946d7383,6222793304,",Neurology,",South,2025-03-31 06:47:40.398421+00
21dde91c-887c-493e-837d-ca508743c9a9,3465227583,",Urology,",Midwest,2025-03-31 06:47:40.403783+00
21f443f9-2182-4760-923c-8d9d504538e1,8339510175,",Radiology,",Northeast,2025-03-31 06:47:40.403882+00
21f4c17c-a73b-4856-a859-efb32cc56c1d,5292427314,",Gastroenterology,",West,2025-03-31 06:47:40.400115+00
21fd099f-d9e4-4934-95e3-6a168209aa2b,9470000735,",Radiology,",Northwest,2025-03-31 06:47:40.395614+00
22079550-2a4f-430f-b4e8-a9e1317ea5a9,6570328233,",Radiology,",Midwest,2025-03-31 06:47:40.394659+00
2208871c-f831-460f-9ddf-db807344a0c8,5559484174,",General Surgery,",Northeast,2025-03-31 06:47:40.387048+00
2211706a-8603-4143-a008-6221cc8eebf2,4567074423,",Psychiatry,",Northeast,2025-03-31 06:47:40.384116+00
2215cc88-dfe4-4c69-b4ed-2f688e7f8510,3716353048,",Radiology,",Midwest,2025-03-31 06:47:40.394872+00
221f0d2c-7f30-4155-bb42-0fc039d96e60,7809282757,",Pulmonology,",Northeast,2025-03-31 06:47:40.401589+00
222d1a07-c027-4066-b6f4-c26aae3e42d8,3341772427,",Internal Medicine,",Northwest,2025-03-31 06:47:40.377016+00
22362520-a466-47a7-8568-18f4475ceb94,3254263689,",Obstetrics & Gynecology,",South,2025-03-31 06:47:40.382325+00
223d5bf2-cac2-4604-990c-0c976f3969d9,5615310712,",Obstetrics & Gynecology,",Northwest,2025-03-31 06:47:40.382157+00
223f426e-ab15-48ae-9084-1b9692d12fdf,9470687593,",Psychiatry,",Northwest,2025-03-31 06:47:40.385041+00
2241a5ca-4b99-4e94-8d9e-d36ee9460a1b,1962467541,",Cardiology,",South,2025-03-31 06:47:40.388489+00
2243c099-4489-47e6-ab44-07581bf6961b,6239323366,",Radiology,",Midwest,2025-03-31 06:47:40.395016+00
2245e840-fb84-4bb0-95e9-d0e7c818e73a,3547649218,",Psychiatry,",Northeast,2025-03-31 06:47:40.383993+00
224bbb6e-b84e-4e48-a596-6b0ce0c1d7b8,1994861164,",Cardiology,",Midwest,2025-03-31 06:47:40.389836+00
22513939-a2aa-4ded-aa77-d0d4a05a9f5e,6220384511,",Radiology,",Midwest,2025-03-31 06:47:40.395369+00
225321a0-a4d7-4fc2-b7ef-8c94b2dc410f,9962516865,",Dermatology,",Northeast,2025-03-31 06:47:40.393957+00
22541153-4e3d-417d-ab45-a68310929f82,3594768036,",Oncology,",West,2025-03-31 06:47:40.402695+00
225adc1f-2492-4d12-811f-85f107bf1ac1,7139847287,",Cardiology,",South,2025-03-31 06:47:40.389994+00
225f0bc1-4274-416e-9933-ca87980fb1e6,2513977476,",Orthopedic Surgery,",Midwest,2025-03-31 06:47:40.391485+00
2268f72f-55a4-43f8-8a7c-4621547940c4,4755910761,",Anesthesiology,",South,2025-03-31 06:47:40.397013+00
227320c6-d43c-4580-8af3-5ab160d900b2,2658310018,",General Surgery,",South,2025-03-31 06:47:40.387228+00
2274edf4-b9f7-4333-a0e9-646bee928a31,7682844583,",Internal Medicine,",South,2025-03-31 06:47:40.376512+00
22766baa-4b3d-418a-ae78-b79bccfe6b48,1401026048,",Urology,",Northwest,2025-03-31 06:47:40.400347+00
227c069f-fe52-43d6-8cae-b8a519d7282c,7411136735,",Anesthesiology,",West,2025-03-31 06:47:40.396874+00
22a438a5-7e5c-440e-a6f3-eeb5607973ee,8966910580,",General Surgery,",Northeast,2025-03-31 06:47:40.38784+00
22a4add5-8c0d-415b-9f36-2375e028f975,5641658115,",Dermatology,",West,2025-03-31 06:47:40.393087+00
22a629a3-9081-4942-b6f4-2c7d29b7f50d,2022700569,",Obstetrics & Gynecology,",South,2025-03-31 06:47:40.383301+00
22a6a609-82ff-41e8-a159-a3c6822223ca,6416342752,",General Surgery,",Northeast,2025-03-31 06:47:40.386232+00
22afdbf9-f5f5-408f-b7db-a2bbe8c51c79,1444270728,",Internal Medicine,",Northwest,2025-03-31 06:47:40.380785+00
22ba9900-cbe5-4b57-a71c-ecec30c7906f,9991161849,",Obstetrics & Gynecology,",South,2025-03-31 06:47:40.382571+00
22bb7a9d-6e4b-461d-af29-245c5ef37964,9792623509,",Neurology,",Northeast,2025-03-31 06:47:40.397813+00
22bc4e55-3011-4fd7-9fb0-7b48485057e9,8837202942,",Neurology,",Northwest,2025-03-31 06:47:40.398868+00
22d06a71-dae7-4120-b8ed-39e3e4bf5499,7547128201,",General Surgery,",Northwest,2025-03-31 06:47:40.404041+00
22df63dc-9d89-47e3-adaf-929282dd3b55,5980991313,",Urology,",South,2025-03-31 06:47:40.400373+00
22e8f5a9-5ec1-4344-b353-64c844a6b35b,6539606100,",Obstetrics & Gynecology,",South,2025-03-31 06:47:40.382771+00
22f3b0cf-9ef2-4c6f-bce4-b92642f13852,9558549893,",Radiology,",Midwest,2025-03-31 06:47:40.39488+00
22fa61b9-7ee2-4251-8802-5a01f69d9e85,9854737463,",General Surgery,",Northeast,2025-03-31 06:47:40.386336+00
22fa6279-2ddb-40a7-a8c4-f980e2845685,8008975825,",General Surgery,",Northeast,2025-03-31 06:47:40.386266+00
22fa7131-172b-4580-8606-857514a2241e,5564555700,",Orthopedic Surgery,",Northwest,2025-03-31 06:47:40.391737+00
22fca870-874d-496a-8cfe-135f406bfcee,7061201916,",Obstetrics & Gynecology,",West,2025-03-31 06:47:40.383207+00
231a49d5-353f-45bb-9726-3dfe6ee252ff,4651911764,",Psychiatry,",Midwest,2025-03-31 06:47:40.385672+00
231af4f9-d516-40c5-a531-3676639cb7c0,5304987325,",Radiology,",Northwest,2025-03-31 06:47:40.394791+00
233792ce-8df3-4d15-b5b9-11140b8f2e06,7037392401,",Urology,",Northeast,2025-03-31 06:47:40.400289+00
233961c8-0730-4de8-ac0c-5f41580ca6a5,9583775157,",Cardiology,",South,2025-03-31 06:47:40.390493+00
233ee467-6cdf-4bfd-bf03-fd406c9af0ea,2740536090,",Obstetrics & Gynecology,",West,2025-03-31 06:47:40.403966+00
2341ccd2-02fa-45b1-ad86-767d59836b02,6079658996,",Psychiatry,",Northeast,2025-03-31 06:47:40.384258+00
2343d563-5e25-4d63-9b82-150ed5246acb,2410203410,",Internal Medicine,",Northeast,2025-03-31 06:47:40.380106+00
2345c122-2156-4b7b-9294-0774f18a2dbe,5920229203,",Anesthesiology,",South,2025-03-31 06:47:40.39641+00
234ff669-94a9-4174-ab29-edade1c84d6f,6039974902,",Dermatology,",Midwest,2025-03-31 06:47:40.393765+00
23564523-048a-4fe9-8bd2-0e9152732687,1422512889,",Obstetrics & Gynecology,",Northeast,2025-03-31 06:47:40.383866+00
2360c32c-d523-4a8d-bb27-72f090c9fcf7,3065148658,",Gastroenterology,",Midwest,2025-03-31 06:47:40.39948+00
236462be-dc3b-4e48-8bfb-af2f24f43918,1162959694,",Internal Medicine,",Northeast,2025-03-31 06:47:40.377984+00
23667d52-e593-4ec7-984c-19405a15d7ae,2341287879,",General Surgery,",West,2025-03-31 06:47:40.386532+00
236e45bf-8dca-4284-aa7d-a76b0d8e2f4f,4862894413,",Internal Medicine,",Northeast,2025-03-31 06:47:40.376893+00
2373eba5-9adb-4c79-9ab9-f039cb320754,2408310851,",Obstetrics & Gynecology,",West,2025-03-31 06:47:40.382395+00
23773416-b401-4b90-ab1e-20b96a3d2fee,4965426918,",Internal Medicine,",Northwest,2025-03-31 06:47:40.37683+00
237a1a3e-60d7-4301-88c9-a9f727540ce6,5840813520,",Internal Medicine,",Northwest,2025-03-31 06:47:40.378231+00
237a6a4e-ec2f-4240-bb01-5c1c2605cfc3,7223260921,",Internal Medicine,",Northwest,2025-03-31 06:47:40.381516+00
23893e29-b4ec-44a5-a4eb-08db14dbea35,8939399474,",Radiology,",Northeast,2025-03-31 06:47:40.395415+00
23958a15-8d27-47a3-9e76-abd14249e888,4478066037,",Oncology,",Northeast,2025-03-31 06:47:40.402947+00
239abaeb-4059-450e-8a7e-405f6d37ec09,8888460613,",Internal Medicine,",West,2025-03-31 06:47:40.376478+00
23a0cd3f-f3c2-4217-ae1b-a6a28e7577c5,1991832025,",Internal Medicine,",Northwest,2025-03-31 06:47:40.377723+00
23a394d9-446e-45fc-80e6-7d0eddc24a2d,2520876763,",Orthopedic Surgery,",West,2025-03-31 06:47:40.390898+00
23aa9fc4-7366-46f8-b811-835a4ab6732b,9099655623,",Dermatology,",South,2025-03-31 06:47:40.39322+00
23aff1b1-24bb-4bea-b309-be4c3817ffb5,9381147340,",Internal Medicine,",West,2025-03-31 06:47:40.378771+00
23b4bf5c-8289-4e93-8302-a635b9d09764,8602183722,",Cardiology,",Midwest,2025-03-31 06:47:40.388384+00
23b5640a-978c-49b1-9e7c-c0821eab60a1,3567465643,",Dermatology,",Northwest,2025-03-31 06:47:40.403722+00
23c64693-c503-4292-9fbc-31c88c8c0f58,8743799782,",Obstetrics & Gynecology,",Northwest,2025-03-31 06:47:40.383801+00
23e2963b-c47a-4f1a-88d0-b879bd1a7039,2594638053,",Gastroenterology,",South,2025-03-31 06:47:40.399669+00
23e8599e-d2fe-4c99-b753-a4abadb5a1b1,2879721012,",General Surgery,",Northeast,2025-03-31 06:47:40.386506+00
23fdb389-2849-4d43-8ac6-869cf5463969,2855324927,",Obstetrics & Gynecology,",South,2025-03-31 06:47:40.404451+00
23fed7e4-7020-40cd-adc9-6f6e774139b9,3618575254,",Anesthesiology,",South,2025-03-31 06:47:40.397604+00
240aa98b-7c4f-43c6-a6ed-50ae3887567a,9987990174,",Psychiatry,",Northeast,2025-03-31 06:47:40.384125+00
24144764-eead-455b-a3df-9aa158cb6a0f,5198553519,",Anesthesiology,",Northeast,2025-03-31 06:47:40.396912+00
241ccdee-9e2a-47d6-967d-8d3e458cdeca,3841702927,",Neurology,",Northwest,2025-03-31 06:47:40.398929+00
241db272-ecd5-4475-8336-8088a99978d2,7979965616,",General Surgery,",Northeast,2025-03-31 06:47:40.3879+00
2422580f-d3c3-4901-9f6a-ed551dfc20a1,6996815554,",Anesthesiology,",South,2025-03-31 06:47:40.39709+00
24280ffd-39e1-42b4-bcaf-7d9a55bc8a33,7106052587,",Radiology,",South,2025-03-31 06:47:40.394514+00
2428fe78-b2ea-4b07-9577-ad3680849763,9776527376,",Internal Medicine,",Northwest,2025-03-31 06:47:40.378225+00
242b5c5e-42db-42cd-bc1b-d43cf64a2e94,7589476823,",Internal Medicine,",West,2025-03-31 06:47:40.379844+00
24394578-54bd-490d-bbd4-2a4dbdbaba45,4754646808,",Gastroenterology,",Northwest,2025-03-31 06:47:40.399241+00
24421a7f-66d4-4575-8786-2eea0d6aa3d6,6304041139,",Neurology,",South,2025-03-31 06:47:40.397816+00
24486197-46e6-4918-8aff-9620b349b734,4445256330,",Internal Medicine,",South,2025-03-31 06:47:40.377278+00
2454cd3e-32dc-468f-8b48-4dec86f06a56,6244436451,",Radiology,",West,2025-03-31 06:47:40.395677+00
2459ccc4-c343-4713-b963-9e4be6776db1,2835582005,",Psychiatry,",West,2025-03-31 06:47:40.384621+00
245a4612-c15c-4598-9f9f-9445ee7f18a4,8486401143,",Internal Medicine,",Northeast,2025-03-31 06:47:40.381079+00
245c6b97-13b6-4374-be6b-9ea0c03eced6,5124379792,",Urology,",West,2025-03-31 06:47:40.400597+00
247924f2-88ca-4040-969f-8fa54cf75326,8130654318,",Neurology,",West,2025-03-31 06:47:40.398614+00
247b55fa-6aa2-4da2-b04a-b33703171bd1,8942488919,",Orthopedic Surgery,",South,2025-03-31 06:47:40.391061+00
24845c6c-c1af-4868-971e-9add73195dae,5651358720,",Internal Medicine,",Northeast,2025-03-31 06:47:40.380296+00
248e024f-bf27-4f17-8453-7e66aed963ad,1804437737,",Psychiatry,",Northeast,2025-03-31 06:47:40.385784+00
24907dc4-8db9-4cbe-9d92-ecfbc3a05690,3087343928,",Internal Medicine,",Midwest,2025-03-31 06:47:40.378566+00
24944c39-34db-4766-a092-5f6cc74fa902,7561581113,",Internal Medicine,",Midwest,2025-03-31 06:47:40.381181+00
249496be-53ca-428e-8b74-05f107691b8c,1131568583,",Oncology,",Midwest,2025-03-31 06:47:40.403561+00
2494c224-8653-4043-bfac-2e03713650cd,3863923625,",Internal Medicine,",Northeast,2025-03-31 06:47:40.37859+00
2496c16b-cb83-4371-a983-a8fa8e71d146,9940464731,",Orthopedic Surgery,",Northeast,2025-03-31 06:47:40.391221+00
24984a4e-6f92-43df-b27f-30b18f62f693,4218820824,",Dermatology,",West,2025-03-31 06:47:40.392743+00
249a406c-1e96-4905-ad96-61f31448edb8,2439922067,",Psychiatry,",South,2025-03-31 06:47:40.384837+00
249f6dfa-2df6-48e0-b8ca-3bd2e87defcc,4745523340,",Urology,",South,2025-03-31 06:47:40.401016+00
24a02853-a9b1-4ba7-9574-8687ea29405c,6525726584,",Internal Medicine,",Northeast,2025-03-31 06:47:40.380103+00
24a1a4e9-e15e-4dbf-a97f-71640294a638,4396320937,",Neurology,",Northwest,2025-03-31 06:47:40.397926+00
24af437a-6565-4d24-82e1-dbdf1d8309bf,6760519628,",Oncology,",Northeast,2025-03-31 06:47:40.402976+00
24c11e1a-eb2d-4bda-ab5d-9e679cc76542,6281695786,",General Surgery,",Northeast,2025-03-31 06:47:40.38714+00
24c67d33-44da-42c1-948e-a7251abdb749,9410369524,",Psychiatry,",Midwest,2025-03-31 06:47:40.384016+00
24ca8c70-e44d-4b5a-9bfa-76a4cfdca1ca,8602081086,",Cardiology,",West,2025-03-31 06:47:40.389876+00
24d7222e-1e37-49cb-b849-5619b02e081f,8894614249,",Radiology,",Northeast,2025-03-31 06:47:40.394376+00
24d80f8a-b744-4e0e-87dd-d825eeb6687c,5838913822,",Orthopedic Surgery,",South,2025-03-31 06:47:40.392592+00
24df69cf-f61a-4ff9-802d-a870ccdf0658,5394016518,",Neurology,",West,2025-03-31 06:47:40.398297+00
24e5251c-0612-4881-9e25-5a8e4e3149d4,8395499884,",Anesthesiology,",South,2025-03-31 06:47:40.397216+00
24e8d358-123e-41a8-8a05-a4f5a697c082,6086796563,",Psychiatry,",West,2025-03-31 06:47:40.385669+00
24ea2d4d-a1e6-4dad-9a41-a7ca24f53569,8721783460,",Internal Medicine,",Northeast,2025-03-31 06:47:40.381151+00
24edcb43-024e-4ab8-9d03-6c9e50aabeda,8040046705,",Internal Medicine,",Northwest,2025-03-31 06:47:40.376167+00
24f1d4d3-2da2-4900-bc57-1a454d7a01db,7680586846,",Obstetrics & Gynecology,",Northwest,2025-03-31 06:47:40.381874+00
24f5bf8e-8743-4edf-989f-17aee921f4f1,7445948211,",Cardiology,",Northeast,2025-03-31 06:47:40.389572+00
24fe169f-c075-40d6-9eed-f291ad495eef,5842467017,",Obstetrics & Gynecology,",West,2025-03-31 06:47:40.381685+00
25073cc4-7c3b-4ea2-abff-935cd81abc49,6972045067,",Urology,",South,2025-03-31 06:47:40.400721+00
2512b51d-b737-405e-8db5-edfa52a89a78,2451175849,",Urology,",Northwest,2025-03-31 06:47:40.400917+00
2515c373-a1c8-42aa-bd4c-0c7e431771a5,8438165590,",Cardiology,",Northwest,2025-03-31 06:47:40.403888+00
251b5a33-45f0-4059-8eff-f3decf14795a,7633210085,",Orthopedic Surgery,",West,2025-03-31 06:47:40.391175+00
251e9447-9b66-4d31-8477-22293d271923,7828374048,",Psychiatry,",Midwest,2025-03-31 06:47:40.385253+00
2524e4df-7b8e-4f0b-ad04-d64162825993,7415808229,",Neurology,",Northeast,2025-03-31 06:47:40.398554+00
252ca590-d963-41fd-9eeb-5ec6ea8e0652,8813199537,",Pulmonology,",West,2025-03-31 06:47:40.40127+00
252e95b0-5fef-41cc-97be-7791bcc93176,9479096235,",Internal Medicine,",Northeast,2025-03-31 06:47:40.376509+00
25307fd8-85a7-4902-9380-4b2a29137f0c,1893165694,",Radiology,",Midwest,2025-03-31 06:47:40.395691+00
254e868f-8bcd-4868-a0b0-54301251f350,2756204830,",Anesthesiology,",Northeast,2025-03-31 06:47:40.397193+00
2552e167-ec30-4775-ac00-d49545a9c33d,6107104392,",Internal Medicine,",Northwest,2025-03-31 06:47:40.379304+00
255a47fd-140a-4365-9ff3-047c38a55ad5,2230659852,",Psychiatry,",West,2025-03-31 06:47:40.384874+00
255adb35-d16e-4ec6-958e-eb9f6072e932,7781672421,",Internal Medicine,",West,2025-03-31 06:47:40.379711+00
2562825f-5f32-4d52-a8b1-7ce061be44ed,7054859697,",Pulmonology,",South,2025-03-31 06:47:40.401343+00
256dcb54-3450-4bf0-ad9a-1c7cdb225880,4921471012,",Internal Medicine,",South,2025-03-31 06:47:40.378509+00
256ea0e3-0845-49f9-942b-3222bdf452a4,3549385126,",Nephrology,",Midwest,2025-03-31 06:47:40.402351+00
256f5c19-009c-43be-ad2f-12fc175dc70d,1550130029,",Internal Medicine,",Northwest,2025-03-31 06:47:40.376752+00
2571f96a-0ae2-4da6-85ea-c0ecb20ad42d,3442667754,",Psychiatry,",Northwest,2025-03-31 06:47:40.384244+00
257b1303-9e77-45a6-a61c-a169f639d784,5448091798,",Anesthesiology,",South,2025-03-31 06:47:40.396959+00
257d0cf8-095d-45a3-95a3-6f1bef647a9e,3476298530,",Psychiatry,",West,2025-03-31 06:47:40.38396+00
257f2065-9e42-45e4-8ce5-cbfd205f1c61,6450686199,",Orthopedic Surgery,",South,2025-03-31 06:47:40.391289+00
25844194-4ec8-480f-9960-108a54af76f9,9418711045,",Internal Medicine,",Northeast,2025-03-31 06:47:40.380828+00
2589daf9-fbd1-4794-a718-f4c29d4d4d19,1518923223,",Internal Medicine,",West,2025-03-31 06:47:40.380837+00
25a5d385-ff2a-4c31-b377-e33f060d9733,9962654238,",Internal Medicine,",South,2025-03-31 06:47:40.377046+00
25adc6b5-05cc-4b44-85be-ec61c76befde,7861220377,",Obstetrics & Gynecology,",South,2025-03-31 06:47:40.381897+00
25c3fedd-8812-4c63-b34f-82d87725b07d,1473165474,",Internal Medicine,",Northwest,2025-03-31 06:47:40.381542+00
25c5032a-2b5f-4242-93ce-4d589c3b9907,6239170864,",General Surgery,",Midwest,2025-03-31 06:47:40.387154+00
25d084ce-d4c6-4033-a8f4-9c88633674b2,8775495642,",Obstetrics & Gynecology,",South,2025-03-31 06:47:40.382919+00
25daf7e8-0df6-4270-ac12-3779b3c3bec1,8822970144,",Radiology,",South,2025-03-31 06:47:40.395585+00
25e39ca2-2be5-4b49-951e-9176032af069,3848953044,",General Surgery,",South,2025-03-31 06:47:40.388004+00
25e958a9-84b8-430c-ba15-2a629732ed28,3059042749,",Oncology,",Midwest,2025-03-31 06:47:40.402715+00
25ea9aa1-0cec-4ca0-a9bb-260d31a33591,6973196201,",Cardiology,",West,2025-03-31 06:47:40.388501+00
25f1242d-2a96-4a7d-8292-904d5037a0ce,3598656377,",Neurology,",Northeast,2025-03-31 06:47:40.398998+00
25f276f3-8ae5-4939-bff0-32d474c6ed1d,4614933836,",Radiology,",Northwest,2025-03-31 06:47:40.395725+00
25fb95a7-28b0-41b7-acf8-bb5b019cf22e,1380302193,",Anesthesiology,",Northeast,2025-03-31 06:47:40.397669+00
25fcbd26-42dd-41da-8716-8f4ca8591d1b,7893459980,",Psychiatry,",Northeast,2025-03-31 06:47:40.384811+00
260d0265-bf4e-4f8b-844e-2b6411a6024f,1480614769,",Urology,",West,2025-03-31 06:47:40.400679+00
260e7113-3768-48a7-b9a0-a99a7a0ed92b,8663023707,",Cardiology,",Midwest,2025-03-31 06:47:40.389689+00
26194dc8-719d-44c5-adb6-4b403f04caf3,3120146518,",General Surgery,",Northwest,2025-03-31 06:47:40.40423+00
262219ab-a43f-4f01-8072-5f59327f7ee4,2127465845,",Internal Medicine,",Northwest,2025-03-31 06:47:40.37967+00
262b672b-d3bd-44a7-839b-03da8e2493b1,2708948573,",Anesthesiology,",Midwest,2025-03-31 06:47:40.396279+00
262fe37b-9314-429d-9a59-80d2cff34172,3320280239,",Psychiatry,",Midwest,2025-03-31 06:47:40.385728+00
26451c99-cc87-4446-8505-cbf2f5922615,9466873315,",Internal Medicine,",South,2025-03-31 06:47:40.380658+00
2647224d-1c5f-4604-bb53-bcb78f29f77d,9102990960,",Anesthesiology,",West,2025-03-31 06:47:40.397085+00
264baf52-75a0-486d-a70d-eb4208874728,3285333824,",Obstetrics & Gynecology,",Midwest,2025-03-31 06:47:40.382314+00
26503dbe-baf8-4082-8d93-a714e48692c4,4371785040,",General Surgery,",South,2025-03-31 06:47:40.386435+00
2657425c-3b1b-4f3f-9a9c-1467b640aaaf,2797718221,",Radiology,",Northeast,2025-03-31 06:47:40.39534+00
266059c3-ad24-447a-9bf9-c15dbf8c65ef,5384348516,",Psychiatry,",West,2025-03-31 06:47:40.384168+00
2667bed1-3356-4231-a452-e5f8d73bd45d,9521102509,",Neurology,",Midwest,2025-03-31 06:47:40.397906+00
2670afd8-42b5-47f1-82a1-74ca0497666e,8933914891,",Urology,",South,2025-03-31 06:47:40.400557+00
2686dc38-4b59-42fd-bf7c-849bace323e5,2918050690,",Psychiatry,",Midwest,2025-03-31 06:47:40.38595+00
2689bcff-bde1-4547-8197-fed882c7db0c,3608697434,",Orthopedic Surgery,",South,2025-03-31 06:47:40.391377+00
268eb1ea-012e-4706-82c9-4d0b18c453be,7472102368,",Orthopedic Surgery,",South,2025-03-31 06:47:40.391793+00
26aa1bbb-0de1-4479-ad7c-41a90046d5f0,8047042212,",Cardiology,",Midwest,2025-03-31 06:47:40.390553+00
26abc9a6-bbaa-413e-8489-d0b85bbcbbe2,6565159191,",Cardiology,",South,2025-03-31 06:47:40.390208+00
26b0998e-82fc-4f96-8381-8e009cf3e676,3470448066,",Obstetrics & Gynecology,",Midwest,2025-03-31 06:47:40.383526+00
26b9ac8d-0eb1-46b4-aedc-2a9bc5977620,2543500395,",Internal Medicine,",Northeast,2025-03-31 06:47:40.40339+00
26bc1719-86e6-44c9-9229-49cdf1d39f57,3451311972,",Dermatology,",Midwest,2025-03-31 06:47:40.404827+00
26c84bae-2514-4a7e-9d49-828cd7760159,1276399046,",Urology,",Northwest,2025-03-31 06:47:40.400931+00
26ca7938-e11e-4caa-9a9a-de9470e21d6e,4776092197,",Gastroenterology,",South,2025-03-31 06:47:40.399935+00
26d78dde-b4b3-4d5e-bdad-30e14fb71bc5,1762010160,",Internal Medicine,",South,2025-03-31 06:47:40.381405+00
26da825f-f8f3-4138-b9e7-d1e98b65879c,3495435943,",Radiology,",West,2025-03-31 06:47:40.394964+00
26ec50ed-e4b2-41fa-aab9-4663c550ce2e,8772507191,",Internal Medicine,",South,2025-03-31 06:47:40.380808+00
26f525cc-7f77-4f89-9eb8-422de5cb4e97,4753696734,",General Surgery,",West,2025-03-31 06:47:40.386084+00
26fe1411-7497-449e-98d6-7d8c7c9f459c,5277293912,",Urology,",Northwest,2025-03-31 06:47:40.400371+00
26fe602c-715d-4ea5-afff-9e2f6f5ce583,8192977312,",Psychiatry,",South,2025-03-31 06:47:40.384088+00
26feeec2-00ca-4e2e-94ef-e24f455685ab,1214266166,",Dermatology,",West,2025-03-31 06:47:40.393615+00
270953a6-965c-4548-b0f4-fab75f980cd8,2217273279,",Obstetrics & Gynecology,",Northeast,2025-03-31 06:47:40.383196+00
270d7be2-4416-476b-bc10-41bef7fbcc8f,8230132105,",Neurology,",Northwest,2025-03-31 06:47:40.39781+00
270e809d-4f09-419d-bc74-2e7e08c52f86,9159184778,",Obstetrics & Gynecology,",Northeast,2025-03-31 06:47:40.383313+00
27114d72-6410-460f-8f90-8f2bf52a4be6,3076510954,",Psychiatry,",Northwest,2025-03-31 06:47:40.384331+00
2717ec1a-51c2-4205-b242-2ee9310f416a,2099719776,",Orthopedic Surgery,",South,2025-03-31 06:47:40.391357+00
2722a731-ef83-4d4d-92b2-a1da826c9b1c,7659496134,",Anesthesiology,",Midwest,2025-03-31 06:47:40.397222+00
27281136-5970-45aa-aaeb-d9039498d876,5949490227,",Internal Medicine,",South,2025-03-31 06:47:40.380179+00
27284f18-e333-40c6-83c5-830e6b83662c,9123872775,",General Surgery,",Northeast,2025-03-31 06:47:40.386847+00
272d295c-946a-4d3e-be26-3192bb00dcf0,8488434439,",Dermatology,",South,2025-03-31 06:47:40.393165+00
2734f690-49e8-4a2c-998a-7a3e0b214c11,7111197570,",Internal Medicine,",South,2025-03-31 06:47:40.378471+00
2736b029-a7a8-4604-a27c-78bc1a187844,8637809870,",Internal Medicine,",South,2025-03-31 06:47:40.380536+00
2745a96c-3ffd-41e8-8375-4c2e225d164e,2215728530,",Obstetrics & Gynecology,",Midwest,2025-03-31 06:47:40.382151+00
27472ddd-0579-4c4a-b4a7-f7614774d59f,1402792352,",Pulmonology,",South,2025-03-31 06:47:40.401678+00
274ad9b2-cfa7-4865-8aac-bdda189caa9e,4892825324,",Oncology,",West,2025-03-31 06:47:40.402959+00
274c2f2e-36b3-4e98-b330-440526353ab1,6809476815,",Obstetrics & Gynecology,",Northeast,2025-03-31 06:47:40.382554+00
2758c4a8-4ac5-4799-9199-ad5dad9ede63,6919998743,",Internal Medicine,",West,2025-03-31 06:47:40.38082+00
275b52f8-d61f-4c48-95fe-b76aafdd5b1c,1431295679,",Oncology,",Midwest,2025-03-31 06:47:40.402953+00
275dc6a2-6ad3-4c09-95e3-fdd3a9b1f448,6880755801,",Neurology,",South,2025-03-31 06:47:40.398716+00
27632041-f1e4-40d2-8749-626bea8d4f0e,5071264434,",Orthopedic Surgery,",West,2025-03-31 06:47:40.390941+00
276c5378-14fb-4910-a22c-bde90a10d965,6645268949,",General Surgery,",West,2025-03-31 06:47:40.386379+00
276cc7e8-d663-44e6-a02a-0ecf8130ab5b,2298828421,",Cardiology,",Midwest,2025-03-31 06:47:40.390043+00
276d6420-0ceb-49f1-b172-9d99a03d065f,3450353234,",Cardiology,",Northwest,2025-03-31 06:47:40.390635+00
276dd88f-9942-46de-b70d-55fe81c8ec99,4075977434,",Psychiatry,",Northeast,2025-03-31 06:47:40.384771+00
276e73ba-59aa-452b-8a6a-b83d358cc457,9015974001,",Pulmonology,",Northeast,2025-03-31 06:47:40.401326+00
276f03b4-a580-4ec9-bcc7-f5c847150c68,7345562100,",Obstetrics & Gynecology,",Midwest,2025-03-31 06:47:40.38354+00
2773ca1b-52fe-4c15-af7d-886a9104f5c1,9924284148,",Internal Medicine,",West,2025-03-31 06:47:40.403998+00
277a0f7a-1f56-477e-afdb-f833cd9f9c6f,5065207878,",Anesthesiology,",Midwest,2025-03-31 06:47:40.397114+00
27830ef2-8858-4a73-aaf1-000e77b89b8e,1201334906,",Gastroenterology,",South,2025-03-31 06:47:40.399995+00
278880db-9c65-4016-bdd5-f4f4117e5f27,9446578647,",Obstetrics & Gynecology,",Northeast,2025-03-31 06:47:40.382041+00
2793687d-9854-4f9e-a95d-e8de508815d7,1940956660,",General Surgery,",Northwest,2025-03-31 06:47:40.386864+00
27a2d221-e72c-44b0-b007-b225eb3d7f0f,3657753528,",Psychiatry,",Northeast,2025-03-31 06:47:40.385821+00
27c1f386-2bb8-4af8-9fb3-6ea9707bb09c,8300120993,",Neurology,",Northwest,2025-03-31 06:47:40.398235+00
27c5e790-5242-45f0-9c1c-3a884dbece42,4043850951,",Internal Medicine,",South,2025-03-31 06:47:40.377885+00
27ca2762-afaf-4ecc-aeac-b33d3323d158,7328823597,",Internal Medicine,",Midwest,2025-03-31 06:47:40.404212+00
27cc9b8b-df3e-4204-a2b3-539583331e0b,5044110960,",Obstetrics & Gynecology,",Northeast,2025-03-31 06:47:40.403564+00
27cca0a6-0db0-4fd0-a3e4-6272a6ba8ef3,6495262715,",Anesthesiology,",Northwest,2025-03-31 06:47:40.396682+00
27d893a0-44b7-4893-a5b3-adb8080de8f7,4546604158,",Neurology,",West,2025-03-31 06:47:40.398317+00
27dcf8ed-2eab-4b6b-8060-da65309d474a,9552404340,",Radiology,",West,2025-03-31 06:47:40.395119+00
27dd90d9-5b60-4e61-9b2e-02daea37892d,3534211575,",Obstetrics & Gynecology,",South,2025-03-31 06:47:40.382418+00
27e895dd-9555-4f8b-835e-947cb34d8cc8,8870998854,",Gastroenterology,",South,2025-03-31 06:47:40.399556+00
27ea9b89-3583-4d51-950e-9e531805456a,3447781366,",Orthopedic Surgery,",Northeast,2025-03-31 06:47:40.392587+00
27f84fa4-eb72-42ad-822e-551222a2d20b,3604143483,",Orthopedic Surgery,",South,2025-03-31 06:47:40.391491+00
27fa3018-f133-4607-8ff9-88f9deff0f74,6103010965,",Oncology,",West,2025-03-31 06:47:40.402831+00
28061392-bf5d-469a-a1df-0aa96487402e,8768418007,",Cardiology,",Northwest,2025-03-31 06:47:40.388475+00
2810c818-214f-4c7e-aa37-67c3cc9eeb83,8087052947,",Neurology,",South,2025-03-31 06:47:40.398415+00
282b218a-1c96-4d38-aefa-db3c52bbc8ca,7870325837,",General Surgery,",West,2025-03-31 06:47:40.386362+00
282ba45a-749f-470a-b7cd-a3da478579c2,9251636658,",Internal Medicine,",Northeast,2025-03-31 06:47:40.379+00
28349b8a-82ec-45b8-95d4-845dfea53032,6114378435,",General Surgery,",South,2025-03-31 06:47:40.387556+00
283db5e8-8463-4b12-a1e5-7f4c9aea6fea,5512031445,",Psychiatry,",Midwest,2025-03-31 06:47:40.385411+00
284ada27-c1be-4f2d-9e92-71da1fb7af54,4334251023,",Internal Medicine,",Northeast,2025-03-31 06:47:40.377223+00
284fe37f-adef-47c9-8528-dcce6e639ffb,4906234933,",Internal Medicine,",South,2025-03-31 06:47:40.377454+00
2854a0ed-0af9-4fbb-bec9-0ce0e3bc0923,3978231948,",Internal Medicine,",Northeast,2025-03-31 06:47:40.379273+00
286379cd-1d45-4b00-8887-73ac3249ac5d,3632454786,",General Surgery,",South,2025-03-31 06:47:40.387535+00
28812455-c55d-4e49-9793-f32bb16c793b,1847379573,",Dermatology,",South,2025-03-31 06:47:40.393119+00
2883fc64-b104-40cd-9873-9f0037098534,7194191343,",General Surgery,",Northwest,2025-03-31 06:47:40.387686+00
2892c9d7-be9d-4109-9bd7-597e66d67672,8998978280,",Orthopedic Surgery,",West,2025-03-31 06:47:40.391647+00
2896babb-680b-45f5-ad73-38271977aae8,4051352176,",Internal Medicine,",Midwest,2025-03-31 06:47:40.38086+00
289db358-37fc-48eb-8550-ea5380d2ae22,8591124457,",Internal Medicine,",West,2025-03-31 06:47:40.380857+00
28adc8a3-3663-40f3-8110-00bae8659e6b,5223659634,",General Surgery,",South,2025-03-31 06:47:40.386668+00
28add62d-e52d-4253-af49-2ce033f806f7,5133055818,",Orthopedic Surgery,",Northwest,2025-03-31 06:47:40.39192+00
28b6a954-6f22-40b1-b683-31908eb33c11,9674159685,",Internal Medicine,",West,2025-03-31 06:47:40.376337+00
28b96225-4d4a-4f01-a59e-6407aee7da32,4871321187,",Internal Medicine,",Northeast,2025-03-31 06:47:40.379841+00
28bc5705-fa7f-4c39-a25e-582490aa1a0f,3629789564,",Gastroenterology,",Midwest,2025-03-31 06:47:40.399535+00
28c4178c-38aa-4e7f-9733-c7212ea3ae96,5041088534,",General Surgery,",West,2025-03-31 06:47:40.388054+00
28c50dea-944d-401b-b17b-bc089ed429a7,7310582303,",Oncology,",Midwest,2025-03-31 06:47:40.40299+00
28d55c71-ac9c-4230-8c35-6510f56f9f3e,2992810137,",General Surgery,",West,2025-03-31 06:47:40.387486+00
28d8f83c-dab9-4889-bac1-d835990a644b,6066797299,",Neurology,",Northwest,2025-03-31 06:47:40.398659+00
28da1a38-2ff3-4a58-ae23-6610f0cdb349,1293955985,",Internal Medicine,",West,2025-03-31 06:47:40.380632+00
28dee8ff-f957-4721-9bfc-8eb184c3994a,6195655263,",Internal Medicine,",Northwest,2025-03-31 06:47:40.404485+00
28e39b22-2c86-4115-a858-a148b1c3b477,1798020960,",Orthopedic Surgery,",West,2025-03-31 06:47:40.390821+00
28ec9e9a-b956-4521-8f8b-2228b837829e,1068273883,",Gastroenterology,",Northeast,2025-03-31 06:47:40.403713+00
28f17f5e-beea-4675-aee9-997b43750d26,6379664069,",Radiology,",Northeast,2025-03-31 06:47:40.394591+00
28faac72-e960-4c2e-a707-07e4a6fe1a99,7423156991,",Neurology,",South,2025-03-31 06:47:40.398362+00
290053a9-4222-4c9c-a5bf-838741e8823e,1651163226,",Gastroenterology,",South,2025-03-31 06:47:40.400121+00
29061cd0-4798-4390-b478-a382aeb58464,5414229802,",Psychiatry,",Northeast,2025-03-31 06:47:40.384444+00
2917311b-a653-4006-a4b6-38fd4e972d31,7887913925,",Internal Medicine,",Northwest,2025-03-31 06:47:40.381203+00
2918cfd8-089c-4d0a-8f1f-61777838bfc8,8547905075,",Gastroenterology,",South,2025-03-31 06:47:40.399168+00
291dba52-95e7-4ec6-b5b2-45886361e847,7079544173,",General Surgery,",West,2025-03-31 06:47:40.386595+00
291e9ff5-fdd2-4665-b83d-bab72b3752f4,3619120223,",Obstetrics & Gynecology,",South,2025-03-31 06:47:40.383472+00
292723da-0fdf-420a-85f5-9b1602cc7864,4742681842,",Psychiatry,",Northeast,2025-03-31 06:47:40.384783+00
292bfcee-33f8-4778-b6f0-ad7321c28ef3,3894991108,",Neurology,",Northeast,2025-03-31 06:47:40.398975+00
292d7ad5-1bd4-445c-8ec3-1f8571a5c5d2,9445411007,",Neurology,",Northeast,2025-03-31 06:47:40.39901+00
294fa091-28c4-49c7-a932-4397fe40472e,6948512234,",Obstetrics & Gynecology,",South,2025-03-31 06:47:40.382003+00
2958af85-77e0-4db9-a9d4-249968cda871,2544322169,",General Surgery,",South,2025-03-31 06:47:40.387468+00
295b2b7a-bac3-4cbc-9d8f-ea8c5fcfc706,8099306121,",Internal Medicine,",West,2025-03-31 06:47:40.378804+00
2960d910-1e03-473e-93e8-60983458512b,8364016307,",Orthopedic Surgery,",Northeast,2025-03-31 06:47:40.391932+00
2963afe0-8592-47ba-a077-9edd9752d688,1049039601,",Internal Medicine,",Northeast,2025-03-31 06:47:40.376911+00
29668c7b-4bac-49ef-96bb-03636446f9b0,2696889620,",General Surgery,",Midwest,2025-03-31 06:47:40.387103+00
29699fb2-3cbb-47e5-bbe3-f3eeb5e7605c,2147931593,",Anesthesiology,",South,2025-03-31 06:47:40.396734+00
296b7aa7-d849-4b3a-a897-07cfe34f696f,5015971686,",Internal Medicine,",Midwest,2025-03-31 06:47:40.379117+00
29708a16-36af-4121-8daf-cb8abf888948,9614532391,",Neurology,",Midwest,2025-03-31 06:47:40.398731+00
297ceb47-2600-4e08-b553-b89db711bfdc,1695858635,",Orthopedic Surgery,",West,2025-03-31 06:47:40.392363+00
29896a52-ba3a-4159-84c0-e0d009772a94,9375677641,",Orthopedic Surgery,",Midwest,2025-03-31 06:47:40.391616+00
298a89c8-e393-4a8b-a134-af1b4701eeb3,7454228052,",Obstetrics & Gynecology,",Northeast,2025-03-31 06:47:40.382794+00
298b2710-7171-490a-9c8f-49abb73845ba,5379234798,",Orthopedic Surgery,",Northwest,2025-03-31 06:47:40.3919+00
2997617d-76dc-4edd-9ffa-af033b7a35a8,3346476816,",Urology,",Northwest,2025-03-31 06:47:40.404477+00
29ac8336-aa86-49a7-bba1-241d73b281c2,8946122664,",Internal Medicine,",Midwest,2025-03-31 06:47:40.379539+00
29ad3866-a993-4bf2-bad3-4cf0101a30f5,9138884850,",Gastroenterology,",Northwest,2025-03-31 06:47:40.399472+00
29bb2ef8-59fb-4b43-8981-09d856c98a20,6140937846,",Obstetrics & Gynecology,",South,2025-03-31 06:47:40.383564+00
29d3b640-d4b2-4ae0-bfb6-3dfd4ec95e2e,9825359229,",Gastroenterology,",South,2025-03-31 06:47:40.399319+00
29dce909-fa5a-4edf-b62e-3e68ae063350,5390189552,",Obstetrics & Gynecology,",Midwest,2025-03-31 06:47:40.38322+00
29e19774-90b8-44e5-8a29-08c01651975f,9696748036,",Nephrology,",West,2025-03-31 06:47:40.40224+00
29e2b3c0-cfe4-4e11-9854-2003c22d32dc,9223854403,",General Surgery,",Northwest,2025-03-31 06:47:40.404058+00
29e71900-02d1-4009-943d-272201705c20,5869536943,",Gastroenterology,",Midwest,2025-03-31 06:47:40.400237+00
29e86a73-42e5-4d76-a619-28a98c58ae24,8987143855,",Orthopedic Surgery,",Midwest,2025-03-31 06:47:40.39188+00
29f430e4-642c-47fa-91d6-21c75895bb08,2008934940,",Radiology,",Northwest,2025-03-31 06:47:40.394339+00
29f5356e-0b08-4315-86ed-e8f8f16d2b78,2774628423,",Psychiatry,",West,2025-03-31 06:47:40.385505+00
29fb0be1-92bf-435d-b246-d08ee9e54532,9743499858,",Dermatology,",West,2025-03-31 06:47:40.392998+00
2a00e399-a155-4998-9c6b-0ea57403540f,1588869671,",Urology,",South,2025-03-31 06:47:40.400928+00
2a045aa9-9855-4c8d-9a91-f0904147db01,7725506600,",Obstetrics & Gynecology,",Midwest,2025-03-31 06:47:40.382204+00
2a0b61b7-0343-4f1c-9553-47bcaf897996,5323833569,",Psychiatry,",South,2025-03-31 06:47:40.38508+00
2a13909c-ddd2-47f1-98b2-b0615df987c5,1194386555,",Dermatology,",Midwest,2025-03-31 06:47:40.393972+00
2a147299-ebbc-4959-b24b-2ef4aee7c401,8833430046,",Internal Medicine,",South,2025-03-31 06:47:40.379189+00
2a15333c-e0ca-4101-8125-5f3f90706d80,4482007175,",Radiology,",South,2025-03-31 06:47:40.395325+00
2a2e9733-9f06-470a-9d17-48fb829fee15,3917642206,",Psychiatry,",Midwest,2025-03-31 06:47:40.384368+00
2a2fa83b-d883-4f62-af5c-815622d00584,2459286850,",Gastroenterology,",South,2025-03-31 06:47:40.403451+00
2a324ab7-ea0e-4040-87c6-e2eeb8e43d53,4235300307,",Orthopedic Surgery,",West,2025-03-31 06:47:40.391874+00
2a416b80-24c9-45d0-addc-327e15b2c8ba,7391523767,",Dermatology,",Northeast,2025-03-31 06:47:40.393633+00
2a4351d8-c4c5-4784-927e-b395286b3b00,7568577712,",Cardiology,",Northeast,2025-03-31 06:47:40.390117+00
2a500cf7-ddb1-428c-a835-9ea402823fe3,1216543131,",Cardiology,",Midwest,2025-03-31 06:47:40.388918+00
2a515acf-6141-440b-be5e-d58bcdc75c15,6006121459,",Dermatology,",Midwest,2025-03-31 06:47:40.392711+00
2a54ef64-9beb-40ea-ae64-a34b5d355247,8027280907,",Dermatology,",Northwest,2025-03-31 06:47:40.392829+00
2a55ece8-80aa-41d9-9582-950d130943af,9711150892,",Internal Medicine,",West,2025-03-31 06:47:40.380026+00
2a66df86-7efb-4e78-a37f-4345db3d3ce5,8614563485,",Internal Medicine,",Midwest,2025-03-31 06:47:40.380345+00
2a6898e8-d9fb-49c5-8195-6d7f8ee81d3a,9360169464,",Psychiatry,",Northeast,2025-03-31 06:47:40.38476+00
2a6a208e-eecd-4ce4-84d8-870815c96cff,1335985311,",Neurology,",West,2025-03-31 06:47:40.39903+00
2a78217a-9b98-4cee-ab1a-f99174282a0f,7879218089,",Gastroenterology,",Midwest,2025-03-31 06:47:40.399918+00
2a7b070a-db6c-4d07-971d-80f2a446989b,3550767378,",Internal Medicine,",Northeast,2025-03-31 06:47:40.377998+00
2a85e7e4-9d4e-46e9-aa8e-3c7b587c3e23,2253067850,",Radiology,",Midwest,2025-03-31 06:47:40.394314+00
2a8a10c8-fecf-425f-8487-1eff6e986608,4084945611,",Orthopedic Surgery,",West,2025-03-31 06:47:40.391859+00
2a92f92a-d1f4-49a6-ad14-03fd9c56e513,2067661448,",Internal Medicine,",West,2025-03-31 06:47:40.377813+00
2a9647df-8b68-46aa-b9ba-bdd361b33b06,3855235648,",Internal Medicine,",Midwest,2025-03-31 06:47:40.378126+00
2aa230e3-a9fc-4404-83eb-f2b73b517917,2487686158,",General Surgery,",Northwest,2025-03-31 06:47:40.387077+00
2aa2dfb7-7774-40e1-8ecb-f738de235570,9246913870,",Internal Medicine,",West,2025-03-31 06:47:40.376918+00
2aadcce1-ea57-4af8-8973-815b54ba15fd,4346225281,",Internal Medicine,",West,2025-03-31 06:47:40.37796+00
2aae6a23-b159-4f62-b255-4edd72287562,3809864329,",Psychiatry,",Midwest,2025-03-31 06:47:40.38551+00
2abc91f7-40a5-4e4c-8d9a-2773c5bc279d,1176706099,",Gastroenterology,",West,2025-03-31 06:47:40.399365+00
2abf8664-edc7-46cb-8857-f811617c6a41,4026294777,",Pulmonology,",Northeast,2025-03-31 06:47:40.401595+00
2ac60cc3-471b-4d8e-b153-e2cd0ae98d36,9427409679,",Pulmonology,",West,2025-03-31 06:47:40.401658+00
2acca912-7869-4246-9c02-8f164d00ba93,1834702352,",Dermatology,",Northeast,2025-03-31 06:47:40.394031+00
2ad0c7fc-b288-4ff7-9b83-0e4c03312036,5767266196,",Cardiology,",Northwest,2025-03-31 06:47:40.388418+00
2ad31166-1d43-4442-9f1e-6e06b453bce1,7203964247,",Dermatology,",West,2025-03-31 06:47:40.392803+00
2ad49655-f74e-4570-9311-472bf8f25ce9,3058163609,",Anesthesiology,",Northwest,2025-03-31 06:47:40.396855+00
2adb7951-eb5c-434c-8c76-4c0988784ac9,9262671689,",Internal Medicine,",Midwest,2025-03-31 06:47:40.380034+00
2ae4ab26-29e0-43dc-92c5-23d229e22e64,3590970015,",Radiology,",Northwest,2025-03-31 06:47:40.404562+00
2af0b44e-ca8e-47d6-9bf5-5a15b4603035,5046332052,",Nephrology,",South,2025-03-31 06:47:40.402298+00
2af3dc30-8427-4190-8803-e3b975f003d9,2438639839,",Obstetrics & Gynecology,",Northeast,2025-03-31 06:47:40.382916+00
2af63544-595f-4ae6-927e-ec3359c58a22,9233052213,",Orthopedic Surgery,",West,2025-03-31 06:47:40.392146+00
2af6660c-0b15-4297-8cdb-94da11667d71,7615514455,",Internal Medicine,",West,2025-03-31 06:47:40.380092+00
2b0c4812-8294-487a-a8e6-c09e1869bf8f,3087226931,",Internal Medicine,",South,2025-03-31 06:47:40.376289+00
2b0fa40c-4995-4399-b14b-245b9fc18406,8927834426,",Gastroenterology,",Midwest,2025-03-31 06:47:40.399316+00
2b1067d5-9cb6-41bc-b6d4-4bdfb6804f5d,9605366115,",Internal Medicine,",Midwest,2025-03-31 06:47:40.378971+00
2b19cc63-81c6-447f-98e5-e31596920e40,7997044638,",Internal Medicine,",Midwest,2025-03-31 06:47:40.376309+00
2b1cf41b-fccc-4f65-8535-d17b9265456a,3053775122,",Orthopedic Surgery,",Midwest,2025-03-31 06:47:40.390969+00
2b1e9514-c0f2-4240-9505-470d40cd0f22,2350728782,",Pulmonology,",West,2025-03-31 06:47:40.401158+00
2b1fa0c7-6a19-4132-85c3-dff2aabb404e,4812742140,",Psychiatry,",South,2025-03-31 06:47:40.384325+00
2b2ad972-39f8-4c67-807c-bfb6633c51d7,1970998540,",Psychiatry,",Northeast,2025-03-31 06:47:40.403587+00
2b380705-2ad4-430e-bec3-cb8673628655,3122353633,",Internal Medicine,",Northeast,2025-03-31 06:47:40.403672+00
2b3f4462-5bac-4e77-bea9-bc506c7dfd81,1383341468,",General Surgery,",West,2025-03-31 06:47:40.387068+00
2b3f641f-b52d-4e35-8ccd-de517293be0e,6978088719,",Cardiology,",Northwest,2025-03-31 06:47:40.389584+00
2b59df53-c790-4cfd-bd2c-a1b09a89155b,5197527793,",Internal Medicine,",Northeast,2025-03-31 06:47:40.404718+00
2b6205fa-0418-4044-b3ba-6be87254a520,4731583559,",Psychiatry,",Northwest,2025-03-31 06:47:40.38573+00
2b705b3c-2aa6-4afe-a238-70f673a2756d,2651809915,",General Surgery,",Midwest,2025-03-31 06:47:40.386563+00
2b736e1b-6924-4d52-95df-85c3e32f49d8,9237881150,",General Surgery,",West,2025-03-31 06:47:40.387917+00
2b84badb-82fa-4d51-a18d-e9f61df8d0b1,2851591861,",Internal Medicine,",South,2025-03-31 06:47:40.378076+00
2b87619b-f804-44f0-a3de-355e3bb419fa,3863150529,",Neurology,",South,2025-03-31 06:47:40.398892+00
2b8cd830-3e84-4112-81bd-11874c318691,9366705563,",General Surgery,",South,2025-03-31 06:47:40.3874+00
2b9525bd-5684-4d9d-9e4a-b5699009d104,9455624562,",Orthopedic Surgery,",Northwest,2025-03-31 06:47:40.392101+00
2b992ca4-3ec9-4595-b706-a1a8a6f6e544,7701011822,",Radiology,",Midwest,2025-03-31 06:47:40.394863+00
2ba6f50d-671f-4a9e-b625-579db537cafb,2479702907,",Neurology,",Northeast,2025-03-31 06:47:40.399079+00
2bbf18b0-b7f1-4c35-819c-21b42374a43d,1629467410,",Internal Medicine,",Midwest,2025-03-31 06:47:40.376185+00
2bc6b37b-3361-4614-bdb1-400185c8b884,9171679518,",Neurology,",Midwest,2025-03-31 06:47:40.398267+00
2bddc920-bf1e-4a00-9d8e-295b1e1d6a6e,8225823737,",Cardiology,",West,2025-03-31 06:47:40.390423+00
2be920d0-5ed1-4ce1-a3bc-cec43c092ddc,3564062529,",General Surgery,",Northwest,2025-03-31 06:47:40.387188+00
2bf5f63f-e5fd-486d-96e6-89a962abc90e,9112242070,",Orthopedic Surgery,",Northeast,2025-03-31 06:47:40.391908+00
2c07e1b1-e44f-4307-8cc9-8db899050bde,6137470109,",Pulmonology,",South,2025-03-31 06:47:40.401719+00
2c0a884a-39bd-4d54-9edb-ed01f074e9a3,9808617765,",General Surgery,",West,2025-03-31 06:47:40.38812+00
2c0c4c47-5456-4173-851d-6bb6469fc7f9,2476523524,",Internal Medicine,",Northeast,2025-03-31 06:47:40.381571+00
2c0dee32-07d3-4d67-8f2f-4d55008cfec5,9349463709,",Dermatology,",West,2025-03-31 06:47:40.404553+00
2c1dcec3-3240-406c-ae03-0c041340ae29,7868280216,",Internal Medicine,",South,2025-03-31 06:47:40.379755+00
2c1e8d8f-edaa-44c3-8b99-2cf67187e10a,3785278092,",Cardiology,",South,2025-03-31 06:47:40.404367+00
2c2fd570-ce75-4006-98f0-653ee99a71e0,8587584773,",Obstetrics & Gynecology,",South,2025-03-31 06:47:40.383147+00
2c317250-a21f-4ff8-892f-1c6a1c2feced,1151761525,",General Surgery,",Midwest,2025-03-31 06:47:40.386958+00
2c352fdb-8015-4d51-a62e-16c72a68b300,4583436259,",Dermatology,",West,2025-03-31 06:47:40.392698+00
2c361b5b-10dd-4958-8511-e9c32185ebdc,5935362233,",Pulmonology,",Northeast,2025-03-31 06:47:40.401768+00
2c414261-55f2-4433-9768-89d5efe55a02,5214902868,",Anesthesiology,",Northeast,2025-03-31 06:47:40.397561+00
2c422179-6dd5-4c73-96d0-d1cde80801d4,2384222400,",Obstetrics & Gynecology,",South,2025-03-31 06:47:40.381711+00
2c463dd5-6e64-49e9-8682-3478cc8ab152,9101876274,",Cardiology,",Midwest,2025-03-31 06:47:40.389625+00
2c4f1499-60e2-482b-80c0-4987b58cf810,7903083371,",Gastroenterology,",Midwest,2025-03-31 06:47:40.399568+00
2c53d68d-d2c9-4c2c-b722-52b39bbc6243,9820014011,",Radiology,",Midwest,2025-03-31 06:47:40.39536+00
2c5f99fb-8ff4-4651-83a6-75929b582e67,2097951325,",Radiology,",Northwest,2025-03-31 06:47:40.395136+00
2c64075e-674e-46e6-a8de-6ddb755403e4,4525224176,",Anesthesiology,",Northwest,2025-03-31 06:47:40.397285+00
2c7d4a14-90e2-408e-9494-b9b0ebc8a6d5,2627975270,",Dermatology,",South,2025-03-31 06:47:40.39324+00
2c801948-4789-4781-8e2a-30538c4644aa,1068880890,",Anesthesiology,",Midwest,2025-03-31 06:47:40.397173+00
2c80d690-e65b-41fc-8bba-d2c94897adc5,2776421701,",General Surgery,",Midwest,2025-03-31 06:47:40.386802+00
2c81f3e6-83ff-4f93-9ede-1f10f9fcb1b5,3858427236,",Cardiology,",South,2025-03-31 06:47:40.388294+00
2c866a24-a497-4662-b3e7-7352a80bd0ac,8513658137,",Cardiology,",West,2025-03-31 06:47:40.390567+00
2c87be17-5fc6-4277-89ff-dd932c65e77d,5558819351,",Internal Medicine,",West,2025-03-31 06:47:40.378424+00
2c97eb86-4faf-4954-83ff-f82193d9872a,4593174582,",Internal Medicine,",Midwest,2025-03-31 06:47:40.37868+00
2c9e41be-f993-494e-8c6a-13b8e548b49b,7443449460,",Orthopedic Surgery,",Northeast,2025-03-31 06:47:40.391673+00
2cb11cc5-885d-4639-ad4b-ae85d9bdd8b7,3225128803,",Cardiology,",South,2025-03-31 06:47:40.388562+00
2cb66e1b-b413-4898-a5c1-c2038938c2dd,5864443445,",Dermatology,",Northwest,2025-03-31 06:47:40.403321+00
2cba2407-5726-4e97-a03e-67e578e59ee1,7444935990,",Cardiology,",West,2025-03-31 06:47:40.389847+00
2cc28c90-d4d1-4942-9cc1-7429d31a8914,2961398180,",Internal Medicine,",Midwest,2025-03-31 06:47:40.377839+00
2cc93a1a-19be-4395-81c2-f59c55042771,9408658470,",Urology,",Midwest,2025-03-31 06:47:40.400577+00
2ccf24b8-3252-43b5-a579-db354f0ed39f,2660623548,",Dermatology,",Midwest,2025-03-31 06:47:40.393335+00
2ce0d610-6912-439e-b16d-97668a3d894f,5952833428,",Anesthesiology,",Northwest,2025-03-31 06:47:40.404462+00
2ce29cf3-dbb2-42bc-a145-1092b2ef55a4,9422422297,",Internal Medicine,",Northeast,2025-03-31 06:47:40.377926+00
2cee6897-0749-4d9d-b06a-4f6d3e060875,2641495985,",Internal Medicine,",South,2025-03-31 06:47:40.376102+00
2ceef449-121f-4fd3-99e0-535da3959dc5,8870089917,",Radiology,",Northeast,2025-03-31 06:47:40.403375+00
2cef9d17-1422-49b1-a45c-a15f1b7a013d,7524698675,",Cardiology,",South,2025-03-31 06:47:40.389421+00
2ceff82f-e974-4c5d-aa5b-972ac2611948,2438862985,",Internal Medicine,",West,2025-03-31 06:47:40.381018+00
2cf19849-69b6-4878-8301-9bd696a957bd,7130274747,",Obstetrics & Gynecology,",Northeast,2025-03-31 06:47:40.38247+00
2cf3c824-6772-445e-a685-c793186be46e,3503148077,",Psychiatry,",Midwest,2025-03-31 06:47:40.384568+00
2cfc9572-eb9c-4d30-be7d-f1faf5bb9fb7,2800208895,",General Surgery,",South,2025-03-31 06:47:40.38641+00
2d11a119-12d7-44a6-8d74-520c44c3b82c,7918814679,",Pulmonology,",South,2025-03-31 06:47:40.401138+00
2d1f5dc4-a13d-4963-a523-c6d4ea3d8f76,1679027442,",Psychiatry,",Midwest,2025-03-31 06:47:40.383892+00
2d2298d7-eb12-425f-ac3f-9203caa5ef6c,6832299093,",Oncology,",South,2025-03-31 06:47:40.402894+00
2d2a2e8c-7085-41f1-8419-85d4f68c3582,4384565036,",Internal Medicine,",Midwest,2025-03-31 06:47:40.38156+00
2d308cd1-0761-4073-81a7-4579edf5e0b2,9353316047,",Internal Medicine,",Midwest,2025-03-31 06:47:40.381245+00
2d3211db-0c98-4d50-990a-9a8984e5944c,6693043471,",Cardiology,",West,2025-03-31 06:47:40.38983+00
2d397c21-5943-4946-9763-4c3a460bf732,6124563547,",Internal Medicine,",Midwest,2025-03-31 06:47:40.378033+00
2d3a590e-298d-4936-b5f9-e1f0df98e213,1275805454,",Psychiatry,",West,2025-03-31 06:47:40.386018+00
2d3caf6b-cb8b-4485-8d6c-3109d519ca3c,9767525345,",Internal Medicine,",Northeast,2025-03-31 06:47:40.381503+00
2d3e92c5-6dff-48af-8300-9aa045d828e7,3543408941,",Internal Medicine,",South,2025-03-31 06:47:40.403522+00
2d3f1b47-7a18-4e31-8857-74ace7e8ee73,3695996121,",Internal Medicine,",Northwest,2025-03-31 06:47:40.378012+00
2d3fef66-be91-433c-8065-0dfb0deafeb8,6668885498,",Nephrology,",Northwest,2025-03-31 06:47:40.402407+00
2d46398b-3837-4aed-a9c5-8893801fb3c7,9637195933,",Internal Medicine,",Northeast,2025-03-31 06:47:40.376787+00
2d4f2b3d-bf58-439c-9e4a-70f350d4d627,8094079831,",Gastroenterology,",West,2025-03-31 06:47:40.39953+00
2d560988-e8f1-405c-a101-ec6ec32e8219,6752761170,",General Surgery,",Northeast,2025-03-31 06:47:40.386504+00
2d69bd78-d37f-4a2d-b9d2-ea90027239d3,4120348548,",Internal Medicine,",Northeast,2025-03-31 06:47:40.379734+00
2d719f13-e175-462b-8e3e-107e6dfd42d7,1857728967,",Cardiology,",South,2025-03-31 06:47:40.390048+00
2d738695-c305-409c-824c-b835f3c6cad1,8716586942,",Radiology,",West,2025-03-31 06:47:40.394886+00
2d768675-b0b0-4988-a1b9-18692058525d,5309131649,",Anesthesiology,",Northwest,2025-03-31 06:47:40.396222+00
2d77a8d7-8336-456b-ab52-ff8104796deb,4025609772,",Dermatology,",Midwest,2025-03-31 06:47:40.393309+00
2d80d241-8cde-4a76-8415-62798822ef8d,9200323962,",Urology,",South,2025-03-31 06:47:40.400826+00
2d810174-2ad2-4453-8aca-6b7d6c3bb01b,1501341852,",Neurology,",Northwest,2025-03-31 06:47:40.398328+00
2d861472-1585-4d24-b9b2-ee1bca73feb3,7503607945,",Internal Medicine,",West,2025-03-31 06:47:40.376162+00
2d865f1a-aede-4f92-979f-f6c03f11acc2,3568743946,",Dermatology,",Midwest,2025-03-31 06:47:40.39278+00
2d86a91c-a541-491b-92ae-7f8bfe348424,3157024618,",Dermatology,",Midwest,2025-03-31 06:47:40.392995+00
2d8a93d6-6142-49ca-b982-265a3ebc9d1d,9254821782,",Obstetrics & Gynecology,",South,2025-03-31 06:47:40.381894+00
2d8dcddf-402e-4ddd-adea-6434a4068501,1234778022,",Nephrology,",West,2025-03-31 06:47:40.402181+00
2d97cd8c-b5e2-4360-9eb3-ba46f907790f,1830135837,",Dermatology,",Northwest,2025-03-31 06:47:40.392771+00
2dce59da-523b-4972-8508-79c644a821eb,3861765594,",Obstetrics & Gynecology,",West,2025-03-31 06:47:40.38218+00
2dd12f4c-f430-4f29-a127-4377fdd8421f,4269551632,",Neurology,",Northeast,2025-03-31 06:47:40.403821+00
2dd40275-811f-47fb-9463-677e4034b256,7101118940,",General Surgery,",Northeast,2025-03-31 06:47:40.387165+00
2dd6cdb1-99fb-41e6-93bb-092ed978c238,1993625420,",Obstetrics & Gynecology,",South,2025-03-31 06:47:40.383257+00
2dd8f3fc-3993-42a8-97da-475a40d563b5,4421761840,",Radiology,",Northeast,2025-03-31 06:47:40.404084+00
2ddb320a-2863-43c2-a257-5fc79753a880,5323386885,",Internal Medicine,",West,2025-03-31 06:47:40.37946+00
2df7a56b-db63-4916-8c98-ddcb5e5d8c1e,6705448561,",Orthopedic Surgery,",West,2025-03-31 06:47:40.391985+00
2e027cd8-d28d-4795-8525-93dcda09e6b6,1808071135,",Radiology,",South,2025-03-31 06:47:40.394701+00
2e032259-ba5b-466e-9abd-57833e2a5329,3846302772,",Nephrology,",South,2025-03-31 06:47:40.402481+00
2e03c230-571b-4cb8-b46c-a0f6ad05aab6,3225310246,",Anesthesiology,",Midwest,2025-03-31 06:47:40.397051+00
2e0aa229-04ba-4f65-b3b2-78834fa695fe,2214400247,",Orthopedic Surgery,",West,2025-03-31 06:47:40.39199+00
2e240ee6-46cc-4b77-aea5-3b75a14d25d0,2596069089,",Neurology,",South,2025-03-31 06:47:40.397856+00
2e2e31a1-3335-4598-84d4-6e9df24abcb2,3353896540,",Urology,",Northwest,2025-03-31 06:47:40.400472+00
2e3306ac-3707-408c-94cd-2b482f8ddf0a,1405442362,",Neurology,",Northeast,2025-03-31 06:47:40.397755+00
2e345fab-e85a-40a4-8448-ed95a0c677f0,5453761971,",Internal Medicine,",Northwest,2025-03-31 06:47:40.37845+00
2e34dc3f-6cd5-465e-a3a6-e79aa2a1d6c6,8483941665,",Cardiology,",Northeast,2025-03-31 06:47:40.390359+00
2e3c7b99-4595-4a9d-8e2f-db3ec1af911e,6367328793,",Radiology,",West,2025-03-31 06:47:40.395375+00
2e51ed2e-5b07-4dad-b59a-239b6d0a4d42,5247254173,",Obstetrics & Gynecology,",Midwest,2025-03-31 06:47:40.383113+00
2e54f87f-4090-417c-a168-006a21735515,8520312871,",Dermatology,",Northwest,2025-03-31 06:47:40.392976+00
2e563068-7a40-461c-8b8e-00f3ef06bbe6,3049341678,",Orthopedic Surgery,",Northeast,2025-03-31 06:47:40.391573+00
2e56672a-a14e-4fb9-857e-b9044604deed,9901940589,",Dermatology,",Midwest,2025-03-31 06:47:40.393076+00
2e57b60a-6098-4008-a901-70e164f5ea3d,5925792900,",Obstetrics & Gynecology,",Midwest,2025-03-31 06:47:40.383848+00
2e5873dc-e1cf-41ff-8107-4c6d1544ba59,2625554573,",Obstetrics & Gynecology,",West,2025-03-31 06:47:40.381694+00
2e5cfe9a-f908-47d4-b186-304e8de74b39,5212448342,",Gastroenterology,",Midwest,2025-03-31 06:47:40.39938+00
2e5e3e5a-bb24-41a8-a772-3390588b6ebe,6485148783,",Dermatology,",Northeast,2025-03-31 06:47:40.392705+00
2e62748f-e0a3-4f00-b9c6-08fb27741de0,1763024011,",Pulmonology,",Northeast,2025-03-31 06:47:40.401782+00
2e62c7ad-2b2a-4fa1-9b5a-30e8b002260f,6229270758,",Cardiology,",South,2025-03-31 06:47:40.389753+00
2e6b393f-e595-402a-a07a-6c1d86970903,6209779152,",Urology,",Northwest,2025-03-31 06:47:40.400492+00
2e6d0683-056d-446a-94b6-6a2e1e9091e8,9108795342,",Internal Medicine,",Northwest,2025-03-31 06:47:40.378835+00
2e6d4439-b8ee-4d33-89e4-d3fc6a6554b8,5193952271,",Obstetrics & Gynecology,",Northwest,2025-03-31 06:47:40.383643+00
2e71e7df-7a17-4a48-9b68-36233f942dd1,8525393148,",Internal Medicine,",Midwest,2025-03-31 06:47:40.377736+00
2e733f57-c086-4048-b34f-cb6eee9ba701,3984387953,",Internal Medicine,",West,2025-03-31 06:47:40.380591+00
2e7a689b-257f-472e-8c10-39b47f19ceb2,8650391711,",Neurology,",Northwest,2025-03-31 06:47:40.404221+00
2e7f9a13-600f-42da-bd52-ed4b791ef579,6865469790,",Cardiology,",Northwest,2025-03-31 06:47:40.403894+00
2e8dfbb8-10a2-4715-a9e5-3110ac93cb37,1906947409,",Pulmonology,",Northeast,2025-03-31 06:47:40.401612+00
2e9b369b-1926-4159-91c7-ecc285184720,5833445437,",Cardiology,",West,2025-03-31 06:47:40.389991+00
2e9e6fa3-bf4e-4dca-82d0-ea8501caf548,3402743255,",Psychiatry,",Northeast,2025-03-31 06:47:40.38474+00
2ea8c9b2-5e1c-4164-b10e-6252b91b44d5,1704217668,",Internal Medicine,",Midwest,2025-03-31 06:47:40.37722+00
2ea9793d-4108-4f92-ab62-b0dffcd19179,5532917785,",Internal Medicine,",Northwest,2025-03-31 06:47:40.377388+00
2eacc7c5-5198-461d-9874-921f3c71783c,5257119015,",Psychiatry,",Northwest,2025-03-31 06:47:40.38581+00
2eaccb7a-39c5-428e-863c-6346d09a007a,7534376878,",Obstetrics & Gynecology,",Midwest,2025-03-31 06:47:40.403092+00
2eb18b7c-862e-4dd4-858a-64099dfa596f,7405136969,",Pulmonology,",West,2025-03-31 06:47:40.40194+00
2eb53b2b-5372-4728-b08b-2fad7dad5f09,3437077725,",Radiology,",West,2025-03-31 06:47:40.395372+00
2eba7fef-bd2f-4f62-88a8-6815d1b5c469,1978728237,",Nephrology,",Northeast,2025-03-31 06:47:40.40237+00
2ec0fbf9-c65d-4518-a0b2-5976a351fdbb,8370067220,",Internal Medicine,",Midwest,2025-03-31 06:47:40.377098+00
2ec2e462-e675-4df8-9a98-46f7ed91b3bd,5320964709,",Radiology,",Northeast,2025-03-31 06:47:40.395883+00
2ec64d8b-8cef-4b52-9ab0-fe0d6e7f987b,3185517000,",Radiology,",South,2025-03-31 06:47:40.395355+00
2ec8f702-6d39-4a6f-8367-26769143503a,6623108992,",Internal Medicine,",Midwest,2025-03-31 06:47:40.379758+00
2ecbbac3-859e-4e88-a181-76f7dfcead6c,5001077592,",Obstetrics & Gynecology,",Midwest,2025-03-31 06:47:40.381902+00
2ecdddac-50f3-4bd7-b1ed-1e295104bc5c,3626808037,",Internal Medicine,",West,2025-03-31 06:47:40.379514+00
2edda956-f48e-4481-ad10-eac7927837b4,7170264770,",Oncology,",Northwest,2025-03-31 06:47:40.40301+00
2ee67fbf-c875-4ad8-afab-ebb5a9ba79f2,1552742766,",Radiology,",South,2025-03-31 06:47:40.395268+00
2ee7da48-052c-4daf-b34a-0d9535cb4c74,3716529966,",Cardiology,",South,2025-03-31 06:47:40.390174+00
2eeff9fe-4477-4374-bd67-bd5170e4ad6d,6212145034,",Cardiology,",Northeast,2025-03-31 06:47:40.388629+00
2ef14615-33bb-4c07-99bd-a565a8f2541c,5428463691,",Psychiatry,",Northwest,2025-03-31 06:47:40.38459+00
2ef6ad4e-344e-4e1e-9019-b4e5e4a1df62,5585789136,",Psychiatry,",Midwest,2025-03-31 06:47:40.384718+00
2ef903de-50f4-4fcb-b1a1-ce03d77a6cc0,7291975298,",Radiology,",West,2025-03-31 06:47:40.395439+00
2eff55e9-9ff8-44c5-a0df-f08b1fbb88c0,4936557121,",Anesthesiology,",South,2025-03-31 06:47:40.397213+00
2f042792-7517-454b-858a-bb4a5b981e43,5049584574,",Internal Medicine,",West,2025-03-31 06:47:40.378947+00
2f09ba4d-1c2a-4f11-84cc-3d5346ee9404,7995281897,",Orthopedic Surgery,",Northeast,2025-03-31 06:47:40.391935+00
2f0cf212-40f6-40f0-8ce3-2c9dc9f1635e,8344618911,",Internal Medicine,",West,2025-03-31 06:47:40.380379+00
2f17bcd4-f9c7-41da-9c01-339074c05905,5726172302,",Internal Medicine,",West,2025-03-31 06:47:40.403214+00
2f1855f0-fdef-4235-a7d7-e5c37ad810e6,1519336819,",General Surgery,",Northeast,2025-03-31 06:47:40.388185+00
2f1c199e-79cd-4c07-9834-26d3d4f6d13d,4273767810,",Internal Medicine,",Northwest,2025-03-31 06:47:40.378281+00
2f22c469-9089-4369-961d-c7ec380030e1,8926165906,",Obstetrics & Gynecology,",Northeast,2025-03-31 06:47:40.382726+00
2f3ad441-baec-4515-b9bc-197434360610,1630097240,",Internal Medicine,",Northeast,2025-03-31 06:47:40.379535+00
2f3e39c5-4090-45a9-aa6b-01e6fe9bcc2d,5323439657,",Internal Medicine,",Northeast,2025-03-31 06:47:40.377348+00
2f431f36-8ec1-4399-b283-1b2e1034e610,4104889292,",Gastroenterology,",South,2025-03-31 06:47:40.399632+00
2f4ab3c4-19cb-4e15-b428-441128afae90,5708721296,",Neurology,",Northwest,2025-03-31 06:47:40.398808+00
2f4d5dc7-2d16-4fb0-ad24-c8e34c6c3b36,3517811445,",Obstetrics & Gynecology,",South,2025-03-31 06:47:40.383684+00
2f4f052d-21c5-40a0-8b8c-c938093511a2,3259805261,",Internal Medicine,",Northeast,2025-03-31 06:47:40.378161+00
2f54d3fc-23e0-48aa-8c8b-84b044a2fb24,9063180266,",General Surgery,",Northwest,2025-03-31 06:47:40.386887+00
2f5d321f-3d96-438d-bad1-dc68cbfb23fd,3858217722,",General Surgery,",Northwest,2025-03-31 06:47:40.386076+00
2f658937-1100-4921-b43b-3d45d59d9ce0,8858807026,",Gastroenterology,",Northwest,2025-03-31 06:47:40.399841+00
2f6766a7-0bc2-4b89-8f61-a9c64f7c9fd9,9677056799,",General Surgery,",Midwest,2025-03-31 06:47:40.387591+00
2f709e3b-be7f-4437-ac0a-9c17116f6a9a,5369544952,",General Surgery,",Midwest,2025-03-31 06:47:40.386679+00
2f735b5d-6a15-4c87-9169-3822a10720b7,6216905714,",Gastroenterology,",West,2025-03-31 06:47:40.400112+00
2f743973-eeb9-46ef-9c24-412bfda8c92e,3831134851,",Pulmonology,",West,2025-03-31 06:47:40.401267+00
2f74f247-56a4-44d7-b318-dbd7c0cbfb42,3462521827,",Neurology,",Northwest,2025-03-31 06:47:40.398845+00
2f76f127-563e-4b78-a16a-e1467282d891,7115654897,",Psychiatry,",Northeast,2025-03-31 06:47:40.383901+00
2f7a9c8e-b802-4497-8b7e-ace56a678552,3219688329,",Gastroenterology,",South,2025-03-31 06:47:40.400078+00
2f7ea214-095a-43af-8d49-7339b6876df8,6461091279,",Obstetrics & Gynecology,",Northwest,2025-03-31 06:47:40.382692+00
2f7fd7c8-d5aa-4a66-b0d0-855324f21de1,4809252091,",Internal Medicine,",West,2025-03-31 06:47:40.404574+00
2f83a233-ff75-4956-a8ad-fb4b2ef3f462,6057267894,",General Surgery,",South,2025-03-31 06:47:40.386816+00
2f856ecd-91f4-4dca-b13d-1d9dfd692020,9293671884,",Internal Medicine,",Northeast,2025-03-31 06:47:40.378421+00
2f90d891-d3c3-4a6e-a312-405d1174b76f,1639125425,",Cardiology,",South,2025-03-31 06:47:40.390522+00
2f97f62e-9e30-4dd9-a050-c74043913a1d,5869046804,",Obstetrics & Gynecology,",South,2025-03-31 06:47:40.382029+00
2f9be776-07cf-4f84-992b-fa24ff4c6297,4933600899,",Pulmonology,",South,2025-03-31 06:47:40.401675+00
2f9f00fd-746b-4ecd-b565-630d08a357d2,8787352537,",Oncology,",Northwest,2025-03-31 06:47:40.402911+00
2fa036be-faf5-40eb-9122-6fee5496b4db,3426535499,",Psychiatry,",Midwest,2025-03-31 06:47:40.38542+00
2fa549a9-4113-487d-bf48-735af831c11b,1967601140,",Urology,",Northeast,2025-03-31 06:47:40.400945+00
2fbd6108-8443-48fe-83bd-805956ed4f49,7290914709,",General Surgery,",Northeast,2025-03-31 06:47:40.386229+00
2fc4bcfa-4e12-49ea-b964-a20230e8a282,4743515862,",Nephrology,",South,2025-03-31 06:47:40.40232+00
2fcb6147-bd98-44a3-907a-6384a9fa3d70,8527201319,",Cardiology,",Northwest,2025-03-31 06:47:40.390005+00
2fd60de3-b0cd-4385-85be-97799ab123eb,4254589788,",Pulmonology,",South,2025-03-31 06:47:40.401305+00
2fd6563f-ccd8-4ef2-9378-5c825c3c48fa,3425734675,",Dermatology,",South,2025-03-31 06:47:40.393837+00
2fdb1398-0f9c-4a7b-bece-c4e42f95c24a,2592173010,",Radiology,",West,2025-03-31 06:47:40.395459+00
2fe29450-14aa-4e0a-be99-7448e463c440,3431855069,",Oncology,",Northwest,2025-03-31 06:47:40.403015+00
2fe2dfef-ce25-4e1a-a772-6652826217b7,5713714758,",Gastroenterology,",Northeast,2025-03-31 06:47:40.39996+00
2fe310e7-9fb6-4466-ac82-2f428863906a,9397229286,",Gastroenterology,",South,2025-03-31 06:47:40.40413+00
2fe66053-245e-4fbc-97d9-9f8c78de3c1a,5490273545,",Internal Medicine,",West,2025-03-31 06:47:40.378401+00
2fe6a515-b0e0-4676-a768-08520d561cb2,5211844236,",Radiology,",West,2025-03-31 06:47:40.394333+00
2fea1ad3-ceda-4f22-b1cb-1857452f5a86,7546467181,",Orthopedic Surgery,",South,2025-03-31 06:47:40.39161+00
2ff0c3a2-2102-4501-8ace-39f3be9d2e94,5750814737,",Internal Medicine,",Northwest,2025-03-31 06:47:40.379729+00
30022b83-0b19-4019-ab0e-8efe940cd12b,4677564639,",Dermatology,",Northwest,2025-03-31 06:47:40.39386+00
30128a83-2f0e-4e2f-9508-8c46d6d83780,2198936710,",Obstetrics & Gynecology,",Midwest,2025-03-31 06:47:40.383127+00
3029284c-86ac-41af-8402-8d1eca0b39ba,5326119360,",Internal Medicine,",Midwest,2025-03-31 06:47:40.380146+00
302d64d1-eb12-4210-9d87-5bbf43e1c1d6,4129005354,",General Surgery,",Northeast,2025-03-31 06:47:40.38609+00
3040968e-8f69-4dc5-8dd0-5dd176d91b36,2293240518,",Internal Medicine,",West,2025-03-31 06:47:40.377801+00
30433568-9030-4c82-96c6-b7a36e7d5ca0,3371077130,",Internal Medicine,",Northwest,2025-03-31 06:47:40.380539+00
304be4ce-ca8a-4592-99d2-0ca0d4799c2e,5827405278,",Internal Medicine,",West,2025-03-31 06:47:40.37893+00
306042bd-fb87-4e7f-9fae-34fe92cd9b74,6945414650,",Gastroenterology,",Northeast,2025-03-31 06:47:40.400067+00
3062384a-1b7d-490f-94cd-ccdfbc346de4,8314216420,",Dermatology,",Northeast,2025-03-31 06:47:40.392909+00
30748f16-f228-469c-a319-caf8c35b7caa,3312668067,",Psychiatry,",South,2025-03-31 06:47:40.385311+00
307590a1-b895-4bf7-a794-fdbf02194a29,7013871768,",Neurology,",South,2025-03-31 06:47:40.398534+00
307c5746-4562-4fef-ab34-6ffe69096214,6636905500,",Internal Medicine,",Northeast,2025-03-31 06:47:40.404727+00
307f8533-f9b3-42b5-9ebd-4f432c461ae9,1954060236,",Urology,",Northwest,2025-03-31 06:47:40.400591+00
3080611e-f29f-4b61-b894-0390a0dc740f,1599190144,",Internal Medicine,",Midwest,2025-03-31 06:47:40.380089+00
30873032-9480-45d1-9d46-ea9638e0ab2a,7292059685,",Internal Medicine,",West,2025-03-31 06:47:40.381027+00
308d7a82-f13c-430f-a3c6-63c4e24d9d08,1038606254,",General Surgery,",Northeast,2025-03-31 06:47:40.386301+00
30939711-49c9-47dd-afb2-c0c1524f37b7,7022426536,",Obstetrics & Gynecology,",Midwest,2025-03-31 06:47:40.382544+00
309bad32-73e4-44b8-aa93-65763c833108,4104395250,",Cardiology,",West,2025-03-31 06:47:40.390476+00
309e5517-a4cc-4758-b5b1-badd0efc62de,4545716454,",Radiology,",South,2025-03-31 06:47:40.394785+00
30a190c2-727f-41fc-9246-b7962e3616a9,9405538673,",Cardiology,",Northwest,2025-03-31 06:47:40.404355+00
30ab477e-1ce2-4160-88fe-fae068d80378,5447210683,",Internal Medicine,",Northwest,2025-03-31 06:47:40.403766+00
30af0ca9-13bf-48f7-8158-bfce78211d6b,7244769968,",General Surgery,",Midwest,2025-03-31 06:47:40.386131+00
30b178fb-6387-447f-ab81-47cae5ec60f8,5631337741,",Neurology,",South,2025-03-31 06:47:40.397996+00
30b2b657-49b1-44a6-8feb-19cabeae9489,6501555716,",Internal Medicine,",West,2025-03-31 06:47:40.381088+00
30bc0b94-1b8b-4239-bfac-d419f70a6c11,1887395166,",Neurology,",South,2025-03-31 06:47:40.398546+00
30c60342-8da4-4745-9c25-084ab5d68375,6965973187,",Neurology,",Northwest,2025-03-31 06:47:40.398708+00
30cde852-af31-4b94-88f9-52b860b178c5,7812372204,",Gastroenterology,",West,2025-03-31 06:47:40.399944+00
30d84e99-1727-419d-9fdd-74e3bb7025a3,9932865572,",General Surgery,",South,2025-03-31 06:47:40.387339+00
30daced2-388b-45b3-aba7-981a9c00a17a,6722128879,",Orthopedic Surgery,",Midwest,2025-03-31 06:47:40.391659+00
30e21b9d-c00a-4c50-95ab-e4d183802028,9760630662,",Anesthesiology,",Northeast,2025-03-31 06:47:40.396388+00
30e317fc-8e7d-4f83-9bcd-09f6c636b718,6636639409,",Cardiology,",Northeast,2025-03-31 06:47:40.390273+00
30fc0ad8-5f25-46c4-a6d5-245ea3910540,2657328794,",Nephrology,",Midwest,2025-03-31 06:47:40.402399+00
31044dfc-3704-4555-b90d-7e2fc72f6f93,1912866790,",Gastroenterology,",Midwest,2025-03-31 06:47:40.403249+00
31071d6f-7459-4996-a978-bc37e5b32dc0,8960730792,",Psychiatry,",Northeast,2025-03-31 06:47:40.384059+00
31126540-b98b-4c81-8a8c-ec4a90f5f650,9894892761,",Obstetrics & Gynecology,",Northwest,2025-03-31 06:47:40.383674+00
311a916a-6e61-4913-8fd4-9972e0976771,8121356705,",Psychiatry,",West,2025-03-31 06:47:40.385508+00
311bffa6-9841-452f-9c7f-afc575d781ed,8584589401,",Obstetrics & Gynecology,",West,2025-03-31 06:47:40.382884+00
311e7795-f6bb-4532-a5dd-8b1f799b0ae6,7972955824,",Orthopedic Surgery,",Northeast,2025-03-31 06:47:40.391411+00
312896db-e1b6-4f3a-9217-ff015c2aa7b4,5633072474,",Pulmonology,",South,2025-03-31 06:47:40.401175+00
312a1ab7-1259-4156-b52d-aafaf2937605,8704124165,",General Surgery,",Northeast,2025-03-31 06:47:40.387574+00
312ad0f2-7f4a-4e7c-a531-6d0a2cb9956a,7345972539,",Anesthesiology,",West,2025-03-31 06:47:40.396924+00
312bfea6-6765-4e0a-9b34-aedfc7519e65,3829817988,",Orthopedic Surgery,",Midwest,2025-03-31 06:47:40.392541+00
312ea9b7-f955-4573-a178-6e73a59e2cca,1851670829,",Orthopedic Surgery,",Northeast,2025-03-31 06:47:40.392466+00
31319fb5-ee4d-4142-80a9-da3ebe5f6336,7451570193,",General Surgery,",Northeast,2025-03-31 06:47:40.386824+00
3133fabf-9757-4673-b89c-86b651b5e9a7,7186328359,",Nephrology,",West,2025-03-31 06:47:40.40202+00
31353659-8469-43b7-aa30-fffa7582b2eb,5047265986,",Urology,",Northwest,2025-03-31 06:47:40.401078+00
3137d99c-247b-4834-9bdb-1786d553fcf3,4395917348,",Radiology,",Midwest,2025-03-31 06:47:40.394837+00
313ff28f-f0d2-4f27-ad09-3b4c869cf75d,2827705713,",Urology,",Midwest,2025-03-31 06:47:40.400694+00
314d5d57-b8f9-4de8-a649-64a2ced84cb1,7952088903,",Internal Medicine,",Northwest,2025-03-31 06:47:40.379968+00
3156ca3c-3824-472d-8f6e-ce5bfbfd8538,3661896619,",Anesthesiology,",Northeast,2025-03-31 06:47:40.403504+00
31592cbe-6ac0-440d-abf1-dce3677cf050,2614752890,",Anesthesiology,",South,2025-03-31 06:47:40.396379+00
315fd296-dbd1-4311-9546-0e6b3c660b1e,7867016014,",Internal Medicine,",Midwest,2025-03-31 06:47:40.376228+00
3169bba6-da70-4cb7-9b61-ee4948b879e9,7055333487,",Internal Medicine,",West,2025-03-31 06:47:40.380908+00
316e558f-5dfe-4144-bc8b-c1749dfef039,2697422888,",Internal Medicine,",Northeast,2025-03-31 06:47:40.403533+00
316f586a-8d32-4597-af87-e29f4039e34c,5377536853,",Internal Medicine,",South,2025-03-31 06:47:40.377827+00
31818c2c-029c-4015-9a13-d30fdaa46e7f,4100609077,",General Surgery,",Northeast,2025-03-31 06:47:40.386614+00
31884b5f-eeb2-4fd5-8bc0-e64c86b1ddba,1400605699,",Pulmonology,",Northeast,2025-03-31 06:47:40.401273+00
318a1ac2-150d-4203-94ea-b549902ebc37,4872955118,",General Surgery,",Midwest,2025-03-31 06:47:40.386617+00
319293d7-0f88-4705-ae6a-638b01793394,7910422193,",Internal Medicine,",West,2025-03-31 06:47:40.378528+00
319a660b-3fba-45fd-800e-f3e23984fbb8,2056853355,",General Surgery,",South,2025-03-31 06:47:40.386544+00
319c1c64-53b3-48e2-b19d-2d817437d26d,1789810148,",Internal Medicine,",West,2025-03-31 06:47:40.378849+00
319f3b19-69bd-480f-a98f-6bdb72d9cc06,9891878742,",Dermatology,",West,2025-03-31 06:47:40.392926+00
31aa6d4f-ca17-47e4-8364-d6f259e838cf,9976597874,",Radiology,",Midwest,2025-03-31 06:47:40.394322+00
31adc9ee-3636-4f96-bdba-c4ff4ab2e8d1,9447060916,",Gastroenterology,",West,2025-03-31 06:47:40.403742+00
31b43ca5-86b1-44df-815a-335a1d0c2882,5563448401,",Pulmonology,",South,2025-03-31 06:47:40.401101+00
31b9a336-10ff-4725-af89-b4bd74ed48a6,1649600441,",General Surgery,",Midwest,2025-03-31 06:47:40.386975+00
31be42b5-bd04-43d8-9004-826dc56dfdec,1670717310,",Cardiology,",Northeast,2025-03-31 06:47:40.390307+00
31d3da07-8d53-45f8-b982-6a00c59f525f,6588589393,",Internal Medicine,",Midwest,2025-03-31 06:47:40.377781+00
31d63a7d-c30e-476a-9168-947238aef608,7854639486,",Internal Medicine,",Northeast,2025-03-31 06:47:40.37856+00
31da9e0c-df8a-4026-aad6-ce2379deb2f9,1741535000,",General Surgery,",Northwest,2025-03-31 06:47:40.386319+00
31e3b1ed-8fe9-4a8a-b6e0-ca88d55456f4,4722911045,",Internal Medicine,",Northeast,2025-03-31 06:47:40.380453+00
31f2549d-ed7a-43d1-9120-d48f365a1853,4451517037,",Obstetrics & Gynecology,",Midwest,2025-03-31 06:47:40.383783+00
31f410f4-ef17-4643-be70-98880fb61753,1777589555,",Internal Medicine,",South,2025-03-31 06:47:40.379052+00
320a1118-326b-4a7a-b0d7-e76ab2a3853f,3444385588,",Internal Medicine,",Northwest,2025-03-31 06:47:40.37697+00
320bb250-0024-48b2-99d7-145785ff232e,4644958316,",Radiology,",Northeast,2025-03-31 06:47:40.395198+00
320f6ad2-6481-4f50-82b3-09d6d495bfb5,1839138793,",Neurology,",Northwest,2025-03-31 06:47:40.399064+00
32144a4b-0323-4dca-9af7-089a0f0a0e4b,6102944734,",Orthopedic Surgery,",West,2025-03-31 06:47:40.392194+00
32265d06-75c3-436f-9452-6cf73d66065a,7302984506,",Orthopedic Surgery,",West,2025-03-31 06:47:40.39176+00
322871d7-46a3-448a-b5b1-f0625a6a5aba,2931780009,",Internal Medicine,",Northwest,2025-03-31 06:47:40.378361+00
32291fb5-7439-40ab-a107-db8c59487f82,4132523616,",Psychiatry,",Northwest,2025-03-31 06:47:40.384638+00
3239cf59-4475-46af-bd76-f1cc4469846f,9669271663,",Internal Medicine,",West,2025-03-31 06:47:40.37617+00
3245d7a6-bf98-4b99-9c06-598bcb62c4b8,1746852938,",Psychiatry,",South,2025-03-31 06:47:40.385357+00
32472a75-b2bf-454e-9bb6-1398fefc48ed,5674420102,",Obstetrics & Gynecology,",Northeast,2025-03-31 06:47:40.38207+00
3250331f-c3ad-4336-bbbc-936df7f7a4d7,1202715908,",Internal Medicine,",Midwest,2025-03-31 06:47:40.38024+00
3255985e-f1e7-41ef-bcdc-37722defcf6c,9106511609,",Obstetrics & Gynecology,",Northwest,2025-03-31 06:47:40.382044+00
325a5fec-815c-41bd-9221-6ed8df6af1f1,9496050936,",Psychiatry,",West,2025-03-31 06:47:40.385692+00
325b34b4-a22b-4b33-8c6e-15994072cb53,4234354704,",Psychiatry,",South,2025-03-31 06:47:40.384834+00
326684d8-54b4-428a-bd31-75dde89d0b7a,1477600917,",Obstetrics & Gynecology,",South,2025-03-31 06:47:40.404712+00
32691fb7-e891-40c5-af6d-8af83a584cfa,4499130077,",Orthopedic Surgery,",Northeast,2025-03-31 06:47:40.391123+00
326bab53-faa2-468a-939f-49e0a4871196,3250726058,",Orthopedic Surgery,",South,2025-03-31 06:47:40.392278+00
32913f47-479b-4138-a675-b7cb4af2a142,6322468347,",Radiology,",Northwest,2025-03-31 06:47:40.394593+00
32918f7b-79ff-447b-8dbd-4f1770613a03,3975164665,",Gastroenterology,",Midwest,2025-03-31 06:47:40.399886+00
3291f89a-eb7d-454d-9651-6a0ed2eae293,6673071622,",General Surgery,",Northwest,2025-03-31 06:47:40.388092+00
329267f3-eff8-46ce-a266-a1e6c00e7ac4,5383864529,",Radiology,",South,2025-03-31 06:47:40.395238+00
329eaf4b-2fe3-41b6-9e1c-0cab0063f730,7105485747,",Anesthesiology,",Northwest,2025-03-31 06:47:40.397205+00
32a1af5c-ec15-4c82-93de-03b916656d0e,1860317807,",Neurology,",Northwest,2025-03-31 06:47:40.399007+00
32a45851-2828-4562-82ae-3c9f444dce4f,5217474659,",Internal Medicine,",Northeast,2025-03-31 06:47:40.3794+00
32ab13f5-b112-423e-8f61-62e49c97f9cf,1783116052,",Obstetrics & Gynecology,",West,2025-03-31 06:47:40.382439+00
32b63ffc-8dec-4ac1-be44-4aac5d6c1506,3169758976,",Internal Medicine,",Northwest,2025-03-31 06:47:40.377981+00
32bf18c9-60d1-4257-90c4-967aa18e9a06,2108351802,",Cardiology,",South,2025-03-31 06:47:40.3904+00
32c0813f-9671-45cb-9517-41254c3a5f6f,7911710312,",Obstetrics & Gynecology,",Midwest,2025-03-31 06:47:40.382568+00
32c80688-36b4-4dfb-83a8-f3f4a826eaf5,9628133137,",Cardiology,",South,2025-03-31 06:47:40.389952+00
32cf4f17-af6c-45fe-9f11-1ecd5864db17,5460714937,",Internal Medicine,",Midwest,2025-03-31 06:47:40.380612+00
32d3f9ab-343c-47b6-bbb6-65ebcff26f47,8588454002,",Anesthesiology,",West,2025-03-31 06:47:40.397002+00
32d806c7-d2b5-4a76-8578-57b3c5c0a143,8838061659,",Anesthesiology,",Northeast,2025-03-31 06:47:40.397444+00
32dcd5ce-5a52-41da-b5c4-b3f5bec9d4df,3551244542,",Anesthesiology,",Midwest,2025-03-31 06:47:40.39643+00
32f6afb0-eb45-4c69-8745-e6434b8a17b4,5935670199,",Internal Medicine,",Northwest,2025-03-31 06:47:40.37826+00
32f72979-3050-4d2e-9009-f10949c8eaad,7761100005,",Cardiology,",Northwest,2025-03-31 06:47:40.38875+00
32fbe739-a584-44a2-97b4-1dbae9e5990b,4401360160,",Psychiatry,",Northeast,2025-03-31 06:47:40.38593+00
32fe6a76-91de-482e-8581-f343d2cbea73,3461563523,",Internal Medicine,",Northwest,2025-03-31 06:47:40.37892+00
32ff35f1-1915-4008-b81e-de658b5ae6f3,7046631871,",Oncology,",South,2025-03-31 06:47:40.402834+00
330bfca0-d626-4eea-bef1-5169de98ff4d,8808148607,",Internal Medicine,",West,2025-03-31 06:47:40.378596+00
330cc837-85a2-4ce6-af76-66583f0ea8f8,4693323977,",Cardiology,",Northwest,2025-03-31 06:47:40.39+00
331f9d70-b9db-4931-a817-db649a31bc6e,6348090622,",Orthopedic Surgery,",Northwest,2025-03-31 06:47:40.392498+00
33218aab-c3ff-413e-903b-0a3b39f4efed,7148251964,",Obstetrics & Gynecology,",Northeast,2025-03-31 06:47:40.383578+00
33294feb-a685-4648-a3cf-4c68a66bb0c8,4766718353,",Urology,",Midwest,2025-03-31 06:47:40.400543+00
332e9bb2-7ef2-4862-ba4a-808e06efa797,6783244504,",Anesthesiology,",West,2025-03-31 06:47:40.404654+00
3332ffcc-32d5-45e9-9672-b86a594d6d18,2550251083,",Psychiatry,",Northeast,2025-03-31 06:47:40.385871+00
33338fce-c2fb-45cb-9d79-6459a2589a5c,6934826422,",Internal Medicine,",West,2025-03-31 06:47:40.378016+00
3333e3d5-1e97-4f11-b041-6d7b27683da1,3463637803,",Psychiatry,",South,2025-03-31 06:47:40.38438+00
3337722f-187f-4db0-bd86-892600d2b938,4617971442,",Urology,",Midwest,2025-03-31 06:47:40.400388+00
3340553a-8c7d-4a5a-9984-a775b2bc4d8f,2794957191,",Radiology,",South,2025-03-31 06:47:40.394417+00
33412755-873c-425d-839a-29fe18866e70,1840010758,",Gastroenterology,",Midwest,2025-03-31 06:47:40.399345+00
334a2dec-a7d3-4514-89fd-a4bac003b9cf,1807074260,",Pulmonology,",Northwest,2025-03-31 06:47:40.404488+00
334f6e11-9f95-45dd-aa12-76790fd187e2,2909141208,",General Surgery,",South,2025-03-31 06:47:40.387741+00
335a73a3-4f74-405d-b1c8-38b1b33471b3,6421711300,",Gastroenterology,",Northwest,2025-03-31 06:47:40.399657+00
3360b38e-9469-4e1b-a715-c3b8e23b64e5,6304921305,",Gastroenterology,",Midwest,2025-03-31 06:47:40.400195+00
336417a9-924e-48a9-a1c2-5b16fdf9cbf0,6406067849,",Obstetrics & Gynecology,",Northeast,2025-03-31 06:47:40.382302+00
336977b5-33ca-49ac-9f07-511fcfb9b145,2687433681,",Internal Medicine,",Northeast,2025-03-31 06:47:40.378263+00
336a2f5a-4b7e-4011-ae0b-e8c5f626518d,8482162954,",Psychiatry,",Northwest,2025-03-31 06:47:40.384763+00
336d88b7-a238-48bd-a0a6-22c4a25e2a2b,2684261484,",Gastroenterology,",South,2025-03-31 06:47:40.399443+00
337724d3-20e5-4191-974d-ee2e7d11f401,9595791058,",Internal Medicine,",South,2025-03-31 06:47:40.378327+00
337e76cb-67f3-444a-b327-9fdd52dc3dd2,2136787453,",Orthopedic Surgery,",West,2025-03-31 06:47:40.391754+00
3384c888-aaa1-41e1-9c75-86107e6666d4,1418953065,",Gastroenterology,",Northwest,2025-03-31 06:47:40.39971+00
338d9acb-e10c-4d1f-a3b8-a32dc433944e,8701291551,",Oncology,",West,2025-03-31 06:47:40.402964+00
339de582-3de0-4794-83b5-f0ab4357bdd1,2730585129,",Neurology,",West,2025-03-31 06:47:40.403416+00
33aa5a09-12d9-432b-94a5-26aa2baa55ef,1791382644,",Anesthesiology,",Midwest,2025-03-31 06:47:40.404218+00
33ba2581-077a-4763-9a9e-5986d4cf2a92,9044453546,",Gastroenterology,",South,2025-03-31 06:47:40.40007+00
33c1b782-862c-47df-9a32-647c76984b3f,1824584800,",Obstetrics & Gynecology,",Northwest,2025-03-31 06:47:40.382129+00
33c8b3e4-f4ea-4a57-b758-9d7af5ddb3ad,5577642814,",Internal Medicine,",South,2025-03-31 06:47:40.377541+00
33f6cf4a-e72a-4db2-8fab-d4b5a3f4ab6c,3553414765,",Orthopedic Surgery,",Midwest,2025-03-31 06:47:40.391505+00
33fa60b2-cabb-48e6-a70c-a5436cc636c1,6371322301,",Internal Medicine,",West,2025-03-31 06:47:40.379613+00
33fe2c11-8c4b-4c18-a644-e46c43abbb2d,9498977979,",Radiology,",West,2025-03-31 06:47:40.394772+00
340d7520-7494-43ca-9120-63e831df75a3,5268410610,",Anesthesiology,",West,2025-03-31 06:47:40.396072+00
34101857-f392-4797-9824-3daee8c2b60a,5005159741,",Dermatology,",Northeast,2025-03-31 06:47:40.394126+00
3415b719-d9e3-4a39-b5d9-2d9a4b1c5526,4759198356,",Neurology,",South,2025-03-31 06:47:40.398096+00
341cf925-d391-426e-9fb7-4f8a0d334689,5188479548,",Radiology,",West,2025-03-31 06:47:40.39448+00
341d4e47-ddd9-46f3-a33a-edfb1644537a,8057671850,",Urology,",Midwest,2025-03-31 06:47:40.400954+00
342d7c10-94fc-4218-a341-d55dcea453e4,3684813411,",General Surgery,",South,2025-03-31 06:47:40.387583+00
343217f9-5620-43f9-8746-c9c9ab01c97d,5298727148,",Dermatology,",South,2025-03-31 06:47:40.394211+00
343e9a54-d2a2-4bd8-931f-20f9931666b5,8080115266,",Dermatology,",Midwest,2025-03-31 06:47:40.392627+00
3449123a-8981-48b1-a9cc-2e2461bbaccf,6929779138,",Oncology,",Northwest,2025-03-31 06:47:40.402619+00
344c4f5b-11f2-4d12-b780-d64ad9530f90,2142086659,",Cardiology,",South,2025-03-31 06:47:40.389113+00
34520c59-c1a9-4f7f-896d-cc76620686c7,9639436133,",Internal Medicine,",Northeast,2025-03-31 06:47:40.377748+00
3454d90c-7545-44b2-ad00-6456121d21c0,5991602131,",Internal Medicine,",Northeast,2025-03-31 06:47:40.377132+00
345e52f0-30df-4f8f-9aba-ae164157dbff,6736542221,",Obstetrics & Gynecology,",Northwest,2025-03-31 06:47:40.382221+00
34623ae3-aba5-40e2-a706-9ede447396ac,4857786183,",Oncology,",South,2025-03-31 06:47:40.402583+00
347bd617-20a7-4cd3-8a07-65acd27ce5e6,1606922657,",Anesthesiology,",Midwest,2025-03-31 06:47:40.397102+00
34853214-7ba2-4582-8c2f-17b8f1a54e95,4743550538,",Radiology,",Northwest,2025-03-31 06:47:40.394542+00
348d54f9-cae1-48a1-96b2-cf044c0e8672,4971391014,",Radiology,",South,2025-03-31 06:47:40.395432+00
34a1f333-4ee7-4360-8b64-0a5398f4f123,7280837936,",Internal Medicine,",Midwest,2025-03-31 06:47:40.37699+00
34a299c9-f32e-400a-a8ac-17beec589649,2731463276,",Anesthesiology,",Northwest,2025-03-31 06:47:40.396743+00
34a2e0e3-9338-494a-8cb0-f5d990bb8019,7126224413,",Anesthesiology,",Midwest,2025-03-31 06:47:40.396852+00
34b0ce55-edac-476e-805b-6fb4eda5bad5,9790024383,",Psychiatry,",Midwest,2025-03-31 06:47:40.385838+00
34b58390-1fb4-4a6e-97c8-9d188ecd0214,3905102094,",Orthopedic Surgery,",Midwest,2025-03-31 06:47:40.390779+00
34cbcfca-c643-49d0-87c8-3b51414f6f90,8093781875,",Dermatology,",Midwest,2025-03-31 06:47:40.392814+00
34d1e47a-ae58-4aaa-a772-651b0f5ccf51,1501304000,",Urology,",West,2025-03-31 06:47:40.400662+00
34d51445-257d-4799-9c6f-938f96c3a5f5,7782368694,",Pulmonology,",South,2025-03-31 06:47:40.401118+00
34d6fc89-fb1b-4df8-8afe-43fdbf645b6f,1920266305,",Neurology,",South,2025-03-31 06:47:40.398757+00
34dcd186-3289-4b47-887b-e475fff0b7ff,5352215319,",Internal Medicine,",South,2025-03-31 06:47:40.381583+00
34e6fd4d-febe-478c-b417-8ccc532c0b44,9094351577,",Radiology,",South,2025-03-31 06:47:40.395473+00
34e734ce-26f0-431a-94a3-153593e25749,6300653655,",Orthopedic Surgery,",South,2025-03-31 06:47:40.390993+00
34ebf30b-0928-42c3-9fdd-dbb1310f1724,4721800164,",Urology,",Northwest,2025-03-31 06:47:40.400642+00
34f9d86f-26d6-4fb0-8f6c-aaaf60ba8f46,9239710775,",Internal Medicine,",South,2025-03-31 06:47:40.3813+00
34fd9013-931a-43ba-8976-ac28041cc37f,9165212934,",Orthopedic Surgery,",Northeast,2025-03-31 06:47:40.391428+00
3500c9c7-4bea-45f7-98e1-3249b6dd49b7,4420099830,",Internal Medicine,",Midwest,2025-03-31 06:47:40.378764+00
350294d7-7dc7-4342-843b-f8b3c09e55f7,7208858080,",Neurology,",Midwest,2025-03-31 06:47:40.398085+00
3504f3bd-3709-47d7-83e9-390cc93e2d52,2406802118,",Cardiology,",West,2025-03-31 06:47:40.388866+00
3512655e-15d0-4830-b77c-448952e1c179,7923708521,",Internal Medicine,",Midwest,2025-03-31 06:47:40.380493+00
3518dee2-5cf4-45d6-892f-a0668ba88e04,6169360951,",Orthopedic Surgery,",Midwest,2025-03-31 06:47:40.392079+00
35193d4f-f84e-4847-b6f5-ad8e38d69a23,1160438435,",Internal Medicine,",Midwest,2025-03-31 06:47:40.378203+00
351bb5e3-f418-4751-b62a-d818cd1bd08a,8098532401,",Radiology,",West,2025-03-31 06:47:40.39467+00
351d19c3-3e0b-421f-8a13-f2749b1f7c55,1355256151,",Anesthesiology,",Northwest,2025-03-31 06:47:40.396438+00
351d1ee7-dfb9-4231-bf90-37a73a1edbcb,3684229622,",Neurology,",Midwest,2025-03-31 06:47:40.39878+00
3522fe89-611b-48eb-b7c3-7cb5f9938542,6542534008,",Anesthesiology,",Midwest,2025-03-31 06:47:40.396635+00
353268d0-df07-475a-8aa9-b68fc2744e27,5064440261,",Cardiology,",Northwest,2025-03-31 06:47:40.390647+00
353e5f23-e4e0-42e3-b3d0-8436ae30f2ed,6864684319,",General Surgery,",South,2025-03-31 06:47:40.386766+00
354031e5-886a-43e7-b6cb-c4497b7a9a38,3418076606,",Nephrology,",Northwest,2025-03-31 06:47:40.402158+00
35465954-3469-4571-aefe-56a12bf1967d,4884859229,",Internal Medicine,",Northwest,2025-03-31 06:47:40.377275+00
3546ffce-06e2-477a-99bf-5d544ebd11c3,3035632030,",Cardiology,",Northeast,2025-03-31 06:47:40.403186+00
354dfbbb-90dc-49fd-a47e-4ee8863f790b,1466646453,",Radiology,",Northwest,2025-03-31 06:47:40.394825+00
355850c4-1942-4d93-9f30-080e674d50d6,4400785029,",Neurology,",Northeast,2025-03-31 06:47:40.398261+00
355c5dbe-4b95-4565-b337-d71876d96f0f,8612302756,",Nephrology,",Midwest,2025-03-31 06:47:40.404694+00
355e710d-e620-47bf-bea6-0417102d56d5,4408485949,",Cardiology,",South,2025-03-31 06:47:40.390256+00
3565a449-3511-43fa-8eca-570610ce49b9,2319141567,",Radiology,",South,2025-03-31 06:47:40.395285+00
357370ad-8b2e-4cf4-a250-3dc4b9826060,1040654198,",Cardiology,",Midwest,2025-03-31 06:47:40.389081+00
35753873-4f18-47fc-a51e-d5941e7e2139,7902031541,",Obstetrics & Gynecology,",Midwest,2025-03-31 06:47:40.381955+00
3578bf85-379d-4c07-82f6-725387a994f8,4413015641,",Urology,",West,2025-03-31 06:47:40.40062+00
357d7fb2-615c-4acd-b53f-7823fb7f5c32,3831912565,",Gastroenterology,",Northeast,2025-03-31 06:47:40.399423+00
3582e886-e034-425e-ac4c-35da302ae886,8990836982,",General Surgery,",Midwest,2025-03-31 06:47:40.386053+00
3583fdea-1d04-4344-9ff5-330ccf46d50a,1651136232,",Internal Medicine,",West,2025-03-31 06:47:40.380435+00
3589e510-e8cd-4d3d-8481-0ef6d170fc95,4662921296,",Orthopedic Surgery,",Midwest,2025-03-31 06:47:40.391602+00
358b5d36-df2d-40fb-93e2-fc9a9fd72dae,2537152456,",General Surgery,",Northwest,2025-03-31 06:47:40.387952+00
3590273b-e196-463a-8d5d-343e31dc37d4,1578665615,",Cardiology,",Northwest,2025-03-31 06:47:40.389463+00
3591bb53-b43f-4bb0-80a5-e6624816dfb2,9618831173,",Gastroenterology,",West,2025-03-31 06:47:40.399666+00
35aca130-168d-4e07-8091-eb3aef49f5d9,7299482425,",Orthopedic Surgery,",Northeast,2025-03-31 06:47:40.392186+00
35b44925-84ff-4d31-a188-4a35f7a6af3c,7345692403,",Cardiology,",West,2025-03-31 06:47:40.389404+00
35b7cb57-c13a-4960-ab07-63a7291033ca,9817858983,",Gastroenterology,",Midwest,2025-03-31 06:47:40.399359+00
35ba9b6c-da6f-4f2d-b2b3-d9face533831,6016200419,",Internal Medicine,",Midwest,2025-03-31 06:47:40.377218+00
35c666c4-9e83-45cc-b262-b06e7648a348,1790809078,",Internal Medicine,",South,2025-03-31 06:47:40.380765+00
35c672e0-27b3-47c4-9c18-4c07b7e670a0,8223117031,",Gastroenterology,",Northeast,2025-03-31 06:47:40.399827+00
35d8f703-5d6c-4b99-979e-ae11af88a510,6511784651,",General Surgery,",South,2025-03-31 06:47:40.38617+00
35dda4e5-1b74-47e9-adc9-701f1d757768,5436195747,",Neurology,",Northeast,2025-03-31 06:47:40.398617+00
35f88e10-0145-4152-9506-26484a74a58c,9295635683,",Pulmonology,",Northwest,2025-03-31 06:47:40.401887+00
3601986f-8996-4d0d-9bfa-880d26be985c,9891594576,",Internal Medicine,",West,2025-03-31 06:47:40.380412+00
361570fa-60fe-4b19-8b15-8285460b31e8,7999914203,",Radiology,",West,2025-03-31 06:47:40.395161+00
361f4e31-1ef4-44c4-880e-8b4429fa5158,4747309869,",Anesthesiology,",West,2025-03-31 06:47:40.396152+00
36232b4b-45da-4824-be01-71c49f3517a8,2143560689,",Psychiatry,",West,2025-03-31 06:47:40.385394+00
3623895f-caf0-46e0-aebb-75c6251838be,4753285114,",Obstetrics & Gynecology,",South,2025-03-31 06:47:40.382695+00
362c12b8-a00d-471b-b827-2cb57f09d3c9,3238579665,",Radiology,",Midwest,2025-03-31 06:47:40.395435+00
362dd210-d6c8-4ab6-8d2c-bb3ad665c87e,5103469133,",Internal Medicine,",South,2025-03-31 06:47:40.376234+00
362ffa36-a9f2-4d0c-a8fa-34da30166778,4289470866,",Anesthesiology,",Northwest,2025-03-31 06:47:40.397355+00
363b699d-716c-4e3e-ae56-0dde583e541b,7539645786,",Radiology,",West,2025-03-31 06:47:40.394915+00
3642a254-b10b-4ac7-b370-cf82e01f4231,8587894248,",Oncology,",Northeast,2025-03-31 06:47:40.403467+00
3646f64d-23a6-43f3-a838-7ff8b08423fc,6766437294,",Internal Medicine,",Midwest,2025-03-31 06:47:40.38029+00
364afe4c-dbba-49bf-9e02-24916a1faa6b,5979956135,",Dermatology,",South,2025-03-31 06:47:40.393742+00
364b7c82-98bd-46ed-adca-39a6b5386d07,8278837449,",Radiology,",West,2025-03-31 06:47:40.395305+00
365461dd-dcba-4dc1-87f2-6512b5b7cbe7,7509975094,",Internal Medicine,",West,2025-03-31 06:47:40.403693+00
365915e6-9014-478c-8f6a-599f1485e203,2324918063,",Nephrology,",South,2025-03-31 06:47:40.402368+00
3668e768-2251-4cba-a07c-5b83bcdab427,8124170077,",Internal Medicine,",Northwest,2025-03-31 06:47:40.381103+00
367bada6-7031-4531-a592-bf4d362fd83b,8712065718,",Internal Medicine,",West,2025-03-31 06:47:40.378079+00
367ff174-d832-4602-b611-c2a7247f08e0,6329745021,",Obstetrics & Gynecology,",Midwest,2025-03-31 06:47:40.383254+00
36844874-c5d3-442c-a57a-11935d12445f,9379046000,",Orthopedic Surgery,",West,2025-03-31 06:47:40.391982+00
3687d006-bd44-43c8-abf3-ef4c0b1483e0,5873364578,",Radiology,",West,2025-03-31 06:47:40.395541+00
369a7e72-6a1e-4d49-90c8-94f9bb148e99,9083147694,",Internal Medicine,",South,2025-03-31 06:47:40.380069+00
36a24f45-ed49-46da-b603-b914a2335436,8867062077,",Neurology,",Northeast,2025-03-31 06:47:40.39823+00
36a34efe-104b-4926-a94d-cef748089af5,7333576356,",Internal Medicine,",Midwest,2025-03-31 06:47:40.380748+00
36ac9c46-b991-449c-b7b5-3f49080adfb1,9482324340,",Orthopedic Surgery,",Northwest,2025-03-31 06:47:40.390807+00
36b2e15c-ab88-45db-879b-0433d74c5eed,4325662175,",Radiology,",West,2025-03-31 06:47:40.395352+00
36b38b30-3f67-449c-9a98-3d997abddaad,9437565874,",Dermatology,",South,2025-03-31 06:47:40.39347+00
36bf7300-ea19-48c3-9df6-7a6a53cdee1d,2979152311,",Internal Medicine,",South,2025-03-31 06:47:40.380272+00
36c38642-b70e-4687-b9a1-f46587bcd57f,4368796538,",Orthopedic Surgery,",South,2025-03-31 06:47:40.390719+00
36c9c9e5-549c-44c8-9940-21e2ebc98c8a,4952093310,",Neurology,",Northwest,2025-03-31 06:47:40.398768+00
36c9fc88-1dee-49d2-93b3-727fece23f05,1141961397,",Internal Medicine,",West,2025-03-31 06:47:40.377555+00
36cfefbf-387c-43eb-be18-b81e3ad0c97d,7851995445,",Urology,",South,2025-03-31 06:47:40.400817+00
36d0fc5c-7d3a-483d-8d5c-a4d4e8fbcd33,6082765198,",Obstetrics & Gynecology,",Northeast,2025-03-31 06:47:40.382421+00
36d8609c-60da-44d3-bdea-68b1a1ab9031,6730279951,",Psychiatry,",West,2025-03-31 06:47:40.385525+00
36e77306-dca4-4ad1-bb13-0856de898e9b,8940753114,",Psychiatry,",West,2025-03-31 06:47:40.403257+00
36f35af3-f4f2-4f7c-9fc5-2de3f82c6f87,4668190456,",General Surgery,",Northeast,2025-03-31 06:47:40.386226+00
36f76013-996e-4fb2-9a3c-2469ec281289,3907722404,",Internal Medicine,",Northeast,2025-03-31 06:47:40.378106+00
36f7c9d6-0552-4106-8118-8d1a5ab4652c,3854557115,",Anesthesiology,",Midwest,2025-03-31 06:47:40.396194+00
36f8a4ef-3592-4aa8-b281-c0d68f6f103e,5672271209,",Cardiology,",Midwest,2025-03-31 06:47:40.390456+00
3700d7f1-2225-4153-9dbf-df4e5e05f7db,6724379222,",Psychiatry,",Northeast,2025-03-31 06:47:40.38403+00
370bf319-671b-4b5d-9913-59a69ac9d693,7698081100,",Neurology,",Northeast,2025-03-31 06:47:40.398935+00
3718492c-7f34-4a24-a95c-a9be51176c30,5631785782,",Anesthesiology,",Northeast,2025-03-31 06:47:40.397185+00
3722a292-ad54-444e-835f-0e21c0f8747f,1776027026,",Gastroenterology,",South,2025-03-31 06:47:40.399571+00
3724d7f3-a743-42d2-a41a-e75dc8320aed,3941263473,",Neurology,",West,2025-03-31 06:47:40.398526+00
37298fda-d422-4456-824b-ee5a41889dc7,3563247532,",Pulmonology,",Northwest,2025-03-31 06:47:40.401875+00
372bc190-74b5-4542-870a-319e245aee8d,7716998104,",Internal Medicine,",South,2025-03-31 06:47:40.381597+00
372f33d1-2187-483d-8ff7-1346c52cde2c,2471669121,",Gastroenterology,",Northwest,2025-03-31 06:47:40.399351+00
3732078a-b1f6-4076-93ef-70fec29d6510,9459073107,",Cardiology,",West,2025-03-31 06:47:40.390003+00
37343135-8de3-450c-bf9f-6272c58bf73f,7848445660,",Obstetrics & Gynecology,",South,2025-03-31 06:47:40.382259+00
37396ff0-a878-47de-91ac-376cc1da5da9,6790628736,",Orthopedic Surgery,",Midwest,2025-03-31 06:47:40.390756+00
373a3684-9ded-45a3-ad2c-33e0f52b8a3a,8816720283,",Radiology,",Midwest,2025-03-31 06:47:40.395823+00
373f2217-e74d-4607-9ff2-d84e76755eac,6977683066,",Internal Medicine,",Midwest,2025-03-31 06:47:40.377246+00
37409458-403a-4bb3-a1b8-b05477ddfc47,1803617992,",Psychiatry,",South,2025-03-31 06:47:40.384706+00
37448ad8-e7dc-487a-b7d0-1e669007cc8b,2234489517,",Internal Medicine,",West,2025-03-31 06:47:40.378654+00
3744bc4a-6cad-43f0-8e15-4bfd02f8b3b9,3507195529,",Radiology,",West,2025-03-31 06:47:40.39566+00
375aab60-b7a9-42ba-9e90-a0b17159922f,6703603950,",Cardiology,",Northeast,2025-03-31 06:47:40.390199+00
37681bb9-f103-484d-80a0-b37a15f2e6ac,7402730346,",Gastroenterology,",Northwest,2025-03-31 06:47:40.399768+00
376aa4c0-a764-4f01-9c77-863c7aa7cb88,8193568773,",Gastroenterology,",West,2025-03-31 06:47:40.399469+00
376ccb82-3932-4c39-afc9-416009cbc579,6766654105,",Radiology,",West,2025-03-31 06:47:40.394261+00
37799950-db60-44ce-90e5-4c8aabf752b8,4403267241,",Internal Medicine,",West,2025-03-31 06:47:40.37833+00
3794ca4e-a880-46ac-8973-eebd993b4dbe,3309723835,",Obstetrics & Gynecology,",Midwest,2025-03-31 06:47:40.382947+00
37994aad-ab0f-4a7f-b515-aadfd1000127,2795576085,",Dermatology,",Midwest,2025-03-31 06:47:40.393264+00
37aa0329-dfa6-4f0e-83f4-5b58a1a72939,1194418070,",Internal Medicine,",South,2025-03-31 06:47:40.378298+00
37aa9ecb-3a9e-4c8f-8aca-aae623c65f2b,9863315055,",Cardiology,",Northeast,2025-03-31 06:47:40.390467+00
37c36f98-13b2-44aa-ae2f-778f1a419182,9847319572,",Cardiology,",Northwest,2025-03-31 06:47:40.389859+00
37cb6ef8-d5f8-46fa-9675-ae2544cebe34,1296182251,",Oncology,",Northwest,2025-03-31 06:47:40.40385+00
37eaf869-81ed-46a5-a3c4-f92a05c47a1c,6630286899,",Cardiology,",South,2025-03-31 06:47:40.404506+00
37eed368-354e-4aef-966e-6c90925a4ca4,3156968684,",Anesthesiology,",Midwest,2025-03-31 06:47:40.397581+00
37f71fe4-4ee3-4bcf-97c5-9dfe779f2006,7752959245,",Obstetrics & Gynecology,",West,2025-03-31 06:47:40.382178+00
37fdec36-9d59-432e-b4bb-4ef78552b4ea,1933972815,",Psychiatry,",Northeast,2025-03-31 06:47:40.384099+00
380c2520-9811-4663-89be-beb87b88a637,8499062381,",Obstetrics & Gynecology,",South,2025-03-31 06:47:40.381697+00
38109e27-b709-4b11-bfa4-85d628bc4f0b,7133025514,",Orthopedic Surgery,",South,2025-03-31 06:47:40.392428+00
38153006-4a51-423c-8258-febce1a2d190,5055557666,",General Surgery,",Midwest,2025-03-31 06:47:40.387157+00
381c6a4c-cfd3-4a8e-916b-f9b1ceeb3a2a,7999351048,",Anesthesiology,",Northeast,2025-03-31 06:47:40.396228+00
381f0237-5ea3-408e-9e51-8bef84a18606,4882452675,",Gastroenterology,",South,2025-03-31 06:47:40.403372+00
3822f9fd-1081-4e81-9927-22507855c77a,3939021786,",Cardiology,",Northwest,2025-03-31 06:47:40.389251+00
382361ab-4d77-4c05-85f6-583668f5e39e,1254076931,",Internal Medicine,",Midwest,2025-03-31 06:47:40.380237+00
383d2262-8be5-4475-9833-21398e451c15,2891932076,",Internal Medicine,",Northwest,2025-03-31 06:47:40.376123+00
383eec4d-d274-43a6-8520-60aa5d6b701b,9538352314,",Dermatology,",Northeast,2025-03-31 06:47:40.393007+00
383fa486-e309-42e4-b116-b79c15ae4f55,7565280589,",Cardiology,",Midwest,2025-03-31 06:47:40.38968+00
38430562-ceb5-42b7-87ff-8197847ecc7b,9526329306,",Anesthesiology,",West,2025-03-31 06:47:40.397105+00
3843cc09-408b-48a5-980d-b6576e7020fd,8269527055,",General Surgery,",South,2025-03-31 06:47:40.386838+00
384453bf-bfce-474d-bbba-8ce2c63b3e0d,8089008836,",Neurology,",Midwest,2025-03-31 06:47:40.398048+00
384befd6-2f5c-4757-b5f0-8b9e6a083552,7108874722,",Orthopedic Surgery,",West,2025-03-31 06:47:40.391551+00
384ccf5a-7e7b-4700-9e90-c54d03db337a,5656730454,",Oncology,",Northwest,2025-03-31 06:47:40.403065+00
38573821-d836-4267-aedc-f5fe4f60899d,3451217719,",Internal Medicine,",Northwest,2025-03-31 06:47:40.404529+00
385b7711-7f52-469c-8edc-081ced89439f,9153982775,",Orthopedic Surgery,",Midwest,2025-03-31 06:47:40.391307+00
3864405d-f959-4307-8deb-b4228a0af03d,4898863726,",Psychiatry,",Midwest,2025-03-31 06:47:40.385992+00
3864bddc-dced-4693-9e44-bb566c841dfe,5160128998,",Cardiology,",West,2025-03-31 06:47:40.389799+00
38669ff9-6398-44aa-b861-b9c4e443c680,1797854681,",Neurology,",Northeast,2025-03-31 06:47:40.397798+00
386f8bc2-746d-432e-8793-971f94b3f131,2654366153,",Neurology,",South,2025-03-31 06:47:40.39799+00
3879aee5-0652-4691-8caf-066e0f621968,5737189443,",Internal Medicine,",Northwest,2025-03-31 06:47:40.380964+00
388be75e-d507-4f8d-9c5b-6ae00a85575a,1117263624,",Internal Medicine,",South,2025-03-31 06:47:40.380668+00
388f682f-a5b8-4013-a966-5d69de8a42cf,1851249321,",General Surgery,",Northwest,2025-03-31 06:47:40.386889+00
38945dc9-fa92-4400-a17e-60f9f745a841,3113121626,",Dermatology,",Northeast,2025-03-31 06:47:40.3928+00
389dafbc-e194-4c68-98b1-c8b27f11f38e,6675507531,",Obstetrics & Gynecology,",South,2025-03-31 06:47:40.382412+00
38a21f25-d689-47bb-8772-aa864a19aaec,7121853301,",Cardiology,",Northeast,2025-03-31 06:47:40.389555+00
38a33640-6397-48c6-97ea-e23fa3924304,9913636459,",Internal Medicine,",Northeast,2025-03-31 06:47:40.377914+00
38a8ac1c-7b4f-4408-92b2-28ffb11da3b7,6487538644,",Internal Medicine,",Midwest,2025-03-31 06:47:40.377941+00
38b03de2-1f6d-4f22-a9ad-ddafe1f3890c,8855538725,",Neurology,",Northwest,2025-03-31 06:47:40.398763+00
38b216a0-59b7-4ef9-9f04-780d3c617b96,1638384385,",Cardiology,",Midwest,2025-03-31 06:47:40.388487+00
38b2b5d0-b385-4d32-a065-ef315f7669e2,2332877203,",Orthopedic Surgery,",Northwest,2025-03-31 06:47:40.392143+00
38bebb55-388e-417a-85aa-6805c75aa1c9,5423756513,",Obstetrics & Gynecology,",West,2025-03-31 06:47:40.382893+00
38c2e6f1-7ac5-46af-a983-544ce523ba0f,8781538406,",Orthopedic Surgery,",Midwest,2025-03-31 06:47:40.392151+00
38d27f37-e05c-4163-9ba2-b55067489df4,9038599365,",Neurology,",Midwest,2025-03-31 06:47:40.398964+00
38dee8f0-4518-4107-9d68-67be880fa1ce,7259307820,",Nephrology,",Northwest,2025-03-31 06:47:40.4023+00
38efbf5a-11de-4a0d-8463-3f2515256e29,8006362913,",Orthopedic Surgery,",Northeast,2025-03-31 06:47:40.392222+00
38fe3017-1e50-4ed7-84ae-9f348edf3da6,2903196357,",Anesthesiology,",South,2025-03-31 06:47:40.397599+00
39024a86-b6ea-48c9-8c2c-3b1f5eeb21a9,4907484958,",Radiology,",Northwest,2025-03-31 06:47:40.394993+00
39038842-2652-4a88-8105-91d97ddf465b,1450048462,",Anesthesiology,",Northwest,2025-03-31 06:47:40.396661+00
390cf843-4049-4e83-88d7-97cf81cabbb1,5051102608,",Cardiology,",West,2025-03-31 06:47:40.389154+00
391bc67d-24e8-4cdf-a693-45ba810db2ba,7207087054,",Oncology,",South,2025-03-31 06:47:40.40282+00
39251f40-b7df-400d-9eef-d8514a6af142,5795643793,",Obstetrics & Gynecology,",Northwest,2025-03-31 06:47:40.383795+00
3928df59-e3ae-4c0a-8526-ee66d7de07ce,3560395892,",Pulmonology,",West,2025-03-31 06:47:40.401445+00
3933f7d0-074e-4274-91fa-30bf225440d6,6918771637,",General Surgery,",West,2025-03-31 06:47:40.387379+00
3936ba54-6ecd-4c05-aff0-1e5fb2adaa02,3633556704,",Orthopedic Surgery,",Northeast,2025-03-31 06:47:40.391423+00
3947ce12-af90-4806-9f50-10267167ea04,8325894764,",Internal Medicine,",West,2025-03-31 06:47:40.379457+00
3950377a-6189-4d7f-bd9a-4ab497457147,2374003085,",Psychiatry,",Northwest,2025-03-31 06:47:40.385944+00
39575c13-5650-42c0-b542-1f7cdd3bb197,2935275241,",General Surgery,",Northwest,2025-03-31 06:47:40.387182+00
395a655a-8dae-472d-a19f-c8eff447489f,2291490452,",Orthopedic Surgery,",South,2025-03-31 06:47:40.392352+00
395d3e28-2bb2-4abc-842c-71a32964c3aa,4382535717,",Orthopedic Surgery,",Northeast,2025-03-31 06:47:40.403119+00
396814b7-a17d-4bb3-b0f7-b7fa8da049a7,3173915424,",Dermatology,",Midwest,2025-03-31 06:47:40.393162+00
396cff82-93a7-412b-8c54-68c03a0d3c62,2220817409,",Obstetrics & Gynecology,",Northeast,2025-03-31 06:47:40.383817+00
39807689-5c2b-49f3-b922-3d1c381c98d6,5436564595,",Psychiatry,",South,2025-03-31 06:47:40.384252+00
39861478-e15f-49c1-987c-919d9de71241,8204098570,",Urology,",South,2025-03-31 06:47:40.400948+00
3997b4af-8f99-4abc-9809-091bef6f0bf9,5889910919,",Internal Medicine,",South,2025-03-31 06:47:40.380817+00
399e9330-6f84-4829-a6c7-254325babd45,2010454064,",Psychiatry,",Northeast,2025-03-31 06:47:40.383983+00
39a30a7a-15a6-4fc7-83a6-6919e8f9803f,8448906242,",Pulmonology,",West,2025-03-31 06:47:40.401684+00
39adb705-ef81-45ec-8526-71e85fc0b1df,6175348293,",Gastroenterology,",Northwest,2025-03-31 06:47:40.399838+00
39b17886-5e96-40b1-a789-3985cc7e9bf3,9476813422,",Cardiology,",Northeast,2025-03-31 06:47:40.390154+00
39d4014f-7056-4e29-9a46-0ed4c4669b25,1335482872,",Gastroenterology,",Midwest,2025-03-31 06:47:40.400261+00
39d58588-430f-4fcd-9f4a-9425dc736158,9567473258,",Anesthesiology,",Midwest,2025-03-31 06:47:40.395938+00
39d85eb5-472a-45ff-a28f-037633c74e9e,1645098787,",Obstetrics & Gynecology,",South,2025-03-31 06:47:40.381733+00
39d9024c-fee2-43b5-935d-44d83983fed4,5392377329,",Urology,",West,2025-03-31 06:47:40.400926+00
39e0bd6b-5eb9-4a3a-bbfe-db81c63815a3,1978050591,",Dermatology,",Midwest,2025-03-31 06:47:40.392734+00
39e3498c-fc99-4801-9cfa-ba09a098546a,4284154854,",Anesthesiology,",South,2025-03-31 06:47:40.397513+00
39f02c0f-1dca-4e90-bcd2-57342de52ebd,4472885329,",Cardiology,",South,2025-03-31 06:47:40.390333+00
39f9cf05-e242-48b9-83f2-efd3888125b4,1961409737,",Internal Medicine,",South,2025-03-31 06:47:40.380249+00
39f9f7e8-6017-4a3c-91c6-4ff58dad126e,2866371529,",General Surgery,",West,2025-03-31 06:47:40.386387+00
3a0c5fdd-a04d-44d9-a260-48b3e4420c20,3608437784,",Psychiatry,",Northwest,2025-03-31 06:47:40.385151+00
3a0e1f1b-95c3-4203-9a5d-d225a24380c4,7200913997,",Internal Medicine,",Northeast,2025-03-31 06:47:40.376205+00
3a1041ba-ece7-4bfd-80d0-9745adb48448,7939891647,",Anesthesiology,",West,2025-03-31 06:47:40.397322+00
3a123a25-2fed-43ba-95f8-cea1bb6508a1,5657724657,",Internal Medicine,",South,2025-03-31 06:47:40.377028+00
3a167e2d-56d7-4e96-9c8c-498f69fef4fb,7216654327,",Oncology,",West,2025-03-31 06:47:40.402563+00
3a1f2444-b1aa-4a54-bdd7-ffd16b51b67d,3808180347,",Neurology,",South,2025-03-31 06:47:40.397952+00
3a21e8a5-8978-4bbc-90ee-52def7239c22,9715972310,",Dermatology,",South,2025-03-31 06:47:40.393416+00
3a24c825-9ab4-4c38-8811-b9200467184f,7027068480,",Cardiology,",Northwest,2025-03-31 06:47:40.390022+00
3a2f97c3-0baa-40a7-8b62-d7a3708cde93,5033412456,",Anesthesiology,",Midwest,2025-03-31 06:47:40.397456+00
3a342fef-3c70-43b1-aa75-bbfe1c4cdb15,1603853873,",Internal Medicine,",Northeast,2025-03-31 06:47:40.377001+00
3a4111d8-9029-4f6a-b146-e73bb4b9a10b,3828841430,",Radiology,",Northeast,2025-03-31 06:47:40.395702+00
3a441999-539a-4950-b844-11be68fb3b77,6205587187,",Radiology,",South,2025-03-31 06:47:40.394783+00
3a469436-a4f9-4785-b7df-7ad58008a0db,2051772590,",Psychiatry,",West,2025-03-31 06:47:40.385787+00
3a4a9a3b-e6d3-435a-a249-8611ba1e2536,3815099354,",Psychiatry,",West,2025-03-31 06:47:40.384005+00
3a4ace53-fd63-4e1c-9044-6342ca1ff4d7,3176444381,",Internal Medicine,",South,2025-03-31 06:47:40.378671+00
3a5db1c6-947f-45df-ac43-cc007b36d013,3207325172,",Internal Medicine,",Northeast,2025-03-31 06:47:40.40343+00
3a5e60f0-3680-484b-bcc7-0cf5dc1c5ad7,4092037989,",Internal Medicine,",Northwest,2025-03-31 06:47:40.378141+00
3a64ea5b-a05e-4148-b471-ce5059656a48,2843922526,",Anesthesiology,",Northwest,2025-03-31 06:47:40.396407+00
3a69c3c4-6935-4f20-bb08-b3c73b007a92,7269929380,",Obstetrics & Gynecology,",West,2025-03-31 06:47:40.381994+00
3a6a9ee6-6bc8-4f31-b9f8-47cc258e2ba6,8013226008,",Cardiology,",Northwest,2025-03-31 06:47:40.389492+00
3a72df3f-217e-4983-90cb-75b4569c10d9,2488415042,",Internal Medicine,",West,2025-03-31 06:47:40.379761+00
3a75cb26-9c9a-42a4-85d5-5721f287ea69,1558739878,",Anesthesiology,",Northeast,2025-03-31 06:47:40.396706+00
3a81e802-d29b-4810-abdb-74ab1f9a0fe7,1144213090,",General Surgery,",Midwest,2025-03-31 06:47:40.38672+00
3a93f1cb-a706-4702-98b9-4d75eebce5e4,3476078471,",Internal Medicine,",Northeast,2025-03-31 06:47:40.378526+00
3aa06d17-81f1-435d-b303-36913cb24f5b,8436351850,",General Surgery,",Midwest,2025-03-31 06:47:40.386953+00
3aac0bff-5915-45cc-b248-e5c12fb7eafd,5351850734,",Cardiology,",Midwest,2025-03-31 06:47:40.389964+00
3aac1d3b-5486-4717-93bb-06cd7ea92a42,6202017883,",Internal Medicine,",South,2025-03-31 06:47:40.379773+00
3aaebb17-6289-48ee-af2e-0fde5ae4de01,4304101042,",Internal Medicine,",Northwest,2025-03-31 06:47:40.380566+00
3ab30461-bcc3-4a72-aaed-e021288281ac,6414669466,",Oncology,",South,2025-03-31 06:47:40.402594+00
3ab37efd-bdad-433c-817a-1d97ddfdf6c4,5183251104,",Psychiatry,",Northeast,2025-03-31 06:47:40.384111+00
3ac470f9-b35d-4705-80c6-3d37bbf8b788,3508628357,",Radiology,",Northwest,2025-03-31 06:47:40.394556+00
3ac50b01-ef03-48b9-bc14-eb63ec115eae,8592903391,",Pulmonology,",South,2025-03-31 06:47:40.404535+00
3ac98679-29e5-4905-a9ab-58da5d806e89,2280403099,",Radiology,",Midwest,2025-03-31 06:47:40.395487+00
3ad570b6-c9a6-422e-8707-8afa814e4345,8848640725,",Anesthesiology,",Northeast,2025-03-31 06:47:40.396572+00
3ad851e2-cd39-443f-a120-b2715376a17b,4130683776,",Radiology,",Northeast,2025-03-31 06:47:40.395768+00
3adfbc46-8bb9-46e6-8d6f-48974efe2cdd,5172815499,",Orthopedic Surgery,",Northeast,2025-03-31 06:47:40.391301+00
3b05e13a-d974-43c8-a56a-9b4d701d9391,8575653623,",Radiology,",South,2025-03-31 06:47:40.395573+00
3b0a43b2-4773-4d76-b1ab-61d4ae1720cb,3118072872,",Internal Medicine,",South,2025-03-31 06:47:40.380516+00
3b100786-34e1-42f7-a9e5-7aa5715689c3,9835065785,",Urology,",West,2025-03-31 06:47:40.400611+00
3b15c6f8-93b2-42a0-bc7c-277ec37f4b4d,4260926220,",General Surgery,",West,2025-03-31 06:47:40.387786+00
3b1ad9c8-ef99-4a68-a092-542a65974633,6118962638,",Radiology,",South,2025-03-31 06:47:40.394275+00
3b1c2dce-539c-4b7e-b917-36ba00f8375c,6745597442,",Internal Medicine,",West,2025-03-31 06:47:40.380182+00
3b29514d-2586-4522-9635-7cca0caba82e,7138909412,",Internal Medicine,",West,2025-03-31 06:47:40.381537+00
3b31a7ea-3a23-499a-b218-b69423dcc2b9,1848393266,",Neurology,",West,2025-03-31 06:47:40.398901+00
3b44e2b6-6aaf-490d-8400-80235ae3bb30,2940497840,",Dermatology,",West,2025-03-31 06:47:40.393246+00
3b4a4acf-5675-488a-a08a-16d8b38ec8bd,7608810774,",Internal Medicine,",Midwest,2025-03-31 06:47:40.377865+00
3b4d4183-5df9-4e0f-8579-f86d44f91955,7587586398,",Dermatology,",Northwest,2025-03-31 06:47:40.394017+00
3b543c1b-74bb-4a09-a1ff-f44dd7cd397c,6523998843,",Radiology,",West,2025-03-31 06:47:40.39588+00
3b5735a6-0852-47c7-9983-50f9bc3ca45c,8465337819,",Anesthesiology,",Northwest,2025-03-31 06:47:40.397162+00
3b577dec-b82a-429a-a95b-6dd9d172246d,3436427903,",Cardiology,",Northwest,2025-03-31 06:47:40.389452+00
3b5e03ed-bedf-47eb-b7cb-bc882652e9b8,6976125033,",Orthopedic Surgery,",West,2025-03-31 06:47:40.391871+00
3b61e7e4-4a0c-44c6-a632-c8a5a23b0793,2432797227,",Cardiology,",West,2025-03-31 06:47:40.38961+00
3b6bc55e-5a3b-4fa7-b749-991a83ca358e,4074403573,",Nephrology,",West,2025-03-31 06:47:40.402126+00
3b6c61ee-b879-421a-8dcb-bccef10b81c2,6790632791,",Neurology,",West,2025-03-31 06:47:40.398958+00
3b6ef2d8-d550-4305-a0d1-0554e332eed5,8017042743,",Psychiatry,",Midwest,2025-03-31 06:47:40.385655+00
3b71e8d3-d236-45eb-84f2-6dbe0bae9120,5708207259,",Anesthesiology,",Midwest,2025-03-31 06:47:40.396773+00
3b72eb93-cafd-4851-b391-c9b36a24e255,4987388889,",Cardiology,",Midwest,2025-03-31 06:47:40.389139+00
3b78d8d2-c10b-43b2-999f-974a4310651e,5290993410,",General Surgery,",South,2025-03-31 06:47:40.386688+00
3b7916cf-d52d-498b-a06e-de42bb8a3211,1292705400,",Internal Medicine,",South,2025-03-31 06:47:40.377371+00
3b8b821d-d334-47d7-980d-fef90f8e9d7f,1124585925,",Internal Medicine,",West,2025-03-31 06:47:40.38022+00
3b9f6b7c-eab8-4ff3-8ee8-3388762f5920,9288326503,",Nephrology,",Northeast,2025-03-31 06:47:40.402101+00
3bba4620-ee2d-46f2-b94d-25325b473da1,2088795083,",Orthopedic Surgery,",Northeast,2025-03-31 06:47:40.403139+00
3bc63b91-c304-4f2d-b172-35aa2094de9f,5467021727,",Neurology,",Northeast,2025-03-31 06:47:40.398213+00
3bd3fbf7-634e-4f77-9e1a-5e8bbcc9ddd0,8823794152,",Psychiatry,",South,2025-03-31 06:47:40.384435+00
3bd49e2b-7af2-411d-b680-6a0110bad758,2568334904,",Anesthesiology,",Northeast,2025-03-31 06:47:40.396617+00
3bd73f2f-094c-4ced-ac7a-b6fda9303434,3907698776,",Obstetrics & Gynecology,",Northeast,2025-03-31 06:47:40.382987+00
3bd78c51-5b27-4e22-bc26-7740a5641f29,4798540092,",Urology,",Midwest,2025-03-31 06:47:40.40078+00
3bd7ac4b-3014-4d78-a34c-f0e71b141834,1811971490,",Anesthesiology,",Northwest,2025-03-31 06:47:40.39597+00
3be945ea-5d52-4c3d-9eb0-9671041405dd,7648014061,",Internal Medicine,",Northeast,2025-03-31 06:47:40.377184+00
3becd37e-64d3-4b70-8448-dd9349169238,1267442170,",Orthopedic Surgery,",South,2025-03-31 06:47:40.391862+00
3bf1c119-cae2-449e-a0f1-62b2a3ef3aa3,7965997893,",Internal Medicine,",West,2025-03-31 06:47:40.381384+00
3bf55610-02f7-484d-929c-db7e71a56fca,6756679642,",Obstetrics & Gynecology,",South,2025-03-31 06:47:40.383098+00
3bf71907-7af8-47b4-bab5-47fb6b716747,8130171631,",General Surgery,",Midwest,2025-03-31 06:47:40.387689+00
3bfcfbe8-e5c6-4223-8f2a-2854f39e41bb,1719780744,",Internal Medicine,",Midwest,2025-03-31 06:47:40.380115+00
3c01df2b-14ab-4f59-aa6a-1c3a8817e1a2,1336205289,",Obstetrics & Gynecology,",Northeast,2025-03-31 06:47:40.382831+00
3c05f2a0-1843-4094-94b5-d983fd9aeb7b,7338499924,",Psychiatry,",Northeast,2025-03-31 06:47:40.38465+00
3c0c6a5d-b769-4ac7-860c-ea540d3876f2,3164741600,",Gastroenterology,",Northwest,2025-03-31 06:47:40.399328+00
3c1c3a0b-54f4-4b64-b72a-552ea9e1892d,7685516848,",Internal Medicine,",Northwest,2025-03-31 06:47:40.376135+00
3c20c878-ed69-4bd5-864f-a0beb5cfd6d8,7370615400,",Internal Medicine,",South,2025-03-31 06:47:40.376375+00
3c259673-87dd-41da-afb8-5b71dcaf032d,6167185277,",Obstetrics & Gynecology,",Midwest,2025-03-31 06:47:40.381714+00
3c2cd7b0-f744-4843-927c-f1feb8313167,7881773091,",Internal Medicine,",South,2025-03-31 06:47:40.380214+00
3c314acf-459e-4cd5-bc70-201a97ab5d4c,6254202750,",General Surgery,",West,2025-03-31 06:47:40.387449+00
3c3c6fa9-92fa-4311-9070-c23fc5572726,3837524214,",Dermatology,",South,2025-03-31 06:47:40.393038+00
3c3d0bb8-9abd-4171-8148-35160df3b536,9065491032,",Psychiatry,",Northwest,2025-03-31 06:47:40.384484+00
3c4835c1-f143-4578-806c-2788e9561ae8,3730334251,",Nephrology,",West,2025-03-31 06:47:40.402442+00
3c4d8a3d-4c53-4320-ad87-f1d972db1dde,7984808702,",Pulmonology,",Northeast,2025-03-31 06:47:40.401771+00
3c4e56e5-5776-43ee-9b84-3fc0424e03f6,8152454257,",Internal Medicine,",Northwest,2025-03-31 06:47:40.37863+00
3c52a95d-f09e-4043-bd1d-596d07e404c0,6899052552,",Radiology,",South,2025-03-31 06:47:40.394353+00
3c55894b-4434-4c67-b442-2c69fdce335c,4877367589,",Psychiatry,",West,2025-03-31 06:47:40.385981+00
3c57f9fb-3f3a-4357-9757-85f4e10356d2,5989735839,",Obstetrics & Gynecology,",South,2025-03-31 06:47:40.382836+00
3c638051-38e8-4f34-942f-a746037fd7d6,8940828617,",Internal Medicine,",Northwest,2025-03-31 06:47:40.379082+00
3c683fbe-18a4-4380-9985-77e32c05931d,1333393601,",Pulmonology,",South,2025-03-31 06:47:40.401765+00
3c71c408-c8dc-41a0-a449-c6909c25001d,1072778955,",Neurology,",Midwest,2025-03-31 06:47:40.397787+00
3c788f42-aa2b-4366-b4c7-a4489f21cb96,8948332957,",General Surgery,",Northeast,2025-03-31 06:47:40.386795+00
3c7b9c73-9afe-449d-8481-c74492bbacc4,3401534295,",Internal Medicine,",Northwest,2025-03-31 06:47:40.380302+00
3c847c8f-8db5-44c4-bb32-b8284a9ec2a1,8735783083,",Internal Medicine,",Midwest,2025-03-31 06:47:40.377765+00
3c88112a-20d8-416d-94da-8ff9dcf48670,7055649327,",Cardiology,",West,2025-03-31 06:47:40.389151+00
3c911507-7c6e-4d0c-9172-9c98b21e6203,6411014084,",Cardiology,",Midwest,2025-03-31 06:47:40.389776+00
3cb7988c-5c73-49e3-97f4-7353b226271c,8163557725,",Dermatology,",West,2025-03-31 06:47:40.394034+00
3cbaab27-2507-451f-a2d8-29a689b1519b,6842418781,",Dermatology,",Northwest,2025-03-31 06:47:40.393381+00
3cc07ce0-ccff-4fb5-8ab4-e06b4d7ee8cb,6481257299,",Internal Medicine,",West,2025-03-31 06:47:40.381396+00
3cd57b56-369a-40d4-ae66-90140cb32997,4410261901,",Psychiatry,",West,2025-03-31 06:47:40.384596+00
3cdc7574-52d7-4460-9ddb-741e4c9f26c5,5228246924,",Neurology,",West,2025-03-31 06:47:40.398054+00
3ce2c2f7-567b-4576-9f0e-724465b91bf7,7132651287,",Nephrology,",South,2025-03-31 06:47:40.402289+00
3ce45049-b593-4e51-984d-19f4b1532aa9,3592909888,",Obstetrics & Gynecology,",Northeast,2025-03-31 06:47:40.38216+00
3ce77c68-0ce5-4e85-8d1f-c2a6bd39c655,3549659609,",Anesthesiology,",West,2025-03-31 06:47:40.397176+00
3ced6fa1-e3d4-4b34-ab8f-2bf1c09842ca,4305243118,",Internal Medicine,",West,2025-03-31 06:47:40.378774+00
3cf3b138-d5be-4fc1-88d1-cf0328f571ce,3371526285,",Internal Medicine,",West,2025-03-31 06:47:40.379264+00
3cf489d0-1e16-4501-aff4-852ddb0f0bcc,8647396964,",Orthopedic Surgery,",Midwest,2025-03-31 06:47:40.391886+00
3cf85cbd-8158-47b9-8b4a-c11ee9b7860a,3689197319,",Oncology,",Northeast,2025-03-31 06:47:40.403378+00
3d138ab7-91de-4330-88cf-c842a5d003a4,5278839052,",Cardiology,",Northeast,2025-03-31 06:47:40.404112+00
3d1ccc5d-5065-4935-8961-386fd8fd0dc1,4294684247,",Internal Medicine,",Northeast,2025-03-31 06:47:40.380162+00
3d2868c4-1d80-4204-85bf-9b4d1513d002,9313367206,",Dermatology,",South,2025-03-31 06:47:40.393711+00
3d4625da-dc06-4050-84d1-1e99eb8b78b5,4637618701,",Anesthesiology,",South,2025-03-31 06:47:40.397182+00
3d49d700-e935-4c77-b0b5-3590b471a1a4,1554525371,",Anesthesiology,",Midwest,2025-03-31 06:47:40.396514+00
3d4ade88-bde5-44db-b3b5-9ad2e526c311,8753291539,",Obstetrics & Gynecology,",South,2025-03-31 06:47:40.382937+00
3d5f5def-c0fc-413b-8b24-564305f70881,5324885196,",Dermatology,",Northeast,2025-03-31 06:47:40.393661+00
3d6a4c07-ea73-40c0-af15-c92e3d6b6227,2720779013,",Neurology,",Midwest,2025-03-31 06:47:40.398273+00
3d7073c0-5705-4593-acb2-aafd6936d125,3500972252,",Anesthesiology,",Northwest,2025-03-31 06:47:40.395953+00
3d7150b6-b9e7-4eea-ae19-f23474f23af6,8440124265,",Anesthesiology,",West,2025-03-31 06:47:40.397575+00
3d73835b-29ee-4331-985b-94f19aa57626,3438193155,",Dermatology,",Northeast,2025-03-31 06:47:40.394089+00
3d7c3f8c-4c0e-4780-a12b-892bdfe31631,7151905348,",Orthopedic Surgery,",Midwest,2025-03-31 06:47:40.391351+00
3d7dc265-3913-4e9e-b595-ea9cae56783f,3546833829,",Anesthesiology,",South,2025-03-31 06:47:40.396823+00
3d7f0fa0-fcba-4163-a2df-dfa0c56b2ebb,7320771839,",Neurology,",South,2025-03-31 06:47:40.39825+00
3d81770a-b24a-466e-99d0-e19e50bc8aa0,1599242939,",General Surgery,",Northwest,2025-03-31 06:47:40.387298+00
3d8201d5-e173-4174-b87f-ef676f34c219,2016814076,",Cardiology,",South,2025-03-31 06:47:40.389472+00
3d8bb921-6853-425a-a921-fa6d352603ad,1950540970,",Internal Medicine,",Northeast,2025-03-31 06:47:40.377842+00
3d941ac2-7889-4875-8b77-44f7ef56bd49,4303573261,",Internal Medicine,",South,2025-03-31 06:47:40.38049+00
3da25470-a09b-4046-9088-d25cdf4c63c3,8010843985,",Dermatology,",Northwest,2025-03-31 06:47:40.394186+00
3da8076e-8855-4d51-ba07-e9b00860d381,5867273849,",Cardiology,",Midwest,2025-03-31 06:47:40.388669+00
3daaf1e6-fd1b-402b-a17c-cd54d39e996b,9883058700,",Cardiology,",Northwest,2025-03-31 06:47:40.388744+00
3dae4fd8-4be5-43c4-bf23-429b87dada81,9713121808,",Radiology,",West,2025-03-31 06:47:40.394382+00
3dbe2863-b584-4d91-b96f-a3c1d2229293,7334500909,",Dermatology,",Northwest,2025-03-31 06:47:40.404448+00
3dc66d27-2874-4555-90e1-d8ca5b533756,2969663672,",Obstetrics & Gynecology,",Northeast,2025-03-31 06:47:40.382331+00
3dc6dc73-5704-4595-97df-e49e9e03bccd,5391376335,",Orthopedic Surgery,",South,2025-03-31 06:47:40.392489+00
3dce06cf-8931-498a-ac73-87b80f9c92a0,7519281900,",Obstetrics & Gynecology,",Northwest,2025-03-31 06:47:40.383786+00
3dd98f8f-ca95-4d5d-bec2-666832be47d3,1185618883,",Obstetrics & Gynecology,",South,2025-03-31 06:47:40.383135+00
3ddea357-4520-44b0-acc2-984179dae4a5,2158639912,",Gastroenterology,",West,2025-03-31 06:47:40.39915+00
3decf043-1f85-4d05-8dde-8daa339493d6,4767822173,",Internal Medicine,",South,2025-03-31 06:47:40.377975+00
3dedf367-6cb4-445f-b26c-a86cbb57fd8f,7916312343,",Pulmonology,",West,2025-03-31 06:47:40.401818+00
3dee161e-83bb-4e14-a468-cef51716a688,3196128514,",Oncology,",South,2025-03-31 06:47:40.402857+00
3df067c8-4942-4ceb-94e6-ded8f620e6fc,3127593948,",Obstetrics & Gynecology,",Northwest,2025-03-31 06:47:40.381656+00
3df2ba53-39f8-4ddc-9b89-0d54b5a3e9b1,1917443194,",Dermatology,",Northeast,2025-03-31 06:47:40.393655+00
3df3a1b4-b478-492e-8ba0-b2db13ce985c,5540359611,",Obstetrics & Gynecology,",Northwest,2025-03-31 06:47:40.382198+00
3df49d2b-1b44-4711-bf51-9148e280fc1a,7847691451,",Radiology,",Midwest,2025-03-31 06:47:40.395651+00
3dfee44a-cb7e-4486-bbfb-d00fc0bf7acf,7217775162,",Cardiology,",Northeast,2025-03-31 06:47:40.390618+00
3e0bca71-dd30-4b58-9900-a52d04593497,3007330878,",Dermatology,",West,2025-03-31 06:47:40.404173+00
3e259cb8-678b-4862-9fea-a7b067065dd9,1459152355,",Orthopedic Surgery,",West,2025-03-31 06:47:40.390773+00
3e2cb7c6-164c-487f-aad4-5ddcbecbc04c,5773569397,",Anesthesiology,",West,2025-03-31 06:47:40.397535+00
3e312782-9951-4272-82fb-13e5c3dd7031,3078550395,",Orthopedic Surgery,",West,2025-03-31 06:47:40.403327+00
3e33610b-1a39-4dba-bc2e-ba41ba1cb6c1,1155502309,",Internal Medicine,",Northeast,2025-03-31 06:47:40.378406+00
3e3fe3a3-197c-462f-9880-e5404791c4d5,7547716526,",General Surgery,",Midwest,2025-03-31 06:47:40.387577+00
3e48f185-d431-4a28-b338-bdd1a4a7e059,1570268148,",Nephrology,",Northwest,2025-03-31 06:47:40.402484+00
3e4eb9c8-3732-43e3-8bc2-e95dcfa228ea,5012882867,",Nephrology,",Midwest,2025-03-31 06:47:40.402141+00
3e57883d-9dd4-4b16-922c-cbc6d3c05a63,1538471257,",Cardiology,",Northeast,2025-03-31 06:47:40.390114+00
3e5bd17d-0273-4fa6-911d-8eb1979e65cf,9607402641,",Orthopedic Surgery,",West,2025-03-31 06:47:40.392422+00
3e5e9b0e-c090-4cf8-926b-839273453a0b,6066408834,",Obstetrics & Gynecology,",West,2025-03-31 06:47:40.383204+00
3e65b113-9526-4124-95b9-8bc9efd68422,5573754249,",Dermatology,",Northeast,2025-03-31 06:47:40.39307+00
3e717e8d-076f-42fc-b123-fbf0b48cda8f,9856756094,",Obstetrics & Gynecology,",South,2025-03-31 06:47:40.382709+00
3e8695bc-bcd2-4b16-a7ec-461be3415990,4263977403,",Internal Medicine,",Northwest,2025-03-31 06:47:40.376393+00
3e90cd58-adb0-42c3-80d3-0cd9f3d15973,4618717922,",Internal Medicine,",West,2025-03-31 06:47:40.381577+00
3ea3fe38-1c47-4d1a-950d-9ad9d29d5d75,4625911391,",Anesthesiology,",South,2025-03-31 06:47:40.39697+00
3ea4d06b-aa11-4221-bf03-919112defaae,3170276210,",Neurology,",West,2025-03-31 06:47:40.398065+00
3eabd31a-c685-4757-b59a-e59ea138a9e3,8984393781,",General Surgery,",West,2025-03-31 06:47:40.388045+00
3eabe598-0774-49e5-977c-76cc9a0a76aa,3622980061,",General Surgery,",Midwest,2025-03-31 06:47:40.387515+00
3eac145f-d03e-4600-90e1-7b72aeae12ea,4977849061,",Internal Medicine,",Midwest,2025-03-31 06:47:40.381551+00
3eaf9e7c-7bf3-4ce4-8713-cb68072c2144,8752601806,",Internal Medicine,",Northeast,2025-03-31 06:47:40.378694+00
3eb421ef-5496-4d2f-af23-518464a15671,5475917991,",Anesthesiology,",Midwest,2025-03-31 06:47:40.396256+00
3eb5dd24-c8ad-4edc-8f03-348cd7cbc2f2,9874322759,",Anesthesiology,",Northeast,2025-03-31 06:47:40.39763+00
3eb96c12-37b1-47a5-a1b2-ac1825cf0818,4249636465,",General Surgery,",West,2025-03-31 06:47:40.387126+00
3ebcee75-04dc-4a68-92de-67bb6be054da,2615680875,",Gastroenterology,",Midwest,2025-03-31 06:47:40.400234+00
3ec88e2a-0c27-4aa8-9e2e-bd128ba240a7,9733300771,",Orthopedic Surgery,",West,2025-03-31 06:47:40.39079+00
3ecdf336-c0d4-4134-a7d0-4130c7642019,5012495153,",Urology,",Midwest,2025-03-31 06:47:40.40035+00
3ed486a1-55ff-46dd-a90d-08385e136dc1,4213264760,",Oncology,",Midwest,2025-03-31 06:47:40.40254+00
3eda21ec-2c2a-4cdd-bcd9-01c6d283855c,4440355365,",Psychiatry,",West,2025-03-31 06:47:40.384636+00
3edaf096-ef51-44bf-9ee9-275c8854b9d0,5312990844,",General Surgery,",South,2025-03-31 06:47:40.386078+00
3edb5086-ff47-4fdd-9a1a-b8dc94d9b24c,4351564668,",Orthopedic Surgery,",West,2025-03-31 06:47:40.39131+00
3edc4fa9-b235-4f27-b42f-933f69962a62,7658973938,",Internal Medicine,",Midwest,2025-03-31 06:47:40.378858+00
3ef41b67-9972-4bca-a292-8171b4110116,5440855649,",General Surgery,",South,2025-03-31 06:47:40.387179+00
3efd840b-fc2d-4a50-9d78-11c3364be8c5,6850634396,",Cardiology,",Northeast,2025-03-31 06:47:40.389373+00
3efdd123-dacd-41e7-a0af-b71d57ae4605,6058174757,",General Surgery,",West,2025-03-31 06:47:40.387409+00
3f00b900-0da8-4fc2-a9b2-0720a9e0b764,6913322591,",Cardiology,",Midwest,2025-03-31 06:47:40.403413+00
3f02a625-dd9c-4c1c-b8fb-c973d13a8253,8000807942,",Oncology,",Northeast,2025-03-31 06:47:40.402992+00
3f0f1209-0004-4f1b-94cf-5b311dc2d9e2,1013372312,",Orthopedic Surgery,",West,2025-03-31 06:47:40.390844+00
3f0ff9b4-7d26-4878-b8cd-bf8ecdaa9d9b,3581828941,",Nephrology,",Northwest,2025-03-31 06:47:40.402243+00
3f13bb7a-8cb9-4f33-b238-45be2563c676,3736376691,",Neurology,",Northeast,2025-03-31 06:47:40.39803+00
3f149bc1-c543-4c6e-925e-d0592db9b118,6581602725,",Obstetrics & Gynecology,",South,2025-03-31 06:47:40.383699+00
3f1d158a-6754-4efc-bd59-2de7c3cba930,1076226722,",Cardiology,",West,2025-03-31 06:47:40.388615+00
3f28d468-f008-49a8-ac93-d4879376c95e,2509612973,",Obstetrics & Gynecology,",Midwest,2025-03-31 06:47:40.382058+00
3f38e47e-1b62-4424-947f-c376cc2181f5,7088636363,",Neurology,",Northwest,2025-03-31 06:47:40.398345+00
3f3a6e85-165d-4f22-93c1-249b066bddcc,2902865667,",Cardiology,",Midwest,2025-03-31 06:47:40.389642+00
3f506e46-59f9-461d-96b7-9236e1115278,4403251017,",Anesthesiology,",South,2025-03-31 06:47:40.396889+00
3f599b55-19d8-4dfc-96d5-66b109871ee6,2242470749,",Radiology,",Northeast,2025-03-31 06:47:40.394889+00
3f674648-40e9-4bb3-8993-9fbe84f920a7,6343388720,",General Surgery,",West,2025-03-31 06:47:40.38794+00
3f777b81-67b1-4b71-bb25-70a01d8be203,5706108270,",Obstetrics & Gynecology,",South,2025-03-31 06:47:40.381653+00
3f82d535-0709-4fad-9369-b094cde07001,2420998059,",General Surgery,",West,2025-03-31 06:47:40.386455+00
3f8f346a-8aed-4284-87de-a4e652662c13,8812538243,",Oncology,",West,2025-03-31 06:47:40.402635+00
3f91e292-2eb6-41c3-86d1-c058173c43cb,3132643403,",Obstetrics & Gynecology,",West,2025-03-31 06:47:40.382096+00
3f956994-eb2a-47a0-bf5a-6f02e865003e,3406760661,",Internal Medicine,",Northeast,2025-03-31 06:47:40.380826+00
3f9e2659-3d64-40de-88e9-a279265fe21c,7579427272,",Internal Medicine,",Midwest,2025-03-31 06:47:40.381173+00
3fa22860-ba90-481d-90fe-05dcc773b8d2,1443926824,",Obstetrics & Gynecology,",Midwest,2025-03-31 06:47:40.382349+00
3fb82bdd-cfa9-4c41-9e8a-a06360eff429,9745758581,",Anesthesiology,",Northeast,2025-03-31 06:47:40.395975+00
3fbe2a8b-b654-434f-97e2-4cbb56c87619,2628394654,",Cardiology,",South,2025-03-31 06:47:40.390305+00
3fc7ad0c-65c9-41a4-b5e3-80a508e3e3e7,6656581817,",Internal Medicine,",South,2025-03-31 06:47:40.376847+00
3fc7c840-f7d2-4724-a961-cd317d9bb35e,4574252579,",Internal Medicine,",West,2025-03-31 06:47:40.376361+00
3fca57ea-9e0a-4257-a533-21aeaf7a8c2e,5748554079,",Orthopedic Surgery,",Northeast,2025-03-31 06:47:40.391868+00
3fcb3d18-4c6b-4ac9-982e-a773405f25c5,2676338980,",Cardiology,",West,2025-03-31 06:47:40.389395+00
3fcc009d-96d7-47a9-bc03-4691441a2a22,6420579726,",Internal Medicine,",Midwest,2025-03-31 06:47:40.380328+00
3fcc5f9f-2a4c-4b41-88f6-cff17745598e,1061338584,",General Surgery,",Midwest,2025-03-31 06:47:40.387621+00
3fcee4b1-e8c1-4c85-9923-818f2b1818c8,5834941197,",Cardiology,",Midwest,2025-03-31 06:47:40.390451+00
3fd85e87-4d1e-4dd3-ad35-1a7f15c47fba,8171158943,",Internal Medicine,",Midwest,2025-03-31 06:47:40.378909+00
3feba0d7-7b20-4003-85dc-9aa563b669e3,2812698805,",Orthopedic Surgery,",Northeast,2025-03-31 06:47:40.391085+00
3fedfecb-982b-429e-867a-166345b85911,7043950092,",Internal Medicine,",Midwest,2025-03-31 06:47:40.378965+00
40033230-eb42-4998-9256-856e9b5d93bf,5647332577,",Neurology,",West,2025-03-31 06:47:40.39854+00
40045050-ec4a-4502-b8b0-ff4d5061dd39,8005096378,",Neurology,",Midwest,2025-03-31 06:47:40.398579+00
400e5e94-920f-47ac-8494-657186a6d16e,2242932975,",Oncology,",South,2025-03-31 06:47:40.4026+00
401015e3-2b5e-41bc-8c1d-17c53ebb92ea,6091155359,",Orthopedic Surgery,",West,2025-03-31 06:47:40.390685+00
401623f0-99c2-403d-8567-b7551f2111f1,8773256885,",Urology,",West,2025-03-31 06:47:40.400967+00
401b1464-0220-4c25-a9bc-a51af5b1b149,8407526786,",Nephrology,",Northeast,2025-03-31 06:47:40.402005+00
401b6eda-0ea0-44eb-baa7-308441ac1c3a,3195338237,",Pulmonology,",West,2025-03-31 06:47:40.401603+00
401fdff9-24da-42be-857f-39de76b5b6ec,2774499359,",General Surgery,",Northeast,2025-03-31 06:47:40.386973+00
4028f581-1c0a-49bd-89dc-e5da44a8d843,8572137003,",Gastroenterology,",South,2025-03-31 06:47:40.399675+00
40440ccc-9ae7-4e9c-bf1a-c5493986c937,1895341842,",Gastroenterology,",Northeast,2025-03-31 06:47:40.399903+00
40479b3a-3060-4367-8679-6d27b2400f69,3639334306,",Anesthesiology,",Northwest,2025-03-31 06:47:40.397076+00
40483005-6b5a-466f-b7a6-f12eeaeb19f4,4738627311,",Internal Medicine,",West,2025-03-31 06:47:40.37628+00
404e3f78-f666-404b-b96e-4d2e8d07c9bd,8285555858,",General Surgery,",Midwest,2025-03-31 06:47:40.388208+00
4050119c-3bf2-4d6f-a446-32b51bf4bb71,6123737309,",Radiology,",Midwest,2025-03-31 06:47:40.394434+00
40542c24-dece-45c4-bf14-ecdea5453150,5082686463,",Cardiology,",West,2025-03-31 06:47:40.390097+00
405cec7d-38c0-4461-953f-f5d83ee1c9a8,9224577766,",Internal Medicine,",West,2025-03-31 06:47:40.377488+00
4062bd74-c2a2-413d-9530-4f606dba326c,4052014028,",Obstetrics & Gynecology,",Northeast,2025-03-31 06:47:40.383831+00
406a1451-04df-4fa6-8065-916002f78c6e,3939683297,",Cardiology,",Northwest,2025-03-31 06:47:40.389243+00
406f9811-72e4-49d5-a8d6-10f0682e16f2,7338647506,",Pulmonology,",Midwest,2025-03-31 06:47:40.403479+00
4086ff33-493f-4e86-b9ee-f8b2627fbcd9,4653684780,",Internal Medicine,",Midwest,2025-03-31 06:47:40.381484+00
40b9f0c5-45e5-4065-b1ef-896457dab9be,2324653985,",Dermatology,",Midwest,2025-03-31 06:47:40.393487+00
40c2aae2-edbb-4f0a-946e-e53fe465d8b3,3312805752,",Dermatology,",Midwest,2025-03-31 06:47:40.393261+00
40d4d1b3-eecd-4aae-ae5d-d34fc1f0cf37,4260745428,",Cardiology,",Midwest,2025-03-31 06:47:40.403433+00
40d5ecdf-2c3f-44de-ae8a-5c362c18e0fd,3487474891,",Neurology,",West,2025-03-31 06:47:40.397897+00
40d6b579-edd1-4d21-8a8d-5ab154bac575,1637884643,",Obstetrics & Gynecology,",Northeast,2025-03-31 06:47:40.404155+00
40df9e55-f2e6-4e80-802b-5a91c52f1a23,3114597063,",Internal Medicine,",Northeast,2025-03-31 06:47:40.403197+00
40e0fc31-6577-48bf-bd54-81a94ca1e7e0,1630768982,",Cardiology,",West,2025-03-31 06:47:40.390527+00
40e1ebb6-1f50-44ed-bc59-585f7768c352,8541030049,",Neurology,",West,2025-03-31 06:47:40.398325+00
40e9aed5-7762-4ae9-9e4e-0586c92ac63e,4038107020,",General Surgery,",Northeast,2025-03-31 06:47:40.387638+00
40eb1eec-114a-46bd-9572-6e94c1fc5ca1,5348443137,",Oncology,",Northwest,2025-03-31 06:47:40.403007+00
40ed5253-530e-4f16-918a-a063a4fed6c7,7358196492,",Psychiatry,",Northeast,2025-03-31 06:47:40.384208+00
40f3bea0-e032-4a84-9480-78ddecd46c3b,8132006104,",Orthopedic Surgery,",West,2025-03-31 06:47:40.391172+00
40fe3f85-f566-4759-9bcc-3353f674a3d8,3393448393,",Internal Medicine,",Northwest,2025-03-31 06:47:40.377995+00
4107cf86-36ec-4e0a-944d-087483e48341,2454207936,",Obstetrics & Gynecology,",South,2025-03-31 06:47:40.382649+00
410dc1bd-9bc0-4927-a7c8-f4593ba5fade,1376409277,",Cardiology,",South,2025-03-31 06:47:40.404384+00
411bc8ad-5690-4582-9c64-aca3175ebbc5,6472310342,",General Surgery,",South,2025-03-31 06:47:40.387651+00
41225e3c-ec5a-4823-a784-59cb93db8773,2583743454,",Psychiatry,",Northwest,2025-03-31 06:47:40.384494+00
41314489-609c-40e5-bac6-11415aae6a7a,8197340689,",Internal Medicine,",Northwest,2025-03-31 06:47:40.403294+00
41391332-338e-47c2-a5e4-5b8b50e293a3,4142948375,",General Surgery,",West,2025-03-31 06:47:40.386907+00
413d5413-25ce-4a15-9eaf-cd685adfc692,3118145912,",Anesthesiology,",Northwest,2025-03-31 06:47:40.396883+00
414e4ac0-0dfa-406d-9b44-bde923116044,7614001690,",Pulmonology,",Northwest,2025-03-31 06:47:40.401701+00
415109b8-0d87-4170-95a3-f5a2689c060b,7110717195,",Dermatology,",Midwest,2025-03-31 06:47:40.403678+00
415c2aa4-ac94-41bf-9921-da41aa5eae36,3528740453,",Obstetrics & Gynecology,",Northeast,2025-03-31 06:47:40.404523+00
41695642-54bd-4341-a4bc-cf61a71cd998,4913620061,",Radiology,",West,2025-03-31 06:47:40.394958+00
416c99d4-51bc-4461-9b8b-b7ea25d9f16a,1503454984,",General Surgery,",Midwest,2025-03-31 06:47:40.387342+00
417a8eaa-91fa-42d4-bf92-e89b07ae392f,3620789967,",Dermatology,",Northwest,2025-03-31 06:47:40.393739+00
418314b7-e5ff-4514-8dce-6f9e63b94421,1174958721,",Nephrology,",Northeast,2025-03-31 06:47:40.402416+00
4184c46d-361c-47ad-995d-b68a41eda297,1797487039,",Obstetrics & Gynecology,",South,2025-03-31 06:47:40.381823+00
418d68a9-41e3-4174-a2d2-f623583517ee,4406804308,",Dermatology,",Northwest,2025-03-31 06:47:40.392797+00
418f9722-c07a-4f14-af33-7048b1527ffe,2618439701,",General Surgery,",Midwest,2025-03-31 06:47:40.38746+00
419588d3-6904-4dc7-ae28-56107b90b0c0,3244705475,",Dermatology,",South,2025-03-31 06:47:40.393085+00
41987646-dd00-4005-a60e-b538b417e71c,8817815215,",Obstetrics & Gynecology,",Northeast,2025-03-31 06:47:40.381603+00
41988ac5-7e5a-4ac1-80ae-6e43d06dfe41,4081733138,",Anesthesiology,",West,2025-03-31 06:47:40.397099+00
419d2fb2-f5be-4253-bee0-6af9ec9a2d99,8272708551,",Pulmonology,",Northwest,2025-03-31 06:47:40.401523+00
419eed8c-29d0-4458-8b18-7d30f12e2550,9495193058,",Pulmonology,",West,2025-03-31 06:47:40.401349+00
41a3d4dd-bf58-41f4-af6d-1157fded0c37,8793599544,",Psychiatry,",South,2025-03-31 06:47:40.385106+00
41aa1e6d-d879-46ff-b370-d22725b7fa41,5453940328,",Anesthesiology,",Northeast,2025-03-31 06:47:40.396641+00
41b0adcf-7051-418e-88d4-81a54f029927,4842218423,",General Surgery,",Northeast,2025-03-31 06:47:40.387216+00
41dcdd45-aea6-4af4-b4f7-aa1b45d4504a,6704483233,",Psychiatry,",West,2025-03-31 06:47:40.385213+00
41df0314-bd13-49da-8614-80b8586e023f,3722464231,",Gastroenterology,",West,2025-03-31 06:47:40.400012+00
41e03f3e-a105-419d-a34c-133b1fe73438,2623612089,",Radiology,",Midwest,2025-03-31 06:47:40.394359+00
41ecafe8-4804-4b96-9e78-b1f1eaf758bc,9921645808,",Nephrology,",Midwest,2025-03-31 06:47:40.402518+00
41f04647-b4f7-4912-a124-78159d1bbbdc,4554991585,",General Surgery,",Northeast,2025-03-31 06:47:40.387706+00
4201ad91-3e88-4d96-b24a-956aa1da9861,1975825735,",Obstetrics & Gynecology,",Midwest,2025-03-31 06:47:40.383268+00
420be50d-7f88-433a-807b-a7db00a929b2,1356528658,",Anesthesiology,",South,2025-03-31 06:47:40.396858+00
4218ee9d-8b35-41b5-aab8-b25e24d3944b,2714413545,",Cardiology,",South,2025-03-31 06:47:40.388342+00
422c554f-8ee0-46b6-9f2e-28b409cf1fd6,8468812791,",Anesthesiology,",Northwest,2025-03-31 06:47:40.396575+00
42316a0c-a6e8-4239-a2b2-2dee09c8bd3b,2699337079,",Orthopedic Surgery,",South,2025-03-31 06:47:40.391556+00
4233b506-8780-4e45-9c47-b09ae5b6099a,4355785660,",Radiology,",South,2025-03-31 06:47:40.395501+00
4233bf00-6a48-47ee-ba27-d6c22f86f00f,4259899045,",Obstetrics & Gynecology,",Northwest,2025-03-31 06:47:40.382934+00
424d73de-374a-411f-ad69-e372c93328ef,3085341159,",Orthopedic Surgery,",Northwest,2025-03-31 06:47:40.392169+00
4250856f-cc99-4d6e-9210-9ef3cb08153f,6013992194,",Internal Medicine,",Northwest,2025-03-31 06:47:40.379572+00
425822d2-c4d3-48b8-9a74-ced8c170c062,4006450690,",Gastroenterology,",Northwest,2025-03-31 06:47:40.399305+00
425e7bda-1a86-45b7-8685-cb645f67a5d0,3782535250,",Neurology,",South,2025-03-31 06:47:40.39813+00
42602c95-2a1d-4899-b237-b0abf18648cc,6302526119,",Dermatology,",Northeast,2025-03-31 06:47:40.392869+00
42655c95-e309-470b-9d5b-28bb5a1658f6,9517860612,",Internal Medicine,",Midwest,2025-03-31 06:47:40.377121+00
4267fbb9-9c18-4272-9c50-bb578c87dd5d,8750666705,",Internal Medicine,",West,2025-03-31 06:47:40.376793+00
4269eb65-8536-4c01-82c8-eadddc3f6dfc,4330754807,",General Surgery,",West,2025-03-31 06:47:40.388123+00
4278084e-a3af-4fb4-b9c8-e8ae82f413ae,5524215284,",Nephrology,",Northwest,2025-03-31 06:47:40.402276+00
427c69b3-987a-451c-8b0a-4e54261e9394,2270099809,",Internal Medicine,",Northeast,2025-03-31 06:47:40.378974+00
429d556c-c042-4e7f-ab6c-321dc46e6479,8202581708,",Internal Medicine,",Northeast,2025-03-31 06:47:40.380958+00
429ded0f-a870-4834-92fb-d5c1819df4e0,4171556706,",Dermatology,",South,2025-03-31 06:47:40.394086+00
42b5cc72-cacd-4590-869e-afd8e6512812,5557739279,",Internal Medicine,",South,2025-03-31 06:47:40.40359+00
42ba88e7-0ba4-4357-b90c-78fd4327fe05,1583683437,",Psychiatry,",Northeast,2025-03-31 06:47:40.384395+00
42bd9219-2cc7-4c3a-b496-77a68cf92812,5979414062,",Orthopedic Surgery,",West,2025-03-31 06:47:40.391682+00
42c207bd-4208-4901-b91c-fbc7101d0fb5,2198934726,",Obstetrics & Gynecology,",Midwest,2025-03-31 06:47:40.382928+00
42c466e7-bd86-4418-9fc1-82e2a333ac9b,4696331696,",Cardiology,",Midwest,2025-03-31 06:47:40.389304+00
42c4e87f-c573-46f0-bb51-ad9e08854632,1100644587,",Dermatology,",South,2025-03-31 06:47:40.393053+00
42cb4e71-9fd8-4528-817e-3e7c30e1427b,6696397977,",Internal Medicine,",South,2025-03-31 06:47:40.376292+00
42d48f9a-e99f-4c5b-8ac8-262afae1df22,7855065241,",Cardiology,",South,2025-03-31 06:47:40.389891+00
42da837b-3a26-46bd-b1cb-b3f9725b98ba,5461548470,",Internal Medicine,",Midwest,2025-03-31 06:47:40.380354+00
42db2822-7322-4e1a-9ff3-4aa674996276,9226994601,",Orthopedic Surgery,",South,2025-03-31 06:47:40.392332+00
42e386ca-ba0c-4b9c-8240-a1f7a7a8615a,5992067081,",Internal Medicine,",South,2025-03-31 06:47:40.380773+00
42e5e1ac-9adf-4a59-bfa9-7759527eab83,9660471966,",Radiology,",South,2025-03-31 06:47:40.394851+00
42e78529-0882-4b06-bf42-516c33d90022,9751342309,",Oncology,",South,2025-03-31 06:47:40.402592+00
42ebc62f-1b75-4e58-9ab3-cda3c70e5c7f,3533477420,",Radiology,",Northwest,2025-03-31 06:47:40.394399+00
42ed0dcc-9af1-4587-ae48-6cbbb3b89b4a,2366521380,",Urology,",Northwest,2025-03-31 06:47:40.400554+00
42ee226e-9dae-492d-b236-0930e897ea51,2825031832,",Cardiology,",Northeast,2025-03-31 06:47:40.3895+00
42f0b05d-201b-4691-9959-e845be5606bd,6165123814,",Obstetrics & Gynecology,",Northeast,2025-03-31 06:47:40.381826+00
42f6755c-1e37-4e15-bf79-eb0547d67fc3,4368471483,",Internal Medicine,",Northeast,2025-03-31 06:47:40.376242+00
42fcda6a-b088-4c04-a0d3-27bfc7f8035a,8726183919,",Orthopedic Surgery,",Northwest,2025-03-31 06:47:40.391024+00
4308823c-32da-4c4e-a6c6-6c3a07b11271,4896361928,",Anesthesiology,",Northwest,2025-03-31 06:47:40.397025+00
4309c2c2-09cd-4b56-a81b-e8e8dfb33002,1101821206,",Neurology,",West,2025-03-31 06:47:40.397932+00
430a44dd-e8a2-4c2f-be28-18b6da113b1e,9206469995,",Obstetrics & Gynecology,",West,2025-03-31 06:47:40.382802+00
4311b03f-9647-44b8-a544-40de04045aeb,6186721510,",Anesthesiology,",West,2025-03-31 06:47:40.396125+00
43123fa0-f354-47e0-88d9-afa32b75d99e,3644344965,",Neurology,",Northwest,2025-03-31 06:47:40.403546+00
431cbd4a-2fbd-4ce6-8114-72ad6936b4dd,4799971222,",Internal Medicine,",Midwest,2025-03-31 06:47:40.379919+00
43247e44-2691-4278-a0f5-b2d998988f2c,7618064736,",General Surgery,",Midwest,2025-03-31 06:47:40.387744+00
43278fd0-a585-4063-836c-db61bcdc566b,8189624683,",Dermatology,",Northeast,2025-03-31 06:47:40.393983+00
432b9a7f-3e2a-4725-bfca-7856df01260b,8190602705,",Internal Medicine,",South,2025-03-31 06:47:40.381148+00
432b9cab-4e36-4392-86fb-24c55ecbfccc,2285018869,",Anesthesiology,",Midwest,2025-03-31 06:47:40.39599+00
432ec96c-3cf9-4a1c-9d12-dc46c20648da,1623309852,",Neurology,",Midwest,2025-03-31 06:47:40.398909+00
433d35e1-d9e4-4c78-ad66-0fc20af5ede6,1996714127,",Internal Medicine,",West,2025-03-31 06:47:40.380029+00
43421676-8931-4d79-bbd5-11c089ea4c8c,1866872555,",Urology,",West,2025-03-31 06:47:40.400891+00
4343b67f-86cf-4f15-85bf-2b9577c13c96,4963272837,",Anesthesiology,",South,2025-03-31 06:47:40.3977+00
4351bc7e-8377-4097-82c1-d963149442d9,8540528387,",Psychiatry,",Northeast,2025-03-31 06:47:40.384582+00
435643f3-3b93-464d-81a3-d06aa4797053,8269606323,",Dermatology,",Northwest,2025-03-31 06:47:40.403675+00
435e2f66-4d46-4c9c-9e26-755eb867dc46,6131254431,",Internal Medicine,",Northwest,2025-03-31 06:47:40.381495+00
4362af3d-0543-451d-9921-f9ff8354b441,6870117288,",Neurology,",South,2025-03-31 06:47:40.398602+00
436b627d-3a1a-488b-a9ea-7bd5012c9a36,3106631393,",Pulmonology,",South,2025-03-31 06:47:40.401991+00
43803a67-0486-44ff-b2e4-9c73e46ad64a,1994095422,",Internal Medicine,",South,2025-03-31 06:47:40.378313+00
438a9dda-27df-467f-a30f-925d6ca5df03,5854541626,",Internal Medicine,",Northwest,2025-03-31 06:47:40.377479+00
438ad469-09c9-4301-97da-e277541478a8,4378817220,",Neurology,",West,2025-03-31 06:47:40.399012+00
438cf834-51c6-4b44-b37f-e4458fa52697,5358592089,",Cardiology,",Midwest,2025-03-31 06:47:40.39004+00
43914ebf-6e8b-4900-86a6-24273377fcf3,4058034404,",Nephrology,",Northwest,2025-03-31 06:47:40.402023+00
4393c30c-99c5-499f-85fb-19872ea99606,7679020308,",Dermatology,",South,2025-03-31 06:47:40.393828+00
43982d23-0717-4cf1-a8c7-23e8b1585c98,6021033226,",Orthopedic Surgery,",South,2025-03-31 06:47:40.390864+00
4399c475-5917-49b8-a39e-b32ea6163edf,4942910275,",General Surgery,",Northeast,2025-03-31 06:47:40.386583+00
43aac6e9-047e-428e-84cf-4ff63741e28a,1284423059,",Internal Medicine,",Northwest,2025-03-31 06:47:40.378873+00
43aad3ca-b13c-4ee2-a4e0-ea23165b64db,5000110665,",Cardiology,",South,2025-03-31 06:47:40.39055+00
43ace04a-35ee-4cf1-81d2-273d696a5608,1172322491,",General Surgery,",Midwest,2025-03-31 06:47:40.386073+00
43af491e-6078-4df4-9d0f-12b2e4bcff91,8025449424,",Obstetrics & Gynecology,",Northwest,2025-03-31 06:47:40.383449+00
43c2ab88-b512-4de5-9dbf-c2f6a9764ec2,9705152865,",Dermatology,",Northeast,2025-03-31 06:47:40.392621+00
43c8800d-fc65-446d-bf98-0c99934f16c4,9725510256,",Internal Medicine,",Midwest,2025-03-31 06:47:40.378278+00
43ccc643-accf-4c79-a94a-fb6cf0b1b0ab,2869186135,",Dermatology,",Midwest,2025-03-31 06:47:40.39313+00
43d6084e-3c34-4730-a60f-98759575ba9b,4920926782,",Radiology,",South,2025-03-31 06:47:40.394551+00
43dc6a73-ba48-4958-aa52-60958dd6cfbe,8929600632,",Psychiatry,",Northeast,2025-03-31 06:47:40.385595+00
43dde2f6-44d4-4717-8907-0ebe683ef613,2951109303,",Radiology,",South,2025-03-31 06:47:40.395468+00
43f54039-32c6-451d-a619-2815876555e4,1657953872,",Dermatology,",Northwest,2025-03-31 06:47:40.393323+00
43fc5be2-c5bc-46ec-90b4-d274790b2bff,9745668284,",Orthopedic Surgery,",Northeast,2025-03-31 06:47:40.392436+00
43fdc452-b867-412f-a162-a8112239536c,7214669296,",Cardiology,",West,2025-03-31 06:47:40.388661+00
440701ad-a3b1-4e6e-8279-db19130d417e,9670520298,",Internal Medicine,",South,2025-03-31 06:47:40.377525+00
440cd886-93b5-4d54-809d-f75507b89185,8003341697,",Internal Medicine,",West,2025-03-31 06:47:40.380655+00
440dc1e7-46ca-46cc-bce4-582017ce6f66,7561068269,",Psychiatry,",Northwest,2025-03-31 06:47:40.385941+00
44145784-da60-41f6-8eb2-b532d51274dd,2508308736,",Anesthesiology,",South,2025-03-31 06:47:40.396745+00
44161d79-b758-4a20-acf7-cbd5ede8d4ba,8005184152,",Pulmonology,",West,2025-03-31 06:47:40.401722+00
44181ee6-2ca6-4c9b-b4a1-463424f5c7d9,8608819956,",Radiology,",West,2025-03-31 06:47:40.394619+00
441d5e8f-af2c-49a7-aaba-5c9070619288,7177253689,",General Surgery,",Northeast,2025-03-31 06:47:40.387586+00
441fb2c1-8e63-4c1d-a861-f6122f1aa6b5,5127874974,",Orthopedic Surgery,",Midwest,2025-03-31 06:47:40.392172+00
4426d8a1-5047-410f-88c8-92b847e39edb,8855344758,",Radiology,",West,2025-03-31 06:47:40.394723+00
44289a64-34d7-4200-b968-125e4423e0f2,8212526850,",Cardiology,",West,2025-03-31 06:47:40.404206+00
442b1180-25de-4a65-8e1d-635093c835b1,3284378573,",Internal Medicine,",Northeast,2025-03-31 06:47:40.379916+00
443ac1bb-115e-49b9-b793-11c58fdbb1ab,7092307881,",Internal Medicine,",Northeast,2025-03-31 06:47:40.379428+00
44429dfe-06a3-437f-9e0b-32f88171da91,1699691475,",Gastroenterology,",Northwest,2025-03-31 06:47:40.399795+00
444726bf-7b51-49b0-a57f-e206d678ff2d,2725911613,",Anesthesiology,",Northwest,2025-03-31 06:47:40.396199+00
445212ef-84f8-4a45-993a-014da20ae859,4381627305,",General Surgery,",Northwest,2025-03-31 06:47:40.387429+00
44533329-2e36-41ee-a06d-7971791647c1,8348583590,",Cardiology,",Midwest,2025-03-31 06:47:40.388704+00
445600cc-3dff-4b18-9a23-8e8c544a988e,3142548233,",General Surgery,",West,2025-03-31 06:47:40.386099+00
4473904b-a9d4-430e-8177-ac8fcd51db41,6388374068,",Internal Medicine,",Northeast,2025-03-31 06:47:40.380846+00
447bbdbe-c2b8-420c-b103-58c6dba2eecc,5913328324,",Obstetrics & Gynecology,",South,2025-03-31 06:47:40.383237+00
4488011c-ede6-4334-8d7b-cb875ae8bbd9,6800374624,",Internal Medicine,",South,2025-03-31 06:47:40.376401+00
448d1a28-5916-4fdf-8f4e-b5e49705b6fd,1381575922,",Psychiatry,",Northeast,2025-03-31 06:47:40.385443+00
44936db3-b40c-46fc-842b-0db8e6a02b22,1382878819,",Urology,",Northeast,2025-03-31 06:47:40.4009+00
449f83c3-a692-4456-80bb-1ce002585cc1,5306429014,",Orthopedic Surgery,",Midwest,2025-03-31 06:47:40.391996+00
44a0059c-db6a-4af2-9833-a22da9f434e3,8522226131,",Anesthesiology,",Northwest,2025-03-31 06:47:40.396776+00
44a06d33-dde4-453c-8b0c-4830d8bd0a0d,6193217739,",Orthopedic Surgery,",Northeast,2025-03-31 06:47:40.39083+00
44b4304d-a2e4-41b1-8960-6a262cbbbeaf,2214131980,",General Surgery,",Midwest,2025-03-31 06:47:40.387293+00
44bc1472-fa56-4eb6-89bd-1ece588c93b9,8721678779,",Cardiology,",South,2025-03-31 06:47:40.388333+00
44c0bc78-b815-4603-9d71-4f209b11bc3a,5030625722,",Radiology,",Midwest,2025-03-31 06:47:40.394639+00
44c7c8a3-d194-4a33-87ad-7b6bae1dba89,9147625936,",General Surgery,",Northwest,2025-03-31 06:47:40.38801+00
44c9e385-4a35-4e67-a0df-cae9b17b23f2,5372780661,",Cardiology,",Northwest,2025-03-31 06:47:40.388424+00
44cc93c6-45fc-43e5-babb-51520f7b866c,2260277472,",Neurology,",South,2025-03-31 06:47:40.398059+00
44d15cb6-cd8c-4e61-bf7c-5be75c241c73,2863673198,",Nephrology,",Northwest,2025-03-31 06:47:40.402014+00
44d54987-7004-47ef-9788-2acc2442fb64,6497336933,",Orthopedic Surgery,",West,2025-03-31 06:47:40.392103+00
44dce638-3a11-407f-a2a5-ea6dd219eb98,1775120403,",Gastroenterology,",Northeast,2025-03-31 06:47:40.404029+00
44e0afc1-15eb-4950-b442-cd884ac9de2b,3034308511,",Obstetrics & Gynecology,",South,2025-03-31 06:47:40.382799+00
44e4735c-08e9-4201-801c-aea2481ea871,2854422688,",Internal Medicine,",South,2025-03-31 06:47:40.379037+00
44f2e79c-1023-4147-929d-a96d4f7046b4,6290737711,",Cardiology,",West,2025-03-31 06:47:40.389367+00
44f9a798-a566-409c-be45-201d800bf60b,5926463222,",Internal Medicine,",Midwest,2025-03-31 06:47:40.380869+00
450224a7-0550-4da2-b5cd-bf929c630f78,5879465849,",Psychiatry,",West,2025-03-31 06:47:40.384464+00
450510cc-fd74-4f66-97c8-5db2a5451b14,8624519536,",Gastroenterology,",West,2025-03-31 06:47:40.399141+00
450bfc44-cb0e-438f-9475-cd73be15a3a8,8619564884,",General Surgery,",West,2025-03-31 06:47:40.386458+00
450d16ba-4b2a-49b2-8a91-495488142fae,4528661143,",General Surgery,",West,2025-03-31 06:47:40.388099+00
450f1c77-785e-48ce-98be-fd4d5e58c959,3372192211,",Internal Medicine,",Northeast,2025-03-31 06:47:40.378959+00
4516a4cc-8601-40c9-b85d-1fa108c802dc,5533409490,",Orthopedic Surgery,",Northwest,2025-03-31 06:47:40.39169+00
4517ba5c-7749-4a88-bfe2-c28dd5c42e4c,3107305717,",Obstetrics & Gynecology,",Midwest,2025-03-31 06:47:40.382955+00
452ceede-a1d9-43aa-ab30-e3c447f5bd74,5096617728,",Cardiology,",West,2025-03-31 06:47:40.390149+00
452fe39f-8a6e-4cac-9172-1f4e426cd2e4,2064348736,",Obstetrics & Gynecology,",West,2025-03-31 06:47:40.383298+00
45308d0c-8283-40d6-b3d4-d4f5deaa73c0,7109184272,",Internal Medicine,",West,2025-03-31 06:47:40.376164+00
45384125-59f5-417f-8e8f-c235eed3dbfc,2743219864,",Radiology,",Midwest,2025-03-31 06:47:40.394393+00
453e7a50-d4b8-4e42-9112-0e0576c4a893,5558900548,",Obstetrics & Gynecology,",Midwest,2025-03-31 06:47:40.383022+00
454b3220-2728-4837-aa44-9e5a42b6c1ca,5431434520,",Internal Medicine,",West,2025-03-31 06:47:40.380228+00
455943e6-abc0-45ad-b43b-2bf1b3442158,3978423612,",Orthopedic Surgery,",Northwest,2025-03-31 06:47:40.392005+00
455d6951-0fdf-4ca0-8ae9-c0db33db01de,8636532034,",Gastroenterology,",Midwest,2025-03-31 06:47:40.399259+00
45727730-5fcd-4340-8276-68092539b5fc,5621536018,",Cardiology,",South,2025-03-31 06:47:40.389343+00
45a2337d-83fd-473b-8911-289dc79fe7f2,8638341057,",Dermatology,",Northwest,2025-03-31 06:47:40.394014+00
45b213fd-99b4-412b-a6ec-725d513c3625,3532927334,",Cardiology,",Northwest,2025-03-31 06:47:40.388724+00
45b23d9b-dc36-4bde-86c8-827fbd0b0984,4948008884,",Urology,",Midwest,2025-03-31 06:47:40.400659+00
45ba35bb-d09a-4922-9540-f16f39cadec6,6488792632,",General Surgery,",Northwest,2025-03-31 06:47:40.386235+00
45bf9d27-566b-49de-809a-bdc37d19c465,7713756097,",Obstetrics & Gynecology,",West,2025-03-31 06:47:40.383441+00
45c01963-af5b-4d2b-93cc-ad3269cc692d,2794918033,",Anesthesiology,",West,2025-03-31 06:47:40.395955+00
45c620db-1018-4031-9559-157c40ddc1c7,9686237263,",Neurology,",Northwest,2025-03-31 06:47:40.397949+00
45c65464-5822-4da4-b9a9-16218fcf045b,3783686477,",Nephrology,",Northeast,2025-03-31 06:47:40.402238+00
45c80786-c799-4580-8689-9ceeb4c76a54,5578940272,",Internal Medicine,",West,2025-03-31 06:47:40.378674+00
45cba111-7c3f-4206-a084-418b863aeca0,5293464246,",Cardiology,",Northeast,2025-03-31 06:47:40.388455+00
45ccd32b-03bf-497b-a759-ed9e367e95e7,6896669443,",Orthopedic Surgery,",South,2025-03-31 06:47:40.392405+00
45d217c6-28a4-4738-b503-12eb9afd82ae,4802656429,",Oncology,",Northwest,2025-03-31 06:47:40.402692+00
45de13ef-0277-4013-9cce-db9e4606c9b0,7432615317,",Gastroenterology,",West,2025-03-31 06:47:40.399623+00
45e265c4-dd02-4894-b261-1a952f31e573,7202859800,",Anesthesiology,",West,2025-03-31 06:47:40.396626+00
45ecf89e-4067-4c69-a7da-6aa86cb43e7e,7231538705,",Radiology,",South,2025-03-31 06:47:40.395558+00
460a6e13-2ad3-4acb-8602-dcdaaead0233,8812308702,",General Surgery,",Northeast,2025-03-31 06:47:40.38733+00
460c30b2-be26-4f8a-8244-9376d83860e6,8535927440,",Internal Medicine,",Midwest,2025-03-31 06:47:40.378184+00
460f29dd-6ba0-4fb1-af29-f2b78f950ad5,2676226926,",Orthopedic Surgery,",Midwest,2025-03-31 06:47:40.392386+00
4612a6f2-4059-4ecf-af8e-1e3886d77e57,2692427146,",Psychiatry,",Northwest,2025-03-31 06:47:40.385114+00
46173687-4a3e-4e89-94de-6a3df2c1fc79,1677102178,",Psychiatry,",Midwest,2025-03-31 06:47:40.385998+00
46211e08-6e8d-49d9-b481-282c89e9f619,8513391357,",Orthopedic Surgery,",Northeast,2025-03-31 06:47:40.391525+00
46252358-5cea-43d6-b143-f336529b601c,3638017707,",Internal Medicine,",Northwest,2025-03-31 06:47:40.378237+00
4632b98b-de26-484d-a65c-6e6ec5424122,5466712681,",Pulmonology,",South,2025-03-31 06:47:40.40187+00
4643df71-133f-4bed-9e9a-451e4023b5c5,8614654166,",Obstetrics & Gynecology,",West,2025-03-31 06:47:40.38287+00
46476184-5019-4af0-8d95-ec22742bfc04,2282104501,",Oncology,",Midwest,2025-03-31 06:47:40.402956+00
464b7c6b-8d40-47de-9b2b-d877ba69c96b,4793278865,",Obstetrics & Gynecology,",Northwest,2025-03-31 06:47:40.38176+00
465e1f1e-1868-4e1e-a8b4-6aa60475f54c,6858919777,",Orthopedic Surgery,",Northwest,2025-03-31 06:47:40.390744+00
46790050-c8c3-4b05-84f3-2472d85e89e2,9310230992,",Oncology,",South,2025-03-31 06:47:40.40307+00
4685a421-3b15-4671-992d-7146cf30416a,7256048995,",Pulmonology,",Northeast,2025-03-31 06:47:40.401392+00
468740ea-4c69-4630-90f2-17539af2e032,1469987006,",Cardiology,",Northeast,2025-03-31 06:47:40.390348+00
468c9a22-58ec-40b9-a5c2-ac850cd71e58,9093917385,",General Surgery,",Northwest,2025-03-31 06:47:40.38683+00
469baa8d-0309-438f-bd5d-6b66a7796f27,7675331245,",Neurology,",West,2025-03-31 06:47:40.398398+00
469cc22f-a0c1-48b7-b641-5ff13534a82b,9454917976,",Dermatology,",South,2025-03-31 06:47:40.393445+00
469e9721-703f-4759-9ae5-42d095beed72,6289678427,",General Surgery,",Midwest,2025-03-31 06:47:40.388039+00
46a48378-1b29-4106-a7b4-958de605749e,1902697901,",Oncology,",Northeast,2025-03-31 06:47:40.402839+00
46a5f222-98b0-4635-b881-da68b44fc5bf,1809553783,",Obstetrics & Gynecology,",Northwest,2025-03-31 06:47:40.382316+00
46a85cd2-58d7-48e9-9d9c-e1ea52dbdf6e,2989032396,",Pulmonology,",Midwest,2025-03-31 06:47:40.401838+00
46ae6e79-e5a4-4a2f-802c-937d8de229f6,5235771374,",Cardiology,",West,2025-03-31 06:47:40.390287+00
46b637eb-a9b3-4fa4-aa23-27277e03e186,6608288169,",Gastroenterology,",West,2025-03-31 06:47:40.400246+00
46b7a23e-05f4-42a3-aedf-df9296c52c86,6042741487,",Pulmonology,",West,2025-03-31 06:47:40.401133+00
46b858a2-6e50-4bbf-ac2e-cd37f9c6c45d,8963764550,",Obstetrics & Gynecology,",Northwest,2025-03-31 06:47:40.383124+00
46bdc1b4-9e21-45db-8f30-a5eeec291024,5616315590,",Psychiatry,",Midwest,2025-03-31 06:47:40.385199+00
46c14bc6-0722-4bfe-a300-18c443a3ac30,9569651163,",Neurology,",South,2025-03-31 06:47:40.398785+00
46c2ee89-cd8f-4996-9bcc-a8467b94fba5,7499848951,",Internal Medicine,",Northwest,2025-03-31 06:47:40.379126+00
46c4fdcd-8de7-410a-a49d-06a31d002e43,4635859064,",Gastroenterology,",Midwest,2025-03-31 06:47:40.399852+00
46c7c568-081e-4a7b-9c82-41dfdcc9858e,5908611606,",General Surgery,",Northwest,2025-03-31 06:47:40.388164+00
46cde9d1-3b2e-4d22-a4a0-68647ae408f9,2183670177,",Gastroenterology,",Midwest,2025-03-31 06:47:40.39983+00
46d1dacf-f1ba-4de0-af5d-359cc1923139,1297517576,",Internal Medicine,",South,2025-03-31 06:47:40.379979+00
46e4d962-f6ad-4c5b-8b3c-c6fa0c3f2d26,5748184249,",Obstetrics & Gynecology,",West,2025-03-31 06:47:40.38272+00
46ecf7e7-eb10-4df3-8c49-4a8863c53ca4,7315481035,",Pulmonology,",South,2025-03-31 06:47:40.401893+00
46f48b48-024b-4381-bf0d-ca32c29d3493,3116094322,",Internal Medicine,",Northwest,2025-03-31 06:47:40.379652+00
46f90872-b470-451a-97ce-1f0aab3f62ff,5526575034,",Orthopedic Surgery,",Northwest,2025-03-31 06:47:40.390667+00
470cfff8-58b9-4540-9ee9-9b88effb19be,4566830076,",General Surgery,",Northwest,2025-03-31 06:47:40.387037+00
4713f2d3-e7b9-448d-ac3e-a5c1321ff532,2121317584,",Orthopedic Surgery,",Northeast,2025-03-31 06:47:40.391604+00
471b64b9-675d-4960-9a5f-61fc47905eb0,6886292931,",Anesthesiology,",West,2025-03-31 06:47:40.395987+00
471c329c-178e-4266-8ffd-f25ec780b763,9256191350,",Internal Medicine,",Northwest,2025-03-31 06:47:40.378741+00
472c2505-bf7d-4b27-8e97-5e97774da3de,1517549514,",General Surgery,",West,2025-03-31 06:47:40.386912+00
47398860-0108-4364-ac77-a2242e7e218b,4651213056,",Dermatology,",West,2025-03-31 06:47:40.393279+00
473c82b7-ae6c-4929-a765-fd9b3edb2457,7150835525,",Internal Medicine,",West,2025-03-31 06:47:40.403237+00
473e1b62-9c55-47a3-b90e-d0d8ca0dd172,5368274169,",Cardiology,",South,2025-03-31 06:47:40.390234+00
4752e60f-f883-4ca8-9ea7-2d2b4d1eb653,5140380028,",Internal Medicine,",South,2025-03-31 06:47:40.378824+00
4753b30c-8817-48f9-9923-40be08883f56,3752046051,",Psychiatry,",Northwest,2025-03-31 06:47:40.385123+00
476abac8-7313-4b5f-9446-1ec9232538d9,3593860739,",Internal Medicine,",Northwest,2025-03-31 06:47:40.379681+00
4771d8f5-f614-4571-893f-1476e8911271,9571027439,",Radiology,",Midwest,2025-03-31 06:47:40.395553+00
47797b1b-ccc6-46eb-b1ac-209a5acdfae8,4022091968,",Internal Medicine,",Northeast,2025-03-31 06:47:40.376726+00
4789b621-3774-429b-ad50-410b3010f943,2195126656,",Radiology,",South,2025-03-31 06:47:40.403661+00
478ffbc8-da61-4bd4-96ca-70085824f27a,9395868030,",Internal Medicine,",Northeast,2025-03-31 06:47:40.380569+00
47902697-100c-4f46-8c1e-386ca7ee9ebf,4170267120,",Dermatology,",Northwest,2025-03-31 06:47:40.394077+00
479c8619-8e2f-4a2e-a390-a6088c45a642,5348632871,",Radiology,",Northeast,2025-03-31 06:47:40.395276+00
479f9387-d897-41ef-a0ea-fbb7a6f8be69,7159443143,",Psychiatry,",Northwest,2025-03-31 06:47:40.385256+00
47b04417-0259-4ff5-9aa9-8e12d8d07a7f,9528742737,",Neurology,",South,2025-03-31 06:47:40.397801+00
47b21a2e-75a4-4321-9b98-421cbbac3cb9,1344359592,",Pulmonology,",Midwest,2025-03-31 06:47:40.401807+00
47c175f6-e33c-4c33-84ee-a63a2d3a26ca,6109221369,",Internal Medicine,",South,2025-03-31 06:47:40.378662+00
47c54f7d-0f46-4ba8-844b-58683d4795bb,6416785515,",Radiology,",South,2025-03-31 06:47:40.395868+00
47c567a5-1832-446a-a63b-821d05fb524f,2205032423,",Internal Medicine,",West,2025-03-31 06:47:40.403707+00
47c84e8a-f872-443c-9d68-37e3be960c1a,2131223658,",Orthopedic Surgery,",Northeast,2025-03-31 06:47:40.392515+00
47c95b84-10c5-4837-b5d4-e21178b88276,7735168301,",Oncology,",Northwest,2025-03-31 06:47:40.403021+00
47ccd031-05ab-478a-90ba-28fa5f391b15,5733942414,",Internal Medicine,",Northeast,2025-03-31 06:47:40.381592+00
47d3a47f-fdf4-484d-b495-e1109d2a7a21,4302242778,",Cardiology,",Midwest,2025-03-31 06:47:40.388531+00
47d6f2cc-b4fd-45e1-89cc-a27d20c52ddc,5790755473,",Internal Medicine,",South,2025-03-31 06:47:40.403113+00
47f0e5c8-a25b-4744-b7be-436c26b39839,5244347198,",Anesthesiology,",Midwest,2025-03-31 06:47:40.397239+00
47f1002f-0a65-43d3-85dd-ef97a6153285,9189447641,",General Surgery,",South,2025-03-31 06:47:40.386415+00
47f344aa-4697-44eb-beb2-0951de307b0e,6312974972,",Obstetrics & Gynecology,",South,2025-03-31 06:47:40.382305+00
47f8dd41-2f5c-4a6a-bb97-9e1fec0a4145,4826467564,",Internal Medicine,",South,2025-03-31 06:47:40.376141+00
48098bf9-57e9-43ce-b580-c89a56d60c2b,2901504456,",Cardiology,",Northwest,2025-03-31 06:47:40.388401+00
480c09ab-23fa-4634-9b33-effe36e1384e,9117835681,",Neurology,",Northeast,2025-03-31 06:47:40.398639+00
48101b5f-72e1-477a-805d-6b4f0b6fa105,9885511142,",Obstetrics & Gynecology,",Northwest,2025-03-31 06:47:40.381939+00
48129081-f362-43d5-9d23-efb46b32b609,2352018428,",Orthopedic Surgery,",Midwest,2025-03-31 06:47:40.39246+00
48164a26-fdfe-4471-a1b0-40becdde042d,8311709805,",Gastroenterology,",Northwest,2025-03-31 06:47:40.399449+00
481f5ee5-84ba-49c0-8d1d-be217b6c20b0,8938994059,",Neurology,",South,2025-03-31 06:47:40.398169+00
482110ff-0e61-4bb3-89fc-b427b742c29d,2400829515,",Pulmonology,",West,2025-03-31 06:47:40.401426+00
4827c38e-47ed-4b27-a4bd-b22702a678db,6630671808,",Cardiology,",South,2025-03-31 06:47:40.389922+00
482a42fb-e2bb-472e-9f0f-34c54fee93c0,2593252179,",Cardiology,",West,2025-03-31 06:47:40.38959+00
4833ff0b-b88f-42bf-870a-a9a7903b2571,6945191268,",Gastroenterology,",Northeast,2025-03-31 06:47:40.404422+00
48430ebf-283a-45e9-87af-843bf1c44377,3820946503,",Dermatology,",South,2025-03-31 06:47:40.393326+00
484730d4-a1a8-4d28-ac2f-23b702d127c3,6446231232,",Internal Medicine,",South,2025-03-31 06:47:40.378466+00
484eb0dc-0a3a-48e3-960b-91b2c78e370d,2273250728,",Internal Medicine,",Northwest,2025-03-31 06:47:40.38008+00
487e4983-3675-4f91-a2f9-037706c6d8e8,6991993596,",Internal Medicine,",Northwest,2025-03-31 06:47:40.378571+00
4880d21a-35b8-4864-8ff0-7857f942631f,6400877783,",Anesthesiology,",Northwest,2025-03-31 06:47:40.397231+00
488a0226-ae14-4d37-af4f-115d2a8c6abc,3789119411,",Obstetrics & Gynecology,",West,2025-03-31 06:47:40.403177+00
488b717c-0cd6-4055-bc5c-2abfe827389d,7117292049,",Neurology,",South,2025-03-31 06:47:40.39816+00
4890fb56-1dc1-462a-a8cc-400d10fedd62,5391585435,",Orthopedic Surgery,",Midwest,2025-03-31 06:47:40.391108+00
489cb7ae-7f4a-4586-8874-2af36be67dfb,9913067734,",Radiology,",West,2025-03-31 06:47:40.395031+00
48a0dd53-cf83-497f-bd50-8461c7fb0964,3153609515,",Pulmonology,",Northeast,2025-03-31 06:47:40.4013+00
48bb34b1-ed03-45b8-8eb9-ca6498f78815,3290591621,",Obstetrics & Gynecology,",Northwest,2025-03-31 06:47:40.382392+00
48bd51bb-7b17-435c-bd03-b5dd9e388524,4730878209,",Dermatology,",West,2025-03-31 06:47:40.39349+00
48c3ae77-7e4b-4639-8cf8-41c3bbef759b,2244218045,",Orthopedic Surgery,",South,2025-03-31 06:47:40.391715+00
48c65806-b71a-4123-a9c2-35465ae5538c,4724005182,",Internal Medicine,",South,2025-03-31 06:47:40.403995+00
48c67068-6b60-4867-9c65-b30ba377175c,5891032982,",Radiology,",Northwest,2025-03-31 06:47:40.395848+00
48e4d4a6-fec8-47d2-95a8-f93bbd13d760,2967392375,",Obstetrics & Gynecology,",West,2025-03-31 06:47:40.382192+00
48f03768-bdc1-4122-b198-ba652d410c6f,7622533455,",Pulmonology,",South,2025-03-31 06:47:40.401183+00
48f1b87f-004f-4736-8eab-a0473352ebe2,7194480893,",Internal Medicine,",West,2025-03-31 06:47:40.380618+00
48f61048-926d-4b5f-9117-2b6d2f78daa9,1955900161,",Internal Medicine,",Northeast,2025-03-31 06:47:40.378721+00
48f636ef-0614-44c5-8de6-bb8992156028,8013659894,",Dermatology,",Midwest,2025-03-31 06:47:40.392817+00
48f65f94-56d7-4ebb-879d-923d5b2add7b,3077846390,",Radiology,",Northwest,2025-03-31 06:47:40.394982+00
48fae86e-6f47-423d-ac66-2f77a0575ab9,4110471343,",Urology,",Northwest,2025-03-31 06:47:40.40101+00
48ff9bc7-6400-4e2d-aa9a-3e430e6a4a5f,9930866277,",Cardiology,",Midwest,2025-03-31 06:47:40.389283+00
490c9669-3c28-4e14-b704-4726053630e2,6405626257,",Gastroenterology,",West,2025-03-31 06:47:40.400073+00
491d7d2b-959b-4667-b80a-671f508e2b00,2974280987,",Internal Medicine,",Northwest,2025-03-31 06:47:40.378602+00
4921f17f-0110-41c0-96ab-f38a606ecfe4,7083144025,",Obstetrics & Gynecology,",South,2025-03-31 06:47:40.383857+00
49253ce0-5c25-432c-be38-ec262040dcb8,1479561482,",General Surgery,",South,2025-03-31 06:47:40.386726+00
4925a188-9f17-4411-aa8e-b313ef569b68,1515048668,",Psychiatry,",West,2025-03-31 06:47:40.384467+00
49288c3c-5182-4266-8ff4-0d6f6c912e08,6470670982,",Orthopedic Surgery,",West,2025-03-31 06:47:40.403935+00
492dc330-a291-4fd7-8202-9b5e3e8beec1,1566194766,",Cardiology,",South,2025-03-31 06:47:40.390105+00
492ee22d-47eb-4b57-bb93-9ab04b3f4104,2239477182,",Dermatology,",West,2025-03-31 06:47:40.404537+00
49356bdb-1cc4-44cf-9651-644b5e275d12,8708304387,",Internal Medicine,",Midwest,2025-03-31 06:47:40.381251+00
493d805c-d553-47ca-919e-3afd266d3442,4619119628,",Gastroenterology,",Northeast,2025-03-31 06:47:40.400055+00
493ef262-e908-4f47-9afd-b0cbb0783f1b,8647473596,",Psychiatry,",West,2025-03-31 06:47:40.385083+00
49532e88-111b-481d-b1c0-20a529628a63,7144266289,",General Surgery,",Northeast,2025-03-31 06:47:40.387709+00
495ada04-b0b4-44b8-8a10-b5474322b2b4,2172084683,",Cardiology,",Midwest,2025-03-31 06:47:40.38884+00
495b155e-ba8d-42f5-b3d4-f4d899f3f21f,6798862126,",General Surgery,",Midwest,2025-03-31 06:47:40.387272+00
495ece59-493b-44f4-8b06-18760494285b,5163546422,",Gastroenterology,",West,2025-03-31 06:47:40.399844+00
4963f001-9731-4d32-b55b-5fefe56fec0f,1912729703,",Dermatology,",Midwest,2025-03-31 06:47:40.393478+00
496dc91c-40c3-4c1c-a805-7cc2a5a9b7e5,3232089953,",Anesthesiology,",Midwest,2025-03-31 06:47:40.404164+00
49778a37-c92b-4f14-b57e-6c2e28ee4403,7801403087,",Internal Medicine,",Northwest,2025-03-31 06:47:40.381176+00
497a91f8-bcb6-4b80-9c24-72f55b09d63d,9018151306,",Obstetrics & Gynecology,",Northwest,2025-03-31 06:47:40.382507+00
497d7bb5-f9ed-4fbf-9c2b-3da923d4af4f,1407366813,",Obstetrics & Gynecology,",West,2025-03-31 06:47:40.382076+00
497f7013-62c9-4eb2-a430-33e3cb6a3c36,4355391265,",Obstetrics & Gynecology,",Northeast,2025-03-31 06:47:40.382538+00
4993baca-5431-411d-9195-f104789bbeee,4878752889,",General Surgery,",Midwest,2025-03-31 06:47:40.404479+00
499eecc0-849d-4253-9fd1-54958a295ce3,4045929771,",Internal Medicine,",South,2025-03-31 06:47:40.380177+00
49b80976-26cc-49ba-aca3-e9360b9b5fc6,1574384575,",Internal Medicine,",Northeast,2025-03-31 06:47:40.378852+00
49ba2a44-786d-4d2b-b627-1304bcfcde5a,3842236150,",Cardiology,",West,2025-03-31 06:47:40.389526+00
49bf6ea0-e93a-4468-9e7f-2cf573d56c68,3179267782,",Anesthesiology,",Northwest,2025-03-31 06:47:40.396569+00
49d344f5-6641-445f-a670-1ea288d5b65f,4715737153,",General Surgery,",Midwest,2025-03-31 06:47:40.388268+00
49d3e1e3-f327-49b0-b603-757fa5ef4aa9,5990461564,",Neurology,",South,2025-03-31 06:47:40.398438+00
49e63ee0-4ce7-4166-a58b-a6fac07622c0,3032542142,",Cardiology,",West,2025-03-31 06:47:40.389334+00
49ea1e93-2a74-4f76-9ec1-7188052e0b6b,3621547443,",Gastroenterology,",Northeast,2025-03-31 06:47:40.400093+00
49f05396-196a-4a8f-bb5b-828111e456ff,7528022139,",Pulmonology,",West,2025-03-31 06:47:40.401395+00
49f551a3-b8ee-41fc-ab9f-c9e1920d6358,1111291610,",Internal Medicine,",Northwest,2025-03-31 06:47:40.381438+00
49fa0a5f-bc1e-48c3-b7d4-58a6f9f128b8,6859219608,",Psychiatry,",West,2025-03-31 06:47:40.384943+00
49fc1954-e558-47d5-bef3-1c28e9dd73d9,9394641142,",Internal Medicine,",Midwest,2025-03-31 06:47:40.378747+00
4a02d38d-22a2-4916-82c8-b4dee503ad25,9808675879,",Cardiology,",Northwest,2025-03-31 06:47:40.389793+00
4a0717dd-698d-487f-82b5-583738c37a08,1645302038,",Psychiatry,",West,2025-03-31 06:47:40.385463+00
4a07a7c7-b5d3-4e55-ae9e-ab5b92a96c95,7161325632,",Internal Medicine,",Northeast,2025-03-31 06:47:40.378677+00
4a0a67ff-bdc8-4b96-b6a8-ea8ea6a653ca,7008734370,",Obstetrics & Gynecology,",Northeast,2025-03-31 06:47:40.381679+00
4a0cb156-35e0-44b0-8f53-b458cd47fca7,3092687491,",Radiology,",South,2025-03-31 06:47:40.395386+00
4a1497a8-8910-4bb5-873e-f988537c1aba,2382015537,",Oncology,",West,2025-03-31 06:47:40.404436+00
4a1a9888-d6d3-4064-824b-dc3e390d31d1,1379179658,",Cardiology,",Northwest,2025-03-31 06:47:40.389947+00
4a23ee2b-ce76-4a52-98c0-e5b4f78166ab,9439288650,",Orthopedic Surgery,",Northeast,2025-03-31 06:47:40.390701+00
4a29899b-8b4e-44a5-b2d1-a34b88cbafe1,4140659793,",Radiology,",West,2025-03-31 06:47:40.394918+00
4a2ad69d-9787-4bc5-85e4-98fc67145093,5815033918,",Psychiatry,",South,2025-03-31 06:47:40.385531+00
4a2be330-1e69-4207-972e-147d7d5a4b15,5277236804,",Nephrology,",Northwest,2025-03-31 06:47:40.40203+00
4a32912d-8bcc-483d-bec4-9ad233b42ab6,5198448196,",Orthopedic Surgery,",South,2025-03-31 06:47:40.391949+00
4a3928e9-f5fd-488a-a9e9-2898ed8efd8d,8114634187,",Urology,",Northeast,2025-03-31 06:47:40.40058+00
4a395c2e-7607-4961-bbe4-ec1888348540,7602216044,",Psychiatry,",South,2025-03-31 06:47:40.385222+00
4a3eb194-bbf5-4116-bf58-04798df2febf,1450425253,",Gastroenterology,",South,2025-03-31 06:47:40.400035+00
4a42af5e-6b0b-4b01-99b0-d216398d138b,7255078299,",Radiology,",Northeast,2025-03-31 06:47:40.394588+00
4a4fc4f5-f8fe-44e2-9103-f98cd419512e,9637484808,",Oncology,",South,2025-03-31 06:47:40.40277+00
4a5083ea-0ec4-464d-8b26-00d7a9af6074,6783560662,",Obstetrics & Gynecology,",Northwest,2025-03-31 06:47:40.382591+00
4a55ef88-2046-4dba-8a3b-a217fef6a0d2,5202503127,",Obstetrics & Gynecology,",Northeast,2025-03-31 06:47:40.382557+00
4a5d175b-c605-403c-86e9-fc72ef065ede,1226599784,",Oncology,",Midwest,2025-03-31 06:47:40.402718+00
4a6ab98d-94ce-4397-a01d-a3cd1bdd7b6e,8191614951,",General Surgery,",South,2025-03-31 06:47:40.388016+00
4a6b4712-f0de-4ac3-898d-0b27291d06c5,8532018710,",Radiology,",South,2025-03-31 06:47:40.394921+00
4a7375b8-e524-43f3-90b1-27f519e3f0f5,7307173065,",Anesthesiology,",Northwest,2025-03-31 06:47:40.397476+00
4a7685a7-15ce-41c0-82b6-f0f4712d5122,7453574805,",Gastroenterology,",Northeast,2025-03-31 06:47:40.399159+00
4a789cd8-7601-4881-b179-cc3023ff933a,4962636664,",Pulmonology,",South,2025-03-31 06:47:40.401744+00
4abbe319-01ef-4437-8ebe-11eb0059bedc,3167862492,",Dermatology,",South,2025-03-31 06:47:40.392982+00
4ac52369-8ea3-4040-a674-e0f7aa671371,4620124403,",Psychiatry,",South,2025-03-31 06:47:40.384418+00
4ac5f8f2-d2ca-4c64-b4b6-3cf0f11f49aa,4212588748,",General Surgery,",Northwest,2025-03-31 06:47:40.387287+00
4ac7ec1b-6b2e-4fb9-b668-67372a7e3c7b,2253438050,",Urology,",Northwest,2025-03-31 06:47:40.40099+00
4ad18bbf-f208-4e89-b321-d37e320e81a5,4037797608,",Anesthesiology,",Northwest,2025-03-31 06:47:40.396838+00
4ad7a3fd-842f-4e08-8b1b-25fd10475e53,2114822240,",Urology,",Northwest,2025-03-31 06:47:40.401021+00
4ae88df0-bd16-4710-a66b-b2e217e8793f,1031758004,",Urology,",Midwest,2025-03-31 06:47:40.403203+00
4aea031f-9467-4b0b-8be8-cac270309388,9570731817,",Cardiology,",Midwest,2025-03-31 06:47:40.403151+00
4aede7ae-338d-4265-bb05-07f1b942553a,9889553782,",Internal Medicine,",Northeast,2025-03-31 06:47:40.378304+00
4afaa9da-d9cc-4d08-aebe-f5fb15c30ea2,8325774974,",Internal Medicine,",South,2025-03-31 06:47:40.377807+00
4b0d020f-5440-4de1-9af1-14f471ff6904,8229474363,",Cardiology,",Northeast,2025-03-31 06:47:40.388378+00
4b0e81f0-cbb5-4b15-be59-896aa9f08cb5,9438980153,",Urology,",Midwest,2025-03-31 06:47:40.400747+00
4b129bb5-560e-4839-baf2-a4576a407faf,5725796546,",Internal Medicine,",South,2025-03-31 06:47:40.37639+00
4b1c8e8c-e3a2-4574-a250-765eb264a909,5705042592,",General Surgery,",South,2025-03-31 06:47:40.388105+00
4b22031f-d7e2-441c-b696-0a9568b2d125,3148420778,",Radiology,",Northwest,2025-03-31 06:47:40.395763+00
4b313763-23ec-4c77-9c44-5a30419b8cc5,8816915762,",Internal Medicine,",Northeast,2025-03-31 06:47:40.381012+00
4b363dcf-ee23-4de9-adee-f3619c69fa28,8967473739,",Internal Medicine,",West,2025-03-31 06:47:40.379258+00
4b39634c-fc7e-4b53-87ff-c0ca8bc2ed3b,8912923768,",Nephrology,",Northwest,2025-03-31 06:47:40.402155+00
4b3b8ef0-df70-4677-a673-711f02574a33,4009187198,",Radiology,",Northwest,2025-03-31 06:47:40.394679+00
4b3b9e68-36f4-48b6-8965-aa11125bdf91,6314382205,",Psychiatry,",Midwest,2025-03-31 06:47:40.384064+00
4b3bc7a3-cdcc-4ca2-9d3e-e4958536ef23,1418003917,",Psychiatry,",West,2025-03-31 06:47:40.385386+00
4b3c6ea4-70cb-4df0-b1ff-82ba144a5521,8922279106,",General Surgery,",Northwest,2025-03-31 06:47:40.387249+00
4b523aa4-08de-45cb-9073-6dbbe6b029af,1520044479,",Radiology,",West,2025-03-31 06:47:40.394531+00
4b59fa6b-a793-49c9-a5cb-46ab7c1bb78b,2588683922,",Pulmonology,",Northeast,2025-03-31 06:47:40.401434+00
4b5b478d-69fa-4597-97c4-052af0150186,5615194162,",Obstetrics & Gynecology,",Northeast,2025-03-31 06:47:40.383755+00
4b628903-da02-43b7-b201-f188a5ca0e27,2573838647,",Gastroenterology,",Northwest,2025-03-31 06:47:40.399518+00
4b673bf3-4afb-4702-9b48-dd837dee92db,8044475328,",Anesthesiology,",Midwest,2025-03-31 06:47:40.396658+00
4b6906ac-2c13-4ea2-a8f9-b58df702ba31,8398063055,",Anesthesiology,",Midwest,2025-03-31 06:47:40.397555+00
4b6b5b98-9a02-49c3-9e8e-c54cff104ea7,1549194144,",Gastroenterology,",Midwest,2025-03-31 06:47:40.400029+00
4b7a4a22-df5c-46f7-acd4-a7f89d55e2cf,3159317791,",Anesthesiology,",Northeast,2025-03-31 06:47:40.397613+00
4b7cf345-2124-4536-9271-d13173ebabf1,4632242802,",Anesthesiology,",Northwest,2025-03-31 06:47:40.397156+00
4b8bc2c5-ad5c-4f5e-aea1-48d3cfc4ce3e,5020186395,",Cardiology,",Midwest,2025-03-31 06:47:40.389295+00
4b93dd3d-5b07-41b8-b3cf-23a5bd94333b,6087749922,",Internal Medicine,",Midwest,2025-03-31 06:47:40.376897+00
4b9b89cd-e657-4ff5-94f2-c268236870dc,2527687248,",Cardiology,",West,2025-03-31 06:47:40.389541+00
4bb2d3d7-7b40-43ca-bb93-1d48795203ce,6073865599,",Neurology,",South,2025-03-31 06:47:40.404272+00
4bb2d415-7e7d-4818-8b8d-644bd3faf5e5,6132666951,",General Surgery,",South,2025-03-31 06:47:40.387714+00
4bb5d567-6b2c-448c-950a-8e3836d6ad3e,9769321142,",General Surgery,",Northwest,2025-03-31 06:47:40.387958+00
4bbe69d0-9c88-410a-9086-27f2eba16f07,9004223063,",Dermatology,",South,2025-03-31 06:47:40.393716+00
4bbe90fb-cc26-4332-880d-927e62e70749,3541541034,",Obstetrics & Gynecology,",Midwest,2025-03-31 06:47:40.382638+00
4bbfcb48-ba16-4703-a1ad-8bc1d5c3d958,5920497609,",Anesthesiology,",Northwest,2025-03-31 06:47:40.396291+00
4bc3ab5f-8e05-4095-ab87-7996ff1fe655,6293440269,",Urology,",Northeast,2025-03-31 06:47:40.400359+00
4bc5eb58-3fe4-478c-9394-a3394e97ef2c,5933680247,",Orthopedic Surgery,",Northeast,2025-03-31 06:47:40.392076+00
4bc7e0cc-a5c7-4bee-80c2-62c5a11fc879,2943027386,",Urology,",South,2025-03-31 06:47:40.40056+00
4bc8dcb5-cd46-492f-ad9c-5fc28348d22e,3575677832,",Nephrology,",Midwest,2025-03-31 06:47:40.402206+00
4bcf1031-46bb-432f-ac5d-88478aed960e,8728622773,",Neurology,",Northwest,2025-03-31 06:47:40.397867+00
4bcf32ce-d342-43d3-b431-2edfc6f9d3a7,4833396332,",Cardiology,",Northwest,2025-03-31 06:47:40.389307+00
4bd322a6-3dc5-4bc8-bb4b-c99d9529d406,6225579412,",Internal Medicine,",Midwest,2025-03-31 06:47:40.381425+00
4be81280-b5bf-46b6-8fb5-854a1cbd16de,7959127060,",Obstetrics & Gynecology,",West,2025-03-31 06:47:40.381636+00
4bf7c3ef-04a8-4ab1-9026-1517664d19fd,9562346562,",General Surgery,",West,2025-03-31 06:47:40.387504+00
4bfe3567-2342-4743-ae53-de385891568a,5088145355,",Obstetrics & Gynecology,",Midwest,2025-03-31 06:47:40.381705+00
4c00c388-f8f5-4ff9-a186-b4830cdfc46a,3736645770,",Dermatology,",Northeast,2025-03-31 06:47:40.392638+00
4c1c0b68-3505-429e-9198-cf55fd516be8,5737897850,",General Surgery,",Midwest,2025-03-31 06:47:40.387615+00
4c231b4c-ad11-4a49-a85f-48abca17df1c,7596386342,",Obstetrics & Gynecology,",West,2025-03-31 06:47:40.383641+00
4c297675-301a-43de-8d3b-3f4698d477e5,5353427256,",Neurology,",Northwest,2025-03-31 06:47:40.398071+00
4c2cccaa-ecb8-459d-ba9c-c01d18182423,7196861323,",Neurology,",Northeast,2025-03-31 06:47:40.398871+00
4c2cfad9-730a-4547-85ee-cb7c1093130d,8224238555,",Obstetrics & Gynecology,",Northwest,2025-03-31 06:47:40.382212+00
4c2d55ca-0aea-4b81-bdd9-5173e07091a7,9281737691,",Obstetrics & Gynecology,",South,2025-03-31 06:47:40.382978+00
4c3df3cd-eb52-43db-aea8-637e24264cc8,9563508610,",Obstetrics & Gynecology,",Northeast,2025-03-31 06:47:40.382521+00
4c4e0449-6f0c-494f-a512-573090fec4ad,9383228541,",Cardiology,",West,2025-03-31 06:47:40.388585+00
4c52f17c-459c-453c-95e1-df044d33de24,8199427560,",Radiology,",South,2025-03-31 06:47:40.394345+00
4c5c1e1f-a94a-426c-9b66-1589df4d0332,9879505128,",Cardiology,",South,2025-03-31 06:47:40.390638+00
4c6e915d-1756-4bc0-ba5d-5dbd6c3d2d53,1234378393,",Cardiology,",South,2025-03-31 06:47:40.388729+00
4c755b48-90b3-4d45-b326-228518c57ce8,1223819592,",Cardiology,",West,2025-03-31 06:47:40.390219+00
4c75d269-76b1-4e7d-a8a5-aece2b71e6e9,2275419402,",Internal Medicine,",Northwest,2025-03-31 06:47:40.378761+00
4c81c45a-4d6d-4768-b5ca-a406ff18cc62,7802963587,",Orthopedic Surgery,",West,2025-03-31 06:47:40.391131+00
4c935c40-b4a0-4f61-a877-7734dfb714b9,8687419246,",Gastroenterology,",South,2025-03-31 06:47:40.399371+00
4cb3a32a-2295-4a11-bdc5-542d5ffc5526,3800879094,",Orthopedic Surgery,",Northeast,2025-03-31 06:47:40.390946+00
4cb5dbdd-b186-4967-9c07-6c294670ef7c,4237888620,",Gastroenterology,",Midwest,2025-03-31 06:47:40.404565+00
4cb956ec-0146-4287-8879-60f31e501705,7667642279,",Psychiatry,",Midwest,2025-03-31 06:47:40.384667+00
4cc05ad3-2fcc-4447-9adb-8ec3c2a04553,9401404832,",Obstetrics & Gynecology,",South,2025-03-31 06:47:40.383555+00
4cc2a13b-bf93-4590-b930-84922eaa0485,6274211371,",Obstetrics & Gynecology,",Northwest,2025-03-31 06:47:40.382489+00
4cc74280-0e0a-4509-91da-42d3ac866d05,6303380496,",Anesthesiology,",Northeast,2025-03-31 06:47:40.396826+00
4ccc9985-5a91-497a-bb04-8a22818f94b9,3960725077,",Pulmonology,",Northeast,2025-03-31 06:47:40.401698+00
4ccde6ec-208d-4d24-81d0-4e880883a14a,3221266294,",Obstetrics & Gynecology,",Northeast,2025-03-31 06:47:40.382582+00
4cd41c85-2774-411a-a791-d7dabdfc4376,1137492262,",Pulmonology,",West,2025-03-31 06:47:40.401753+00
4cdd14cd-ea37-41fa-82a5-97990e877acc,5758736268,",Radiology,",Northeast,2025-03-31 06:47:40.394431+00
4cef6bbc-4e7e-4c48-ab7d-41a6f212e5e6,9094234010,",Pulmonology,",Northeast,2025-03-31 06:47:40.401532+00
4cefe341-8ea2-4fb7-894d-996258bbe18e,7898601967,",Radiology,",Northwest,2025-03-31 06:47:40.394499+00
4cf11987-8531-4792-a4de-814fe07e2f8e,9050536565,",Dermatology,",West,2025-03-31 06:47:40.393289+00
4cf34c99-500c-4d76-bef1-ae0eb88a5d2c,3687853082,",Radiology,",West,2025-03-31 06:47:40.395175+00
4cf4ed09-e1d4-4236-a820-bc74ccfbd9c3,6614945097,",Internal Medicine,",Midwest,2025-03-31 06:47:40.380983+00
4cf772f4-54b8-4e44-8b75-fce8f45d8e9e,6954815990,",Dermatology,",West,2025-03-31 06:47:40.393814+00
4d093dc7-d873-423d-b07d-01af43f4415b,9222834539,",Radiology,",West,2025-03-31 06:47:40.39555+00
4d16fa2d-3778-4f7d-8085-51f57f6ca36f,3335077543,",Obstetrics & Gynecology,",South,2025-03-31 06:47:40.382879+00
4d1b1f48-08ee-445e-a84d-390e8aa59ebb,9134037447,",Psychiatry,",Midwest,2025-03-31 06:47:40.384917+00
4d288b20-d370-424c-8e97-941726d29736,3948526790,",Radiology,",Northeast,2025-03-31 06:47:40.394455+00
4d296d0b-7b67-4fa7-b7dd-3513443638d3,9924031036,",Urology,",Midwest,2025-03-31 06:47:40.400339+00
4d37a6b8-ecd5-46d0-8cef-fc100aac0e3f,2201423785,",Internal Medicine,",West,2025-03-31 06:47:40.379554+00
4d3bb73e-fe21-4fcc-b2c3-6a67a19fe446,9131261832,",Radiology,",Northeast,2025-03-31 06:47:40.395002+00
4d3f530f-0f08-49b8-9500-4f0de172b617,7952773101,",Internal Medicine,",West,2025-03-31 06:47:40.37621+00
4d475173-28ad-4418-989c-f2e538875b6e,4210303860,",General Surgery,",Northeast,2025-03-31 06:47:40.387678+00
4d648985-176c-4828-8e1d-c6ad0f04dcb9,6457451483,",Psychiatry,",Midwest,2025-03-31 06:47:40.385289+00
4d70e377-8fa0-4545-afe4-a4c99e36c602,1945934602,",Psychiatry,",Northeast,2025-03-31 06:47:40.385877+00
4d7a9971-6282-4024-845c-cd8117a0dfe9,4269340630,",Oncology,",South,2025-03-31 06:47:40.402788+00
4d83f97d-ec79-42ac-8ca3-a5e0db77ffbb,8198628470,",Internal Medicine,",Northeast,2025-03-31 06:47:40.378935+00
4d85e5bd-fac4-4036-a929-8da56fefc33c,5403382034,",Obstetrics & Gynecology,",Northeast,2025-03-31 06:47:40.381829+00
4d944e74-4047-46ca-a285-05d7ac91317b,6979283426,",Internal Medicine,",Northwest,2025-03-31 06:47:40.377072+00
4d97f2ab-18aa-4d1a-9bf8-0caba2cc4cd5,5587667510,",Internal Medicine,",Northwest,2025-03-31 06:47:40.403839+00
4d9c196a-05d9-43d0-a9d5-ebd8398db80a,5852060811,",Obstetrics & Gynecology,",Northeast,2025-03-31 06:47:40.382285+00
4da0be4e-d96c-4605-ac0e-46a02b724853,1362751974,",Cardiology,",West,2025-03-31 06:47:40.390083+00
4da4add0-b752-4172-80e4-ea8238fd2a4d,7690876502,",Internal Medicine,",Midwest,2025-03-31 06:47:40.37983+00
4da53111-66d1-4dfa-b4c1-71c05553e68d,9919028687,",Cardiology,",West,2025-03-31 06:47:40.404709+00
4dad4413-5a53-4388-a75c-1ca774b611e7,1848279825,",Orthopedic Surgery,",West,2025-03-31 06:47:40.392463+00
4db440e4-1763-4858-9aeb-7898190b0787,2314376193,",General Surgery,",South,2025-03-31 06:47:40.387654+00
4db8aefe-e076-4ce6-8ecc-34a60891d6ba,5073499937,",Obstetrics & Gynecology,",Midwest,2025-03-31 06:47:40.382759+00
4dcc3389-056c-4395-842f-5f2dd1c519b1,7756952682,",Anesthesiology,",South,2025-03-31 06:47:40.396003+00
4dd90ec8-24c6-4f20-8d7f-8bc793f983f4,5632560625,",General Surgery,",West,2025-03-31 06:47:40.38699+00
4de2ae5a-84c9-4993-8a2d-442d15e0ff19,5356203406,",Neurology,",Northeast,2025-03-31 06:47:40.397954+00
4de3bbd9-e69a-427b-a1bc-9f746f901e6d,1115301818,",Internal Medicine,",South,2025-03-31 06:47:40.379649+00
4defab56-e5b8-467a-bb50-1c440454f65d,2778840868,",Orthopedic Surgery,",Northwest,2025-03-31 06:47:40.390949+00
4df5dec3-870e-4c13-899b-bcf4d3149314,8494073900,",Obstetrics & Gynecology,",Northeast,2025-03-31 06:47:40.38333+00
4df8d30d-03c5-4f6a-87fb-015e14ac4bd6,4211063357,",Cardiology,",Northwest,2025-03-31 06:47:40.390615+00
4dfa1ae6-7f0b-4c56-be5a-488fb1e8089f,2160194401,",Oncology,",Northwest,2025-03-31 06:47:40.40265+00
4e05245d-26bf-4f64-b9ec-48aac4dba916,7826577264,",Urology,",Midwest,2025-03-31 06:47:40.401027+00
4e119387-f8fe-4c29-913e-68865066dd3c,5794892619,",Orthopedic Surgery,",Midwest,2025-03-31 06:47:40.39174+00
4e2ab629-3e7b-4978-8512-527fd573bd11,2656767784,",Radiology,",Midwest,2025-03-31 06:47:40.39531+00
4e397d63-979c-4072-9416-87a6c3af3a85,7455926908,",Orthopedic Surgery,",Northwest,2025-03-31 06:47:40.391181+00
4e425f5a-39f2-4556-8aaf-20dd3faff6e0,4082427190,",Orthopedic Surgery,",West,2025-03-31 06:47:40.391856+00
4e4328ce-647f-4c90-b1e5-6472c921eb3f,4417166028,",Internal Medicine,",South,2025-03-31 06:47:40.377408+00
4e55cbe8-0e1f-4e26-91da-307d5e55f4e8,1914145083,",Orthopedic Surgery,",Midwest,2025-03-31 06:47:40.392048+00
4e5e2c77-ed79-4e4c-9d1f-bfef5d72b454,8479327214,",Obstetrics & Gynecology,",West,2025-03-31 06:47:40.382265+00
4e671162-16ef-4088-ac5b-7a8f46e51f02,3785739226,",Anesthesiology,",South,2025-03-31 06:47:40.396945+00
4e79499a-e92b-41c4-91b9-0eb0665c677a,1001787950,",Radiology,",Northeast,2025-03-31 06:47:40.394984+00
4e7d0fae-c6cf-44ad-a83f-65349c851265,6761327036,",Psychiatry,",Northwest,2025-03-31 06:47:40.384952+00
4e908046-0fc9-4e69-b4f0-35ed6d58bff3,9587591204,",Cardiology,",South,2025-03-31 06:47:40.388606+00
4e928980-bc4b-4f64-9d17-24b9c8f10c01,3650709794,",Neurology,",Midwest,2025-03-31 06:47:40.398172+00
4e9f9d45-36f9-49e2-b929-93dccd46d66c,8426796879,",Radiology,",West,2025-03-31 06:47:40.395358+00
4ea58535-4e09-453b-9cc3-fd9855d004df,6090246976,",Anesthesiology,",West,2025-03-31 06:47:40.39651+00
4ead15d0-dbad-4b00-a892-32c2c59af3f8,5478974112,",Neurology,",Midwest,2025-03-31 06:47:40.397912+00
4ead1e6a-a11a-4877-a87f-72ac0ab76f01,7256622869,",Obstetrics & Gynecology,",South,2025-03-31 06:47:40.381612+00
4eb6d56e-cbb5-41fb-baa8-edc4bf7d5834,1275497906,",General Surgery,",West,2025-03-31 06:47:40.387394+00
4ec7a46b-15dc-4745-b1c3-3e9a0f898d34,4102542131,",Internal Medicine,",Northwest,2025-03-31 06:47:40.377428+00
4ed3bbe0-6851-4d20-9770-c0f46d86e8f9,3430659422,",Psychiatry,",South,2025-03-31 06:47:40.404611+00
4edffb26-ff85-477c-97b1-ed89abe04f92,2241677412,",Urology,",West,2025-03-31 06:47:40.400951+00
4ee3193a-3da4-49dc-a44b-1facfd49f77d,2625926061,",General Surgery,",Northwest,2025-03-31 06:47:40.386196+00
4ee80f84-8cdf-4688-89bc-177747260d0f,8933019770,",Orthopedic Surgery,",West,2025-03-31 06:47:40.391426+00
4efeb0b5-e0a8-4689-b8f0-d0d787132429,9159454599,",Psychiatry,",West,2025-03-31 06:47:40.383912+00
4f08ae5d-b767-4601-b4a5-08948cc8df33,5611934080,",Internal Medicine,",Northeast,2025-03-31 06:47:40.378599+00
4f09befe-6f41-4253-a849-5fc288086d0f,8722190474,",Urology,",Northeast,2025-03-31 06:47:40.400327+00
4f0b40bd-e849-4af6-8316-03f81ce36c1f,6671131377,",Urology,",Northwest,2025-03-31 06:47:40.400849+00
4f1a9f5d-d211-415a-82ce-f10c580c99ff,9371971773,",Internal Medicine,",South,2025-03-31 06:47:40.376331+00
4f1aff31-e7f1-4a02-b6fc-12c01baf0f5f,8065900580,",Dermatology,",West,2025-03-31 06:47:40.393314+00
4f21de34-c60f-499b-b296-6e4e350f6ea4,5942180324,",Oncology,",South,2025-03-31 06:47:40.402869+00
4f23644e-303b-4187-9cd0-5316def2edd9,4063437783,",General Surgery,",Northeast,2025-03-31 06:47:40.388083+00
4f250ec6-02aa-4415-84f5-4d064deb780a,4218926139,",Pulmonology,",West,2025-03-31 06:47:40.401414+00
4f2626a2-122e-4559-9fe0-9922821b0ae5,2249451787,",Cardiology,",West,2025-03-31 06:47:40.390146+00
4f2f7329-e1f0-494a-8f14-e173bffa92c6,2381232714,",Nephrology,",West,2025-03-31 06:47:40.402118+00
4f3b6316-2251-40c1-8957-531799c91c99,3294214704,",Psychiatry,",Northeast,2025-03-31 06:47:40.386007+00
4f4325f4-a19d-4661-995d-bf5984641f97,6447158945,",Cardiology,",Northwest,2025-03-31 06:47:40.390216+00
4f456609-9a46-41bd-b5c3-5af106af2d60,3800960584,",Radiology,",Northeast,2025-03-31 06:47:40.394676+00
4f487c7a-6d41-4c14-bf1a-d5fd85f567f6,9339812601,",Obstetrics & Gynecology,",Northwest,2025-03-31 06:47:40.382239+00
4f4aef39-87e5-42ac-8093-ab9dbd2e8222,4422239375,",Orthopedic Surgery,",South,2025-03-31 06:47:40.391943+00
4f4b8e9f-b0f1-4d56-9048-29198f7c7188,2372189498,",Cardiology,",Northwest,2025-03-31 06:47:40.389561+00
4f58b886-50d1-4353-a348-a9a3a5f20f9b,8434652044,",Gastroenterology,",Midwest,2025-03-31 06:47:40.399179+00
4f63d68d-f528-40c4-a5ed-d3ba9cdeb777,3050344688,",Cardiology,",Midwest,2025-03-31 06:47:40.388893+00
4f691088-7576-408e-b639-4309aa7b9306,6532808048,",Internal Medicine,",Northeast,2025-03-31 06:47:40.381568+00
4f704a5e-3559-48e1-b505-65ea2f0eda00,6191734398,",Internal Medicine,",West,2025-03-31 06:47:40.379999+00
4f806af0-fb4b-4736-83d6-2c6069ab75b9,3763415887,",General Surgery,",South,2025-03-31 06:47:40.387385+00
4f80e113-a3e5-4d4b-b748-83a500238553,6789533533,",Nephrology,",Northwest,2025-03-31 06:47:40.402184+00
4f839911-49d1-420a-9e89-0c6119e04380,5458699590,",Neurology,",Northeast,2025-03-31 06:47:40.397778+00
4f860963-0a98-4e84-bc4f-f23ba4f820f4,3662896822,",General Surgery,",West,2025-03-31 06:47:40.386723+00
4f873d2d-916b-4474-9e5b-5517f489f310,9368951150,",Nephrology,",Midwest,2025-03-31 06:47:40.403338+00
4f96de26-bf86-434d-9a7d-26966e96a1a6,1495460990,",Neurology,",West,2025-03-31 06:47:40.398653+00
4f9a17e3-07b4-4fae-9f14-c66d09ae6b5b,8986256620,",Internal Medicine,",West,2025-03-31 06:47:40.380811+00
4f9b61f6-9278-4569-b45d-aa0053c2b0c1,4661941389,",Orthopedic Surgery,",South,2025-03-31 06:47:40.404387+00
4f9fb50c-e532-4208-a5a6-f61e4336643f,6293627385,",General Surgery,",West,2025-03-31 06:47:40.386122+00
4fabaef4-cff7-4783-b0c2-12a5a6119dd3,1186406600,",Psychiatry,",West,2025-03-31 06:47:40.385423+00
4fb134b2-260d-400c-b591-0c497f0f9295,2393269605,",Orthopedic Surgery,",Northwest,2025-03-31 06:47:40.392134+00
4fb3a5bc-fb8a-4eec-913c-39e7e0a47d5a,4914999614,",Radiology,",Northeast,2025-03-31 06:47:40.404158+00
4fbc276e-138d-45c3-b356-71afb86cda41,2293411167,",Nephrology,",West,2025-03-31 06:47:40.402069+00
4fdec206-8720-4733-af20-c9b26ddbf791,1971044285,",Internal Medicine,",West,2025-03-31 06:47:40.379708+00
4fe31c1e-e011-4650-8ddc-414d12ffb3e6,1195335609,",Neurology,",Northeast,2025-03-31 06:47:40.398227+00
4fe79e1b-ad5e-4b6a-9b56-d267e3e80c8e,5025209532,",Internal Medicine,",Midwest,2025-03-31 06:47:40.380339+00
4ff3da0f-608d-4bdc-ab66-59d474b309c6,4788774805,",Radiology,",Midwest,2025-03-31 06:47:40.394596+00
4ff6af53-4df1-4377-a043-3a2d34cdd278,1289733729,",Obstetrics & Gynecology,",South,2025-03-31 06:47:40.383661+00
5005f44f-f658-4932-95af-361c62ab4809,6381386095,",Psychiatry,",West,2025-03-31 06:47:40.385202+00
501fa191-813a-42db-bcdd-c078e5be1497,5519006801,",Orthopedic Surgery,",West,2025-03-31 06:47:40.391038+00
5027cc71-e055-49b6-981e-de9d0d026a3e,5787085415,",Internal Medicine,",Midwest,2025-03-31 06:47:40.378001+00
5036d111-2335-4fdf-bb84-15ceb35717c6,2826575860,",Internal Medicine,",Midwest,2025-03-31 06:47:40.380155+00
503aa4b3-a80e-4710-a0f7-8527fefa0739,7607267646,",Orthopedic Surgery,",Northwest,2025-03-31 06:47:40.391513+00
503e7cb0-fb38-4385-82e9-7e5a0bcda9f4,2562766654,",Cardiology,",Northwest,2025-03-31 06:47:40.389856+00
5042e616-4068-4566-b919-142297466200,9716568947,",Radiology,",South,2025-03-31 06:47:40.394892+00
504952ca-53a2-45b7-b486-1484e40f1ab0,2708695827,",Neurology,",Midwest,2025-03-31 06:47:40.403136+00
504e1a77-843c-468c-8cdd-585cef72c4ba,3088091978,",Dermatology,",Northeast,2025-03-31 06:47:40.393692+00
504f6277-b563-4621-bbf8-909ace366104,7221877958,",Pulmonology,",West,2025-03-31 06:47:40.401713+00
5051f719-bdf6-4a82-bf9b-7209092b60fa,3327774460,",Internal Medicine,",South,2025-03-31 06:47:40.381452+00
505d1ed1-4bc2-4e64-b938-61b6bf3fb17c,3052364900,",Pulmonology,",South,2025-03-31 06:47:40.401704+00
506158a3-a861-484d-80b0-bd4ae9223dac,1952038596,",Obstetrics & Gynecology,",West,2025-03-31 06:47:40.383214+00
50758820-110a-4531-b0a7-50a414c96c53,5753486110,",Cardiology,",West,2025-03-31 06:47:40.389601+00
507b3918-eae5-4fcc-bb89-a70394e50eb7,5382386070,",General Surgery,",Northeast,2025-03-31 06:47:40.387837+00
507c48dd-695c-4f67-9dd7-6170b73c1e2d,2126975893,",Internal Medicine,",Northwest,2025-03-31 06:47:40.378217+00
50871689-9f50-4398-a2af-6d5e53f8af9f,5029686621,",Gastroenterology,",Midwest,2025-03-31 06:47:40.399932+00
50878b95-83b4-4ed4-a554-a480311ba6e9,7097046567,",General Surgery,",Northeast,2025-03-31 06:47:40.388048+00
50a2e927-0f8e-425f-9f63-022ee9bc5dc7,2395096693,",Internal Medicine,",Midwest,2025-03-31 06:47:40.403246+00
50b2045e-9b62-4161-bad9-8939717c06dd,7766207239,",Internal Medicine,",West,2025-03-31 06:47:40.379134+00
50b83887-1395-49d4-ae64-6cb969e8f6f5,4361948986,",Internal Medicine,",West,2025-03-31 06:47:40.378115+00
50ca090b-e503-488f-9884-2f0949e0b66b,5632087724,",Internal Medicine,",Northeast,2025-03-31 06:47:40.378301+00
50cd0d4c-a394-49ff-9ed6-89843247e3b5,3246470251,",Dermatology,",Northeast,2025-03-31 06:47:40.392636+00
50d061b2-8c65-40f8-abfd-59d93e4e03a3,4237283348,",Cardiology,",West,2025-03-31 06:47:40.389052+00
50d7d34a-a3ac-4172-94c9-ab3d6471965f,2361821802,",Gastroenterology,",Northwest,2025-03-31 06:47:40.400084+00
50f309a4-4de2-4e40-b9e4-3551e1e5de40,5110507605,",Radiology,",Northwest,2025-03-31 06:47:40.395806+00
50f87d07-2366-40cd-ad79-3406c5b9ca69,8613999871,",Pulmonology,",Midwest,2025-03-31 06:47:40.401707+00
50fe0557-a0d7-4bb0-96a2-56fad8802a4a,9356839762,",Nephrology,",Northwest,2025-03-31 06:47:40.404197+00
510212cd-a85c-498e-9e3f-dbbec1a2d80a,3987310035,",Anesthesiology,",Northeast,2025-03-31 06:47:40.396999+00
51037ccd-00fa-4366-86fe-033bf9272bf1,7697713977,",Internal Medicine,",Midwest,2025-03-31 06:47:40.380524+00
51076835-c0a3-4a5a-957a-6e9973574c53,8318583193,",Dermatology,",Northeast,2025-03-31 06:47:40.393411+00
510c83e7-ca6a-4116-adf5-6647aec2366c,8215976144,",Pulmonology,",West,2025-03-31 06:47:40.40158+00
5129cbc8-b7e5-4968-8722-02460bd89865,3755275435,",Psychiatry,",Midwest,2025-03-31 06:47:40.385847+00
512b27ad-ffb8-4dda-b576-0ab085fc7841,6485679107,",Internal Medicine,",Midwest,2025-03-31 06:47:40.377847+00
512c1f2e-80a0-4e3a-8a2b-0cdf392fd96c,9852786935,",Orthopedic Surgery,",South,2025-03-31 06:47:40.390859+00
513e4ad5-2458-467f-89c4-4d9eb8d29004,8750106575,",Psychiatry,",Northeast,2025-03-31 06:47:40.384565+00
5141af99-a26e-4c71-83fd-d7e4494907bc,6530781773,",Urology,",South,2025-03-31 06:47:40.401036+00
5142bfc2-fa71-48f2-8a06-847f9b6c01ae,9763839720,",Cardiology,",Northeast,2025-03-31 06:47:40.389435+00
5145effd-d144-4a18-ad80-f7c3b32a801b,4845430565,",Orthopedic Surgery,",South,2025-03-31 06:47:40.392292+00
51536de0-6c17-43f6-8f09-19e1eb2f5238,8014883867,",Urology,",Northeast,2025-03-31 06:47:40.400831+00
515507cd-016b-42ec-8637-9e410fb6a212,9372300989,",Neurology,",Midwest,2025-03-31 06:47:40.398626+00
515fc74a-483c-4466-be20-1725f488fee3,2197815150,",Psychiatry,",Northeast,2025-03-31 06:47:40.404106+00
5160719c-623d-4dd7-b59c-b1f06204fc33,5078543414,",General Surgery,",Midwest,2025-03-31 06:47:40.386105+00
516615fa-e962-4609-87e5-275d23bb8877,6943710665,",General Surgery,",West,2025-03-31 06:47:40.388274+00
5168fa01-e429-4867-bea6-e0baa4881fb8,1863076986,",Oncology,",Northeast,2025-03-31 06:47:40.403073+00
516f91b5-4441-4731-bccf-f1cc1fbb3bb3,3159415283,",Anesthesiology,",Midwest,2025-03-31 06:47:40.39707+00
5174bd6d-0f6b-4bbd-b7d1-1c0aa4b0a7a4,5211685435,",Cardiology,",West,2025-03-31 06:47:40.38909+00
51785728-f768-4d92-ad61-0e1903ee3fcc,2549316786,",Orthopedic Surgery,",South,2025-03-31 06:47:40.392008+00
51794966-9e29-492e-b9ad-0976973fac72,5732031713,",Internal Medicine,",West,2025-03-31 06:47:40.376501+00
517cc00d-afe0-4ea7-9f40-7b3a54e2d30d,4096649888,",Internal Medicine,",Northwest,2025-03-31 06:47:40.377535+00
517e22c0-a124-44ca-8ca8-65457df5cb1c,9773355732,",Internal Medicine,",Midwest,2025-03-31 06:47:40.377787+00
517e4241-c2e2-4157-aa57-9a34c87ffb57,3810001614,",Internal Medicine,",Northwest,2025-03-31 06:47:40.377195+00
5189043f-051c-4366-8dde-9945ccc69fd7,2910451341,",Gastroenterology,",Northeast,2025-03-31 06:47:40.400217+00
5192cd13-f932-42fe-8dc5-12ad01d1439a,1750679849,",Gastroenterology,",Midwest,2025-03-31 06:47:40.399683+00
51978953-6236-43f9-8622-27b841489d1e,2709737140,",Dermatology,",West,2025-03-31 06:47:40.39294+00
519abb26-ea73-4e21-9133-ed73413b6692,5884442476,",Cardiology,",Northeast,2025-03-31 06:47:40.403684+00
519e98bf-bf2f-4c03-ad53-ca2052533ca3,2354968330,",Anesthesiology,",South,2025-03-31 06:47:40.397042+00
51a9dad6-7c42-4f7f-a65a-72c2bab4acf9,6063059936,",Cardiology,",Northwest,2025-03-31 06:47:40.38967+00
51aecf11-8470-4c24-a08b-c73ac5d788af,2210637886,",General Surgery,",West,2025-03-31 06:47:40.386712+00
51b4d117-fe67-4f98-84c7-3f0ea2c1d414,8996680641,",Oncology,",West,2025-03-31 06:47:40.402944+00
51b9004d-dd68-4589-9718-3b2f2294c751,9007131748,",Gastroenterology,",Northeast,2025-03-31 06:47:40.39964+00
51bab91f-5960-419e-ac26-f98220dffb53,8201624910,",Internal Medicine,",Northwest,2025-03-31 06:47:40.37912+00
51bc6faf-af0b-448f-9e8a-ccdc62345ce9,3593868228,",Pulmonology,",Northeast,2025-03-31 06:47:40.401383+00
51c16d99-192d-462c-8cc6-b4084429a51d,1176156557,",Urology,",West,2025-03-31 06:47:40.400653+00
51c51a84-a9a9-4f27-8722-c22b9c675f98,7213027950,",Gastroenterology,",Northeast,2025-03-31 06:47:40.399515+00
51c6ab4d-f94f-4c53-9f98-213d8126181d,9126228933,",Psychiatry,",West,2025-03-31 06:47:40.385033+00
51c9817f-6724-4291-a635-f673ef3d1ce1,2465435460,",Neurology,",West,2025-03-31 06:47:40.397744+00
51c9df9f-cd52-473a-ba51-a0b6619259f8,8543447496,",Radiology,",West,2025-03-31 06:47:40.395163+00
51d5a2cf-3c59-4fe5-9149-581abe984ef8,2152047417,",Orthopedic Surgery,",Northwest,2025-03-31 06:47:40.391903+00
51e3f5a1-e5c6-48bd-8e80-035227f5f89d,4380910069,",Psychiatry,",Midwest,2025-03-31 06:47:40.385006+00
51ece98d-b5a3-4333-96f6-a172f9cc92d0,3586334091,",Internal Medicine,",Midwest,2025-03-31 06:47:40.381422+00
51fe9b8a-8915-4c82-a019-fd0c398578c7,8862274087,",Internal Medicine,",West,2025-03-31 06:47:40.378778+00
521ab5ac-7b6b-4d43-bd7c-eaf32fe13403,2024700318,",Neurology,",Northeast,2025-03-31 06:47:40.398719+00
523139c8-4c24-42da-a683-571518744608,7581187371,",Urology,",West,2025-03-31 06:47:40.401019+00
523ab057-bbdb-4e5d-8521-2fe7b91f02ae,8214881726,",Cardiology,",West,2025-03-31 06:47:40.388873+00
523f943a-3e45-4818-a4bf-f92fcad5934c,4552842849,",Orthopedic Surgery,",Northeast,2025-03-31 06:47:40.404092+00
523fd2ef-e17c-4f54-89dd-95c811d9318b,4229243221,",Nephrology,",Midwest,2025-03-31 06:47:40.40251+00
52433f42-079a-40b9-8b67-0ec75e405443,8410213551,",Pulmonology,",Northwest,2025-03-31 06:47:40.401632+00
52488abe-193a-4a9c-99b2-98dbf9cd0a1b,1076685658,",Dermatology,",West,2025-03-31 06:47:40.392714+00
525019e4-38e8-406e-b6d8-40d85b8f4b12,9053009040,",Psychiatry,",South,2025-03-31 06:47:40.40371+00
5262a9f2-299b-49f6-825e-15f1149e4235,4712840820,",Internal Medicine,",Northwest,2025-03-31 06:47:40.379933+00
52699e99-b944-4b11-bbc9-87e87fdab6e9,7565584976,",Obstetrics & Gynecology,",Northwest,2025-03-31 06:47:40.38369+00
526d6268-55c9-4de9-a8cb-b12082af36bf,2829781664,",Internal Medicine,",Midwest,2025-03-31 06:47:40.381402+00
5277651d-7ee1-4852-ada8-756277c48ec4,5232002098,",General Surgery,",Northwest,2025-03-31 06:47:40.387828+00
527ebf3e-fb8f-4d45-a62a-168cce4be876,7764303717,",General Surgery,",Northeast,2025-03-31 06:47:40.387666+00
5290c055-926d-4888-a680-3c5d16baa9d4,1011675672,",Gastroenterology,",Northwest,2025-03-31 06:47:40.399892+00
5291cae4-0425-4a72-9a6d-6b46939235d2,8327357470,",Orthopedic Surgery,",Northwest,2025-03-31 06:47:40.392413+00
52937748-528d-4a23-945e-92ad56105ebb,2637367871,",Cardiology,",West,2025-03-31 06:47:40.390661+00
529af93d-9340-4bdd-82e4-fcb42fad17a7,7784606817,",Orthopedic Surgery,",Midwest,2025-03-31 06:47:40.391456+00
529b70e0-ba1e-4374-b620-a1552fff1ec2,4993472699,",General Surgery,",West,2025-03-31 06:47:40.403601+00
529d6e16-ca4e-4859-9db3-2a0898bfe7b9,1105593729,",General Surgery,",Northwest,2025-03-31 06:47:40.387501+00
52a1fb6f-9231-4151-a850-d600767cad34,5484337988,",Orthopedic Surgery,",Northwest,2025-03-31 06:47:40.391752+00
52ac6dc2-14dc-46bd-b115-d306ef323f1f,6307378800,",General Surgery,",Northwest,2025-03-31 06:47:40.386096+00
52d3a73c-9a93-4b3c-b0e2-2cbaf50a75da,5353654891,",Internal Medicine,",Northwest,2025-03-31 06:47:40.380501+00
52e3be5d-22e2-4cdf-9317-61442f5e1366,9619969582,",Internal Medicine,",Northwest,2025-03-31 06:47:40.379031+00
52eea8ee-a5c5-4eb9-bde9-3b3784c871be,8596269637,",Obstetrics & Gynecology,",Northeast,2025-03-31 06:47:40.403195+00
52f03051-a3d1-401d-99d3-f9975fd694e5,7286614164,",Psychiatry,",Northwest,2025-03-31 06:47:40.384407+00
52f654f1-42df-405a-b00a-4746ce5eefc3,9201295535,",Radiology,",Northeast,2025-03-31 06:47:40.395898+00
52f86af3-4708-45c5-b9d6-43224821f9bc,7661098900,",Psychiatry,",Midwest,2025-03-31 06:47:40.383955+00
52f872dc-110a-498f-93a5-ec32155a6da7,3886282402,",General Surgery,",West,2025-03-31 06:47:40.388271+00
52fa039f-087b-4349-b0bb-9209a0999fcf,8909300901,",General Surgery,",West,2025-03-31 06:47:40.387397+00
52fd91d9-2903-46cc-b754-1126ab337ce3,9371875141,",Gastroenterology,",South,2025-03-31 06:47:40.399801+00
52ff2496-61ec-45a3-8bff-3e9a30b2e801,8427481262,",Orthopedic Surgery,",West,2025-03-31 06:47:40.391021+00
53007fed-ea79-4ed0-bd02-8ed2a2409630,7022468889,",Radiology,",Midwest,2025-03-31 06:47:40.395181+00
530154fd-c5f0-4766-98da-429cc5c1deb2,5039313011,",Nephrology,",South,2025-03-31 06:47:40.402507+00
5305bf69-4219-4d3b-abf2-e1c6a2081066,4731252850,",Radiology,",West,2025-03-31 06:47:40.395728+00
5315ca02-21d7-45cb-bbec-d4413a4664c9,3970259184,",Anesthesiology,",Midwest,2025-03-31 06:47:40.396481+00
531a1b79-05e4-46fa-a49e-8d658f7fb975,9453468611,",Obstetrics & Gynecology,",Northwest,2025-03-31 06:47:40.382242+00
53210ed3-9386-4af5-ad16-50a82f2eb83e,7470655014,",Internal Medicine,",Midwest,2025-03-31 06:47:40.378511+00
5325a604-e27d-4c1a-b43b-25b8c8b97f1a,2263891211,",Gastroenterology,",South,2025-03-31 06:47:40.399107+00
53382dde-7dea-4dc4-952f-a3c60d13843e,2007635038,",General Surgery,",South,2025-03-31 06:47:40.386237+00
5341387f-11d4-4c64-9083-73c43cc11d84,9222724230,",Urology,",West,2025-03-31 06:47:40.400795+00
53444363-6e46-40d8-9b4e-9bec7c8746a4,4999620208,",Cardiology,",West,2025-03-31 06:47:40.389607+00
53465e5d-aacd-4ded-9adf-ee79aa8be12e,7695191341,",Orthopedic Surgery,",Northeast,2025-03-31 06:47:40.391906+00
534b97be-8731-48cd-9020-617e3d24a3be,3622399046,",Cardiology,",Northeast,2025-03-31 06:47:40.390014+00
534c83c7-cf39-4689-a22a-fd4373d5b6dc,8366213307,",Dermatology,",Midwest,2025-03-31 06:47:40.404109+00
535413e2-2fc6-47fe-83f4-9d4e639bfe24,4549364092,",Internal Medicine,",Northeast,2025-03-31 06:47:40.403705+00
53695875-f7d0-4c08-8663-7b24f43e442f,1087296391,",Cardiology,",Northwest,2025-03-31 06:47:40.3888+00
536bf26e-46b8-4630-82bd-007f02d14e39,2167999540,",Gastroenterology,",Northeast,2025-03-31 06:47:40.399294+00
536c109d-c64f-4177-b46a-1c35725fb341,2539612479,",Cardiology,",Northwest,2025-03-31 06:47:40.390621+00
53753582-674a-4d91-85b1-7b2dac876ec0,5850791091,",Anesthesiology,",Northwest,2025-03-31 06:47:40.396344+00
537e5d72-7460-4cea-8a9a-c213b0b3ae13,8762315268,",Anesthesiology,",Northeast,2025-03-31 06:47:40.396239+00
538582ca-0275-4234-8b12-249af15eadf4,6860212766,",General Surgery,",Northeast,2025-03-31 06:47:40.386167+00
539bfdd1-4ea9-474d-8caa-e13f186edcef,8223494545,",Urology,",South,2025-03-31 06:47:40.400453+00
53a3ccfd-a7ef-4ff3-b2d9-ae5ad5640140,8976212282,",Oncology,",Northeast,2025-03-31 06:47:40.402729+00
53a425ca-60bf-4678-9e62-4a05e840f7bd,4383746315,",Dermatology,",Northeast,2025-03-31 06:47:40.39317+00
53b8aa50-8506-4654-b9b4-69a3ad0d1d7a,3180120109,",Anesthesiology,",Northeast,2025-03-31 06:47:40.39688+00
53b933a2-ff94-44a1-a760-75413e4d1883,4715689727,",Internal Medicine,",South,2025-03-31 06:47:40.377833+00
53bac346-f53b-4beb-9a68-9f034a06069e,4417940561,",General Surgery,",Northwest,2025-03-31 06:47:40.386284+00
53c1c36f-798d-4134-8f54-0d350d885146,2746244541,",Internal Medicine,",South,2025-03-31 06:47:40.377798+00
53d19475-b134-4db5-92f5-c497e0fccb2c,7428874924,",Psychiatry,",Northwest,2025-03-31 06:47:40.384562+00
53d1ea4b-2cf6-437e-8df2-24447d647477,8364884355,",Urology,",Northeast,2025-03-31 06:47:40.400812+00
53dd1e64-04a3-450d-8f4c-bba233c8c822,5636293360,",Internal Medicine,",West,2025-03-31 06:47:40.380629+00
53e23805-53e4-4617-a2b2-128c8ed40454,5306050211,",Oncology,",South,2025-03-31 06:47:40.402709+00
53e35906-72e9-4d51-ae75-6cb23375c6d4,1005185412,",Internal Medicine,",Northwest,2025-03-31 06:47:40.37861+00
53e50307-51b3-49a8-bbe8-74b2ee94c116,8444621162,",General Surgery,",Northwest,2025-03-31 06:47:40.40459+00
53f2c1c1-5810-4b20-bb39-5b6aab06c668,8182521593,",Internal Medicine,",South,2025-03-31 06:47:40.404296+00
53feed01-7ad5-4861-a289-c8f0f2298bd2,4809181644,",General Surgery,",Midwest,2025-03-31 06:47:40.386163+00
5404d0cf-2d1f-4ec5-9876-60eb7caa9050,2560740847,",Oncology,",Midwest,2025-03-31 06:47:40.402908+00
540bf245-73c8-40f9-97fe-a0231db0ef61,7489387756,",Orthopedic Surgery,",Northwest,2025-03-31 06:47:40.392059+00
5410297e-bce6-4e7e-ad45-1f97b027acfb,5674264835,",Obstetrics & Gynecology,",South,2025-03-31 06:47:40.38291+00
54111305-71df-4801-b3c9-66ed2b26de12,5774313029,",Orthopedic Surgery,",Northwest,2025-03-31 06:47:40.390819+00
543571ff-cf30-4461-a0a7-d272c87f28e0,8567379213,",General Surgery,",Northwest,2025-03-31 06:47:40.386904+00
543b24a9-2222-4c10-b907-331d507af45f,5577720363,",Internal Medicine,",West,2025-03-31 06:47:40.377742+00
54538cd6-a6c9-439d-b773-a7c1661aa883,4494779858,",Internal Medicine,",West,2025-03-31 06:47:40.381056+00
5454140f-ee00-45bb-ae7f-5922f0f738ac,5118899075,",Anesthesiology,",Midwest,2025-03-31 06:47:40.396219+00
54545ebf-72e1-478b-af6f-d95fbe15d2bb,3734123283,",Psychiatry,",Northwest,2025-03-31 06:47:40.385408+00
5457a4c8-c866-44e9-90c7-75e65f605828,7735911320,",Neurology,",Northeast,2025-03-31 06:47:40.398474+00
5458d1cf-e174-4445-8923-f66e70680359,6391627751,",Internal Medicine,",South,2025-03-31 06:47:40.380594+00
5469b7c9-2532-41a0-befd-488d872e9d5d,8005616620,",Urology,",Northeast,2025-03-31 06:47:40.400708+00
546a0b60-a73f-48ec-b396-ef3e1d8a83ad,3676404866,",Dermatology,",Midwest,2025-03-31 06:47:40.404352+00
546e33a6-69c3-45b7-9d5d-3dcf3efe4d14,4929412506,",Dermatology,",West,2025-03-31 06:47:40.404299+00
54785b7d-7806-46f7-ae5e-e09a4086e2b9,6876730395,",Internal Medicine,",Midwest,2025-03-31 06:47:40.380152+00
54792678-8f2e-46ca-9461-4e6dfc231d26,4715700495,",Internal Medicine,",South,2025-03-31 06:47:40.376429+00
54795b63-eac3-4ba1-8d0a-eaf02c2f342e,3089774813,",Neurology,",West,2025-03-31 06:47:40.398253+00
547a39a6-ed22-460b-99f9-34972e42a41f,7400927627,",General Surgery,",South,2025-03-31 06:47:40.38695+00
54847e2e-bde7-4039-bb5c-2bc2fcd201df,4514041298,",Internal Medicine,",Northeast,2025-03-31 06:47:40.376237+00
548af7e9-6326-4956-b9b5-da64052f294d,2366044973,",Gastroenterology,",Northwest,2025-03-31 06:47:40.399938+00
54983db4-a164-4faf-992d-ba2577a3996d,7084145353,",Anesthesiology,",Northwest,2025-03-31 06:47:40.397331+00
54a6e0bb-e9a4-4710-8fb0-ab09664bca4f,1077330179,",Dermatology,",Midwest,2025-03-31 06:47:40.393533+00
54b4d46f-0904-4889-a757-a63fa034fb4c,6565639951,",Internal Medicine,",Midwest,2025-03-31 06:47:40.380322+00
54bc3cf8-77e8-4608-8fa7-952e9b2e418c,8524425035,",Gastroenterology,",Northeast,2025-03-31 06:47:40.399762+00
54becf2f-be1c-467a-a47d-a80eec76c0d6,5417338922,",General Surgery,",Northeast,2025-03-31 06:47:40.386673+00
54c09c83-5c50-46fe-893c-6c5ba2e2a5b7,9045252906,",Cardiology,",Midwest,2025-03-31 06:47:40.388712+00
54c29807-6de0-45b2-b38c-9dd8375caaaa,9849362717,",Internal Medicine,",West,2025-03-31 06:47:40.380888+00
54cf3ad2-ccf3-414f-b782-cd7922467a3a,9785613691,",Radiology,",Midwest,2025-03-31 06:47:40.395826+00
54d24070-9070-4ded-bab7-c7a24c1c7d96,8799326921,",Cardiology,",West,2025-03-31 06:47:40.404619+00
54d9afa0-bddf-4500-b907-57be753e9f92,3296695786,",Neurology,",Midwest,2025-03-31 06:47:40.398122+00
54db4e78-cd1c-4ec6-8ccb-d284c931b832,1302248286,",Nephrology,",Northeast,2025-03-31 06:47:40.402175+00
54de885a-f042-485b-8b39-da801becc51d,4259983036,",Radiology,",Northeast,2025-03-31 06:47:40.394302+00
54e41f06-4e3b-4502-bf48-65e704937823,4638912568,",Anesthesiology,",South,2025-03-31 06:47:40.397504+00
54ec063e-d358-4628-a868-87cc62fc67bd,8120738425,",Orthopedic Surgery,",Midwest,2025-03-31 06:47:40.391729+00
54eed41b-9293-4f6d-964e-0b9caeadeb47,1935678986,",Dermatology,",Northwest,2025-03-31 06:47:40.404647+00
54f056fc-0a2d-4dbb-b15c-5fdcdc15cd36,5862104011,",Dermatology,",Northeast,2025-03-31 06:47:40.393579+00
54fd33d9-854c-4d1e-a30a-c376b75dd193,9860470658,",Urology,",Midwest,2025-03-31 06:47:40.400636+00
55170aa5-09ce-4690-8c2d-88c19bc8e80c,1888818964,",Anesthesiology,",Northeast,2025-03-31 06:47:40.396711+00
551c0e24-a08f-4a24-8a53-3a1fe3828cef,4620791795,",Pulmonology,",Northeast,2025-03-31 06:47:40.401189+00
551cc723-5ccb-482f-a79a-6769d3714a1c,1742670892,",Cardiology,",South,2025-03-31 06:47:40.38877+00
551df5c0-2c4d-4dbf-9af5-9124116eefc3,8120519877,",Orthopedic Surgery,",Northeast,2025-03-31 06:47:40.391103+00
5523405c-a3ee-473b-bb5c-f61ba2730cd0,2073950934,",Cardiology,",South,2025-03-31 06:47:40.390319+00
552392ba-0d02-4afa-ae15-e3296bef570d,8672012517,",Oncology,",Northwest,2025-03-31 06:47:40.402888+00
5526855b-c655-42a9-91ec-f8f2687549c4,7603269805,",Urology,",West,2025-03-31 06:47:40.400318+00
5535131e-7d39-4c73-8f74-6b49d4a1de8c,1578012804,",Internal Medicine,",Northeast,2025-03-31 06:47:40.376882+00
55375cc9-0de5-4a76-9be4-1db2e155e3ac,7290717997,",Anesthesiology,",Northeast,2025-03-31 06:47:40.396087+00
55395a3d-085e-449f-927e-809ae0264239,8992681693,",Urology,",Midwest,2025-03-31 06:47:40.400321+00
5545d76b-53b6-4e75-a635-7c877fdada93,8485146898,",Obstetrics & Gynecology,",Northeast,2025-03-31 06:47:40.381717+00
554678f5-b9f0-4560-9634-2a178046ac28,6926498740,",Psychiatry,",Northeast,2025-03-31 06:47:40.385092+00
55468088-0b95-43ce-bff0-03d6c60e7aff,3853545939,",Dermatology,",West,2025-03-31 06:47:40.393267+00
554c553d-19a7-4e6f-bd16-66d3565a79eb,9173418640,",Obstetrics & Gynecology,",Northwest,2025-03-31 06:47:40.381964+00
554fc9cd-c607-4878-a80d-7400d61dbfd1,1632640842,",General Surgery,",Northeast,2025-03-31 06:47:40.386179+00
555617c8-f2a1-45f3-986c-2c3a41988897,7578932427,",Psychiatry,",South,2025-03-31 06:47:40.385185+00
55594732-c35c-4b5e-ac6e-4d84e430c96d,9668465143,",Orthopedic Surgery,",West,2025-03-31 06:47:40.391185+00
555b2fc2-f03b-42c6-a78a-9abeb3925b6c,6292234531,",Internal Medicine,",South,2025-03-31 06:47:40.381362+00
555bbe95-fafa-42ee-9421-6cad6e209a84,1931766314,",Orthopedic Surgery,",Northeast,2025-03-31 06:47:40.392227+00
556276a4-0cc1-43e1-af27-937cddcdc6a3,8756796989,",Dermatology,",West,2025-03-31 06:47:40.392858+00
55696bc5-078c-4ba3-8cbc-681bdb3ce5af,7142055036,",Radiology,",Midwest,2025-03-31 06:47:40.39513+00
55728cd0-c234-4a61-a160-5ca961ee95eb,1031654390,",Dermatology,",Northeast,2025-03-31 06:47:40.393475+00
557dd351-5847-410d-8eb9-a951e3424895,5780322855,",Obstetrics & Gynecology,",West,2025-03-31 06:47:40.383486+00
557ed6a2-b4ce-453f-9811-9906e77094ef,9083783151,",General Surgery,",South,2025-03-31 06:47:40.386219+00
557f5188-fce4-4f4e-bc16-9142828a093d,7186043029,",Cardiology,",South,2025-03-31 06:47:40.390368+00
55893226-e09d-46b0-a81f-d34d5dee63a0,6234892196,",Orthopedic Surgery,",West,2025-03-31 06:47:40.390981+00
5589ff2b-06f1-445e-a132-68f926df99c1,6373494784,",Obstetrics & Gynecology,",Northwest,2025-03-31 06:47:40.382154+00
5591b521-fd0f-44c4-ae21-21d058ea1035,8735172451,",Dermatology,",West,2025-03-31 06:47:40.393907+00
5596078a-97da-45de-af00-413ae1930f7b,3463183235,",Cardiology,",South,2025-03-31 06:47:40.389616+00
55971f62-e93d-4d28-8846-1a01ca878d76,1058203117,",Orthopedic Surgery,",South,2025-03-31 06:47:40.391052+00
559bcfac-56f6-4933-a657-8ab10dcfc495,8769376308,",Cardiology,",Northeast,2025-03-31 06:47:40.390519+00
55a1c90b-adfd-451a-b6ae-0a11f7a2024d,2461719208,",Cardiology,",Midwest,2025-03-31 06:47:40.388727+00
55b9afcf-cae0-45f5-8c21-3c76f313bff2,8181119210,",Orthopedic Surgery,",West,2025-03-31 06:47:40.39221+00
55c07d04-e719-48b3-a1ef-4b417da2dfcf,2632324713,",Neurology,",Northeast,2025-03-31 06:47:40.3986+00
55c42550-2134-4dab-8e8b-ecf3cb69f6ca,2207706613,",Orthopedic Surgery,",Midwest,2025-03-31 06:47:40.392126+00
55cd5060-b51d-4158-94e0-fa5345a070f0,5955805055,",Internal Medicine,",South,2025-03-31 06:47:40.380368+00
55d0009e-74fe-49e2-b2ab-10a57ba1fd08,2051151564,",Cardiology,",Northwest,2025-03-31 06:47:40.389387+00
55da47fa-9656-4f0c-bc98-9ae17b1c4639,5729910665,",Internal Medicine,",Midwest,2025-03-31 06:47:40.378537+00
55e45e8f-782b-4ed9-9df5-499f716e0c0d,7697002026,",Cardiology,",Northwest,2025-03-31 06:47:40.389634+00
55f4561a-f734-4eb3-b036-7bad15881f16,2263344317,",Psychiatry,",Northwest,2025-03-31 06:47:40.384039+00
5615616f-fe49-4bbd-8334-eb8085c8fce1,9124562590,",Obstetrics & Gynecology,",Northeast,2025-03-31 06:47:40.383234+00
5615ff8a-ccc1-477a-91d7-b960ea209a45,4497217225,",Psychiatry,",Midwest,2025-03-31 06:47:40.384585+00
56377965-805d-4e97-9555-2dc7c4c556cb,4163574591,",Anesthesiology,",South,2025-03-31 06:47:40.39602+00
56397d82-7396-419a-b2d0-3e4c39a17801,5822652929,",Urology,",West,2025-03-31 06:47:40.40044+00
563d492e-284c-492b-9c7d-cfc615988452,6079474654,",Internal Medicine,",South,2025-03-31 06:47:40.379833+00
5644fb09-0ccf-4084-bc64-381454a9589c,6077230991,",Orthopedic Surgery,",Midwest,2025-03-31 06:47:40.390753+00
56451096-fc77-4540-8aff-17ad3ac35c4c,5537659145,",Internal Medicine,",Northwest,2025-03-31 06:47:40.380866+00
5647de55-d92c-4812-ad08-d50f6f623b83,4483758227,",Orthopedic Surgery,",Northwest,2025-03-31 06:47:40.390889+00
56490453-c8d7-48ca-aea9-290e07a68737,1943783221,",Gastroenterology,",Northwest,2025-03-31 06:47:40.399397+00
56583887-2486-40ec-8c5a-a3eeccdbb272,4725821661,",Obstetrics & Gynecology,",Midwest,2025-03-31 06:47:40.381967+00
566414f2-17b7-4f5b-9eff-78c96fa2ca5d,5391621453,",Radiology,",West,2025-03-31 06:47:40.395745+00
566b4cf1-cbaa-4487-9357-5d4a6c40e957,7986433890,",Cardiology,",Midwest,2025-03-31 06:47:40.389587+00
566d2d36-fbdf-4e0b-8bd7-681024d13329,1143803233,",Dermatology,",Northeast,2025-03-31 06:47:40.393116+00
566e77e2-3d83-444e-959c-206c78c37c6d,6157617872,",Cardiology,",Midwest,2025-03-31 06:47:40.388976+00
568a1d4a-e1d4-4859-abca-cc7d9dd89403,6047202553,",General Surgery,",Northeast,2025-03-31 06:47:40.387275+00
568e23f4-5bdb-48e0-be3e-6ade6f9fda44,5752236934,",Psychiatry,",Northwest,2025-03-31 06:47:40.384497+00
5692342d-bb5a-4e7c-a907-54106101d02d,4796990730,",Psychiatry,",Northeast,2025-03-31 06:47:40.385874+00
56976959-d877-44f4-ac49-85cea21bdfe4,1216995762,",Pulmonology,",Northwest,2025-03-31 06:47:40.401738+00
5698ac35-183a-40e3-8688-973b90f7cb8f,4558251468,",Internal Medicine,",Midwest,2025-03-31 06:47:40.37866+00
5698d116-7cb5-42a4-ae7f-196e5b8d6391,9812156518,",Cardiology,",Northeast,2025-03-31 06:47:40.388643+00
56b46505-2f1f-402c-a993-def37935797f,4011804371,",Orthopedic Surgery,",Northeast,2025-03-31 06:47:40.392115+00
56b83a8d-6c9e-458d-a3e1-1a6202395576,3388539602,",Orthopedic Surgery,",Midwest,2025-03-31 06:47:40.404425+00
56bae522-a1cb-4028-abdb-0b7013554860,5584177692,",Obstetrics & Gynecology,",West,2025-03-31 06:47:40.383789+00
56bf31c7-7cd3-4f1a-bfbc-4707df9f6723,8792981656,",Orthopedic Surgery,",Midwest,2025-03-31 06:47:40.390987+00
56bff89d-5da5-46bf-98ea-8117aa071cdd,8732930686,",Neurology,",South,2025-03-31 06:47:40.398803+00
56c6d429-32c6-4007-8bdf-2f81f935e727,2786399092,",Orthopedic Surgery,",Midwest,2025-03-31 06:47:40.391607+00
56d4a605-b0c6-46e4-b2a7-8f818eec0df5,6653036492,",Psychiatry,",Northeast,2025-03-31 06:47:40.384261+00
56d7cb96-75ac-4363-8943-1cb9d55a3946,7919566826,",Urology,",Northeast,2025-03-31 06:47:40.401052+00
56dbbcbf-5c36-4c2a-9971-14b250a44f15,7297487119,",Neurology,",Northeast,2025-03-31 06:47:40.398503+00
56f56821-5c6e-46d0-a942-7ad37e6f9947,7045644527,",Obstetrics & Gynecology,",Northwest,2025-03-31 06:47:40.382352+00
56f7bacf-16cb-4c42-bcce-c2b8f8e88224,8611738819,",Obstetrics & Gynecology,",South,2025-03-31 06:47:40.383304+00
56f8603b-1f85-4ea7-a70a-bd3f84194176,5033864217,",Radiology,",Midwest,2025-03-31 06:47:40.395915+00
56fcfd86-d7d9-471d-8dad-e61d4de2d793,8753343238,",Anesthesiology,",Northeast,2025-03-31 06:47:40.397532+00
570ddcbd-9a4c-4742-ad48-a69a5363a9e8,7432735201,",Radiology,",Midwest,2025-03-31 06:47:40.395751+00
570f84f8-1a5f-4708-bf4b-f283e14b18bd,2879148093,",Dermatology,",Midwest,2025-03-31 06:47:40.394214+00
5714598f-85bb-4c5e-b64d-b2987b9c3d8b,7288299446,",Orthopedic Surgery,",West,2025-03-31 06:47:40.392157+00
5717660b-45cc-4ac6-9bc1-48421b55fbd6,8988664400,",Psychiatry,",Northeast,2025-03-31 06:47:40.38525+00
57178d2a-8724-4952-bd75-1732bade6bdc,2518944242,",Urology,",Northwest,2025-03-31 06:47:40.400906+00
5718ba95-2255-4242-86c1-aebb0320e1f9,3337126108,",Cardiology,",Northwest,2025-03-31 06:47:40.390236+00
571f93a9-7b90-4502-a557-7dc7a0eb9d39,2313042822,",Internal Medicine,",South,2025-03-31 06:47:40.377497+00
5722ccce-ebda-4c2a-b99e-ffb2afaf8fe9,8644078570,",Neurology,",Northeast,2025-03-31 06:47:40.398194+00
572637dc-b907-4b25-8ddc-76667d59ae07,4702775487,",Obstetrics & Gynecology,",Northwest,2025-03-31 06:47:40.381768+00
5738369e-7c1a-4d36-a092-87cb81eae13d,2960085742,",Gastroenterology,",South,2025-03-31 06:47:40.399652+00
57434056-3158-4cc0-b2ba-ce79e7028a46,3573578126,",General Surgery,",South,2025-03-31 06:47:40.388147+00
5743d391-612f-41e6-9773-1a270cb582dc,7472708864,",General Surgery,",West,2025-03-31 06:47:40.386691+00
57446257-7943-468c-a337-3472c6c8e594,2174093006,",Orthopedic Surgery,",Midwest,2025-03-31 06:47:40.391665+00
5745c7c4-f72e-48b1-81e2-bdd1ee508ff0,7810716109,",Obstetrics & Gynecology,",Midwest,2025-03-31 06:47:40.404683+00
574a289c-4dfd-4692-8d14-20d87ae38a7e,9418551085,",Psychiatry,",West,2025-03-31 06:47:40.384188+00
574e9c50-4d3a-44b3-bbc0-01366366e3fc,7741449139,",Obstetrics & Gynecology,",Northeast,2025-03-31 06:47:40.383726+00
5751dee9-6afa-49fb-b2a4-343ab759445d,7455461147,",General Surgery,",West,2025-03-31 06:47:40.386111+00
5752e006-a189-4a3e-8d80-0e5c6405c910,4032256613,",Neurology,",Northwest,2025-03-31 06:47:40.39909+00
5756bccb-937d-4d36-82ea-aeaf769362a3,3675937244,",Gastroenterology,",South,2025-03-31 06:47:40.399457+00
5760f86d-8d0c-4629-9bd2-f9fa694ff020,9427513323,",Obstetrics & Gynecology,",Midwest,2025-03-31 06:47:40.38184+00
57722b50-0315-4fc9-8b9a-e79d5f99fea2,2994269034,",Oncology,",South,2025-03-31 06:47:40.402741+00
5774ebf2-fa0f-40b2-a979-e3b867d4dd4c,1147617239,",Internal Medicine,",Northwest,2025-03-31 06:47:40.380405+00
57785bd7-b9c5-436f-ba0b-5e077b1ee9b9,4387345874,",Cardiology,",South,2025-03-31 06:47:40.403986+00
577f449e-60be-4258-8b12-5e17313976f1,5224144732,",Urology,",South,2025-03-31 06:47:40.400489+00
57860714-97c5-4fba-af1b-2134fcfedbb6,9794197481,",General Surgery,",Northwest,2025-03-31 06:47:40.387771+00
57956a6f-47ba-4b5f-830b-8aae92d240af,2332136758,",Internal Medicine,",Northwest,2025-03-31 06:47:40.3801+00
57998719-77ca-45a2-b087-6eb97686d3f7,8650926113,",Psychiatry,",South,2025-03-31 06:47:40.384825+00
579cb578-d5e7-4725-a1ba-a0da93878e82,7109889332,",Cardiology,",South,2025-03-31 06:47:40.390524+00
579e1fdb-d30c-422f-b569-6b08caebb79e,1260652596,",Anesthesiology,",Northwest,2025-03-31 06:47:40.397507+00
57a058d5-86e3-4dff-bd74-ac155499ec61,9115225974,",Obstetrics & Gynecology,",West,2025-03-31 06:47:40.382981+00
57a0ff03-6b8a-419d-80c5-475021384c46,1330782432,",Neurology,",Midwest,2025-03-31 06:47:40.398033+00
57a90d04-2bb6-4cd5-9632-34a4b1a8297c,7014598497,",General Surgery,",Northwest,2025-03-31 06:47:40.387929+00
57aaea59-16ea-4583-9109-b8b23ea94e84,7526060508,",Anesthesiology,",Northeast,2025-03-31 06:47:40.39749+00
57b6e329-f682-4e33-8721-9a3528a6be6e,4638930525,",Dermatology,",Northwest,2025-03-31 06:47:40.393541+00
57b88312-217d-4a9a-91ad-67f816c558b0,4096929463,",Pulmonology,",Northeast,2025-03-31 06:47:40.403943+00
57ba184e-94fb-4456-b142-d74d8544e7dd,1010483590,",Pulmonology,",Northwest,2025-03-31 06:47:40.401943+00
57baa472-4754-4a3a-897d-49178f1d18dd,3916253772,",Dermatology,",West,2025-03-31 06:47:40.393159+00
57bf6c2c-d008-4151-b864-f5db8017ec61,9257471205,",Radiology,",Midwest,2025-03-31 06:47:40.395246+00
57cda839-3045-4e60-b5b4-816fcdf13649,5917407096,",Dermatology,",West,2025-03-31 06:47:40.393153+00
57dd2872-9a2b-4f3c-992b-365af7c4af8c,8386534826,",Internal Medicine,",South,2025-03-31 06:47:40.378786+00
57dd4ef6-9b2a-47d4-952e-afbc3619fab1,2968900621,",Anesthesiology,",South,2025-03-31 06:47:40.396708+00
57ec6eef-3efb-4e19-88c5-8757d06e0621,3217381330,",Cardiology,",Northeast,2025-03-31 06:47:40.388852+00
57fc2f24-1d97-4816-a0a3-82a48ca4f098,7849472712,",Oncology,",West,2025-03-31 06:47:40.402681+00
57ffc57e-9286-410a-b584-9b610a1ab523,2143184596,",Urology,",Northeast,2025-03-31 06:47:40.400594+00
58125547-179b-45fd-99c5-811fbcc708dd,9075591972,",Psychiatry,",Midwest,2025-03-31 06:47:40.3847+00
58338512-ab39-4397-98e8-14eb4c077097,1263231240,",Psychiatry,",South,2025-03-31 06:47:40.385326+00
583add45-d9dc-4f78-b69e-4333422f9cba,7197981591,",Neurology,",West,2025-03-31 06:47:40.398676+00
5843a849-17f1-41d3-aa9b-756fe694fed9,9617953752,",Orthopedic Surgery,",Northwest,2025-03-31 06:47:40.390827+00
585164d8-a462-459c-a8dd-447cfb1c11eb,6071357937,",Psychiatry,",West,2025-03-31 06:47:40.385666+00
5854ed36-6140-49c7-a85a-a7736ccb83ad,6529316393,",Internal Medicine,",South,2025-03-31 06:47:40.378956+00
5864330b-daef-4b8e-b809-a7fdc7bbb2c2,1977830234,",General Surgery,",Midwest,2025-03-31 06:47:40.387364+00
5866b342-cbb5-4f72-9dc1-601c5879f2f8,6481159074,",Neurology,",Midwest,2025-03-31 06:47:40.398314+00
58766e2a-c8c0-4a95-90b6-5c8d6f0b5ffa,8134021229,",General Surgery,",Northwest,2025-03-31 06:47:40.387443+00
587b3462-fc83-40e5-a554-e90ed89f9a4c,4622718054,",Anesthesiology,",West,2025-03-31 06:47:40.397564+00
587b4121-e775-47e4-a43a-7b00b1451bd3,9843600676,",Radiology,",Northwest,2025-03-31 06:47:40.404468+00
588074b2-ff0d-4597-9a96-3c57d50d2540,9024956487,",Orthopedic Surgery,",West,2025-03-31 06:47:40.390782+00
5888a00d-37e4-4e3c-85a2-dcbb6a61e588,5362396867,",Cardiology,",Northwest,2025-03-31 06:47:40.389549+00
5892d572-bd59-4387-9340-47a696bde123,8419616119,",General Surgery,",Midwest,2025-03-31 06:47:40.387979+00
58978ff5-f3cb-4d7b-8f1b-09d9fa08ffa6,9107660665,",Radiology,",West,2025-03-31 06:47:40.394252+00
589aac72-5ffc-46fd-bcde-8e7ce8863de8,8204494491,",Internal Medicine,",South,2025-03-31 06:47:40.380415+00
58a050f6-0488-4d45-b596-2e8315c3f0c1,6196845728,",Psychiatry,",Midwest,2025-03-31 06:47:40.384427+00
58adbdaa-0793-49b1-840a-ea0fdf136d9e,3163721712,",Internal Medicine,",West,2025-03-31 06:47:40.378085+00
58afd656-3b3c-47e9-b9ae-971305e0baf8,6933799683,",Internal Medicine,",Northwest,2025-03-31 06:47:40.37626+00
58b9c790-2a0e-45d6-8dff-311abb2b1280,9301328627,",Anesthesiology,",Midwest,2025-03-31 06:47:40.396176+00
58bb8a40-1a0b-4a21-a6d6-884c118a6583,6293867361,",Neurology,",West,2025-03-31 06:47:40.398921+00
58c5f94e-448d-408f-ad32-f16d002842af,5178229051,",Radiology,",Northwest,2025-03-31 06:47:40.395172+00
58d2b2ba-2fe9-4a01-a99e-b7ae7d66c25b,7880903123,",Psychiatry,",Northwest,2025-03-31 06:47:40.38398+00
58d5077e-bd5c-49bb-b8bc-a5c5b40f32b4,1432549348,",Nephrology,",Northwest,2025-03-31 06:47:40.402373+00
58dfd348-c5be-4b08-8812-a6458e170fe9,5237428892,",Psychiatry,",Northeast,2025-03-31 06:47:40.385259+00
58e698d2-ac04-48e9-9a9e-972ee9c8a1b8,7344903745,",Dermatology,",Northwest,2025-03-31 06:47:40.393179+00
58eaf82d-8109-4aa6-91a2-4d63d1643a99,5732957224,",Internal Medicine,",West,2025-03-31 06:47:40.380638+00
58eed82b-e49e-490f-baa0-101e5e25666c,7959722326,",Obstetrics & Gynecology,",Northeast,2025-03-31 06:47:40.383155+00
58f1b484-02b5-418b-91b9-8aceadd097dd,2684104567,",Anesthesiology,",Midwest,2025-03-31 06:47:40.396391+00
58f940dc-ecc3-4158-a17b-e1f37c93b1ea,8591027373,",Orthopedic Surgery,",Northwest,2025-03-31 06:47:40.391157+00
58fa7214-db49-493a-844f-f46b2c3d062c,3194150990,",Dermatology,",South,2025-03-31 06:47:40.392647+00
58ffb3e0-a29e-4104-a43e-e1f0ee693c32,7039492518,",Internal Medicine,",Northwest,2025-03-31 06:47:40.380885+00
5901557c-0c05-4eb5-9697-120f8d8cc466,5910538938,",Psychiatry,",Midwest,2025-03-31 06:47:40.384593+00
5901a6e3-e0b4-4948-a702-ed01912468f6,9828801599,",Obstetrics & Gynecology,",West,2025-03-31 06:47:40.381865+00
590353bd-b3e0-4640-9099-898803b7eeac,9699132534,",Radiology,",South,2025-03-31 06:47:40.395146+00
59041e5b-2670-436c-a2d8-3c06f3e8f843,7534242021,",Nephrology,",Midwest,2025-03-31 06:47:40.403926+00
590441cd-c754-4ff9-b240-9d3f4024a12a,9934831874,",Internal Medicine,",South,2025-03-31 06:47:40.381139+00
59069bab-2a22-4ec4-b30e-300732b4d07f,3071838879,",Radiology,",Northwest,2025-03-31 06:47:40.394625+00
590d5142-cc5b-4351-a59e-073f9cba6291,1958153153,",Anesthesiology,",Northwest,2025-03-31 06:47:40.396433+00
590ec3d9-57d2-4c44-92a4-8282b6be15a4,3274611172,",Psychiatry,",South,2025-03-31 06:47:40.385807+00
591342c6-3762-452d-977c-e2fbb894fb20,1400438999,",Cardiology,",South,2025-03-31 06:47:40.388695+00
5916da2d-ad2e-48c4-b5a6-622304ecdeb7,9085740905,",General Surgery,",South,2025-03-31 06:47:40.386858+00
592373d0-c4f7-4bee-b662-ee2205bc5b6e,2967143136,",Internal Medicine,",West,2025-03-31 06:47:40.379959+00
5929307b-52d7-44ea-ae0a-5b6e2595ce87,3177383022,",Internal Medicine,",West,2025-03-31 06:47:40.404598+00
592b0e37-be43-4a57-a417-ca2ee04ca9e7,1980386833,",Internal Medicine,",Midwest,2025-03-31 06:47:40.380205+00
592d7329-6574-4a82-a2f5-5602f0e1cc6e,1154941132,",Orthopedic Surgery,",West,2025-03-31 06:47:40.39138+00
5932e954-ebe4-4e9a-8530-7aaef3f008e6,1077334113,",Internal Medicine,",Northwest,2025-03-31 06:47:40.379678+00
5935e92a-263a-44d0-a889-7513f5dae5b1,2752494065,",Psychiatry,",Midwest,2025-03-31 06:47:40.385297+00
593853b9-f1a7-4ac6-b318-42ddba96caf8,9914800093,",Orthopedic Surgery,",West,2025-03-31 06:47:40.391693+00
5949d7b5-565d-4e83-a81c-c78ade8eeebf,4095876030,",Internal Medicine,",Midwest,2025-03-31 06:47:40.381528+00
594aa0c8-0053-4e29-9b6b-f013ab7f15fa,5409144497,",Obstetrics & Gynecology,",West,2025-03-31 06:47:40.404124+00
594edc5a-346c-46b8-bab6-38aab90600df,4318033243,",Cardiology,",Northwest,2025-03-31 06:47:40.403082+00
59545cc5-a1a6-4b38-8852-bbc1962b067e,3346473378,",Cardiology,",Northwest,2025-03-31 06:47:40.389254+00
595f1e74-1abb-4ffa-adcd-71fefb7dfcc0,8064955399,",Radiology,",South,2025-03-31 06:47:40.395907+00
5963003c-e1a2-4ccf-983e-2d685654fd5d,3717582347,",Cardiology,",Northeast,2025-03-31 06:47:40.390556+00
596438d5-8a97-4ff2-8f0d-42f9d5a8367c,9247544160,",Neurology,",South,2025-03-31 06:47:40.399001+00
5966eef3-7f10-46e3-a3cd-cb821f02b0d4,7074922345,",Psychiatry,",Northeast,2025-03-31 06:47:40.384342+00
59688c42-66fb-44aa-8597-43999e39a431,1144613537,",Cardiology,",South,2025-03-31 06:47:40.403853+00
5970b981-1e39-446d-81ac-0110954408fc,5729394226,",Cardiology,",South,2025-03-31 06:47:40.389827+00
59726470-3427-4e8f-b532-8f99acc74cb9,2372261439,",Obstetrics & Gynecology,",Northwest,2025-03-31 06:47:40.383107+00
5975cafe-6848-4595-818d-d51ea681d3fd,2669446615,",Orthopedic Surgery,",Midwest,2025-03-31 06:47:40.392154+00
59786222-098a-4085-9ce5-854c9549fc70,1212280102,",Obstetrics & Gynecology,",South,2025-03-31 06:47:40.382765+00
597f3b77-bc87-44a1-a011-11dc5d6af102,8915212007,",Orthopedic Surgery,",South,2025-03-31 06:47:40.391044+00
5983ed36-374c-4751-80dc-19f80ce0db75,2191665650,",General Surgery,",Northeast,2025-03-31 06:47:40.387695+00
59887aa4-adc8-4797-84fa-ff363e540a7d,4113338227,",Orthopedic Surgery,",Northwest,2025-03-31 06:47:40.392236+00
5995d403-96b0-40ef-833d-d7dc36b2da88,5625528389,",Cardiology,",Northeast,2025-03-31 06:47:40.390653+00
59a7a118-fc47-4864-8774-d7bc5ca84d94,5864480764,",Radiology,",Northwest,2025-03-31 06:47:40.394505+00
59aa3ce0-4b40-4ced-ac80-72b3724ee6a5,5280314088,",Nephrology,",Northwest,2025-03-31 06:47:40.402315+00
59c6ad40-b80f-4b3e-ad5d-7f166cc265a7,8238227400,",Internal Medicine,",Northwest,2025-03-31 06:47:40.377172+00
59cdd003-3424-4ded-9fe1-9235255d1d6e,9732296953,",Internal Medicine,",Northeast,2025-03-31 06:47:40.380702+00
59d88479-4e42-4868-9edf-b99f0925ad37,1805341148,",General Surgery,",Midwest,2025-03-31 06:47:40.38712+00
59da6a2a-45a0-4964-af8e-4519ec1e73ee,4345099475,",Internal Medicine,",Midwest,2025-03-31 06:47:40.404284+00
59ddcfe9-915d-44a2-b46a-30a143df13f1,9113922494,",Radiology,",South,2025-03-31 06:47:40.39437+00
59e219a6-a980-4549-8263-03938bff385e,1142251813,",Neurology,",Northwest,2025-03-31 06:47:40.398611+00
59e5ffde-752d-4d99-86a5-04bcb055f17d,2459204787,",Gastroenterology,",Midwest,2025-03-31 06:47:40.399728+00
59ecbab3-fe3c-40d5-9df4-4553685d63ff,6981029805,",Cardiology,",West,2025-03-31 06:47:40.389062+00
59edf3ec-50e9-41d3-a7d5-2e73d1226f22,2928325698,",Obstetrics & Gynecology,",Midwest,2025-03-31 06:47:40.383319+00
59f27099-0dfb-432c-8925-997eaa31a470,8772041834,",Internal Medicine,",Midwest,2025-03-31 06:47:40.380418+00
59f35467-fd84-4d8f-b532-097f3dabfb75,4817708952,",Pulmonology,",West,2025-03-31 06:47:40.401309+00
59fd8e47-8c59-4d67-8c5a-a00d3c982f41,2980867531,",Internal Medicine,",Midwest,2025-03-31 06:47:40.403623+00
59feff5b-d0e2-4279-831d-a6e632a14844,1707448400,",Radiology,",Northwest,2025-03-31 06:47:40.394447+00
59ff521f-c207-4890-83ee-e10df0b090e3,1254636985,",Internal Medicine,",South,2025-03-31 06:47:40.381554+00
5a00de00-51f4-4761-bd5b-584d2888b64c,1714264944,",Radiology,",Northwest,2025-03-31 06:47:40.395631+00
5a0678e9-5720-4730-a5e6-a1f85955c8bc,8112951912,",Internal Medicine,",West,2025-03-31 06:47:40.380788+00
5a0da0d9-7d3f-4d17-85ff-cfae2bd6defe,8458467240,",Pulmonology,",South,2025-03-31 06:47:40.401855+00
5a0fe9be-9d14-4cb4-abfc-0b2a92f150c1,9603819886,",Urology,",South,2025-03-31 06:47:40.400648+00
5a46c622-1325-4525-9b69-44814e7b5a32,1172013882,",Psychiatry,",Northeast,2025-03-31 06:47:40.384241+00
5a499a81-f81e-4183-830b-0656aa75576d,1531898944,",Internal Medicine,",Northwest,2025-03-31 06:47:40.381274+00
5a558ea6-cf20-447b-8a76-23cb978cf72c,6823128871,",Obstetrics & Gynecology,",Northwest,2025-03-31 06:47:40.383217+00
5a5b7b82-b2c5-439e-8d2f-2307feb85fad,4847730548,",Dermatology,",West,2025-03-31 06:47:40.393402+00
5a5bcb40-88e5-4474-8492-c1635736ed55,2552849147,",Nephrology,",West,2025-03-31 06:47:40.402043+00
5a618943-6faf-4e09-a8d8-0a406d24162a,4286298041,",Radiology,",West,2025-03-31 06:47:40.395892+00
5a68da37-86ef-4a20-9021-ca38329be687,3107691941,",Radiology,",Midwest,2025-03-31 06:47:40.395116+00
5a71d16f-192f-40c9-bb4f-607cecd9ee1a,4114469844,",Radiology,",Midwest,2025-03-31 06:47:40.395313+00
5a7229e8-5403-4f28-be6a-d8bc01937cf1,3119214118,",Orthopedic Surgery,",West,2025-03-31 06:47:40.390912+00
5a7ba043-6f9b-4a81-8c1b-08c2e2f4c7d7,9207418808,",Cardiology,",South,2025-03-31 06:47:40.39047+00
5a80a4ea-760c-4df5-8a8b-13c0bbc4753e,9786762153,",General Surgery,",Midwest,2025-03-31 06:47:40.3878+00
5a853ddc-373a-4c39-9f99-343756e6371f,3682864412,",Orthopedic Surgery,",West,2025-03-31 06:47:40.404671+00
5a90deb3-8531-4e39-9e9d-8086b00dc88e,9181232944,",Gastroenterology,",Northeast,2025-03-31 06:47:40.399798+00
5a92c93c-e4d0-4ea2-99e3-4ebdac99ac27,5563483717,",Obstetrics & Gynecology,",Midwest,2025-03-31 06:47:40.381727+00
5a93c757-65a1-40b0-bbec-1c771cf53a58,6180353688,",Urology,",West,2025-03-31 06:47:40.401084+00
5a954ff9-0349-4b26-b83f-4ddf9d612aed,9317359839,",Neurology,",Midwest,2025-03-31 06:47:40.398189+00
5a9c52f6-c9a4-49b0-b438-a3a86ba3d0d5,4975242734,",Cardiology,",South,2025-03-31 06:47:40.389458+00
5aa02cd3-56b4-4630-893f-09648e513b25,7080024308,",Cardiology,",Midwest,2025-03-31 06:47:40.389059+00
5aa6d8f7-7b53-4155-bce4-407072a386c2,8803438370,",Psychiatry,",Northeast,2025-03-31 06:47:40.38441+00
5abc72a5-7be7-42cb-a162-ac853c8c5ea5,6635084724,",Anesthesiology,",Northwest,2025-03-31 06:47:40.397584+00
5ac97bb8-e5c9-4ad5-9c78-90bfcffc30fe,3230637174,",Obstetrics & Gynecology,",Northeast,2025-03-31 06:47:40.382942+00
5ad071db-0aad-470c-97b0-2ab27499f0dc,1804728938,",General Surgery,",South,2025-03-31 06:47:40.386869+00
5ad48dc5-bfa9-4799-acec-59686e0f9819,6382470791,",Anesthesiology,",South,2025-03-31 06:47:40.397314+00
5ad76118-5da4-4bf8-b791-76f65be9a98b,7763635013,",General Surgery,",Northwest,2025-03-31 06:47:40.386382+00
5ad90fcc-9f27-47c5-966b-bf661b223b10,5648011530,",Obstetrics & Gynecology,",South,2025-03-31 06:47:40.381885+00
5ada569d-7902-4ced-8532-e9d5b36eb1ef,5197171779,",Gastroenterology,",Northwest,2025-03-31 06:47:40.39917+00
5adb370d-e4bb-44c4-946a-cebbea52bcb6,4778902256,",Orthopedic Surgery,",West,2025-03-31 06:47:40.404532+00
5aec0814-7296-4ae7-9feb-a504869dc198,6413792258,",Neurology,",Northeast,2025-03-31 06:47:40.399084+00
5aedf0a1-7404-4f24-b922-0f272a970661,1110804726,",Psychiatry,",Northwest,2025-03-31 06:47:40.385989+00
5aeed618-479e-4586-adc4-b396b30e1a86,2617990428,",Anesthesiology,",Midwest,2025-03-31 06:47:40.396394+00
5af26507-9990-4a14-91ec-f8f4aac74997,7025043923,",Cardiology,",Northwest,2025-03-31 06:47:40.390054+00
5af43467-6964-489e-b2cb-3bee22bb5c19,3882425604,",Cardiology,",West,2025-03-31 06:47:40.389709+00
5af545f6-e7e8-4d36-a2ae-46a3eddcb0c1,3799657614,",Dermatology,",West,2025-03-31 06:47:40.392768+00
5b07df92-4c13-48a9-8c63-118c087e0482,5984293531,",Anesthesiology,",South,2025-03-31 06:47:40.397672+00
5b0804f4-d8f8-4a80-8c26-15ae59bb2246,5624513334,",Anesthesiology,",Midwest,2025-03-31 06:47:40.397242+00
5b09a6f4-271d-4a63-9a92-a7de0bd8ab3b,1251677491,",Internal Medicine,",West,2025-03-31 06:47:40.38139+00
5b137292-bbd8-452d-9849-063b5119094f,1877771609,",Gastroenterology,",West,2025-03-31 06:47:40.403278+00
5b1ca8b5-2a3f-4ad9-84d6-0bf2c69b3b18,8204940447,",Psychiatry,",West,2025-03-31 06:47:40.384293+00
5b1ed7e8-ff06-41ed-aadf-6ce0c83f313f,6456678307,",Psychiatry,",Midwest,2025-03-31 06:47:40.385686+00
5b28dcd5-a5a6-4685-bccb-0b20dad61844,8614472242,",General Surgery,",Northwest,2025-03-31 06:47:40.386452+00
5b2c656c-4399-4a68-bef2-6c3241196bc5,5716276373,",Gastroenterology,",South,2025-03-31 06:47:40.399941+00
5b2d8337-ad1d-4001-a0f3-5413ae226edd,2726846982,",Internal Medicine,",Midwest,2025-03-31 06:47:40.380019+00
5b2f3f98-d8bb-462b-8d9a-62426c5cd390,5758324650,",Radiology,",West,2025-03-31 06:47:40.395515+00
5b311060-2c19-42a3-acde-452d9a2bb72e,6821910354,",Pulmonology,",Northwest,2025-03-31 06:47:40.401635+00
5b3e0dc5-e7a3-4c6b-be16-cc54e33554e6,8572038389,",Cardiology,",South,2025-03-31 06:47:40.389469+00
5b4143d4-98e6-4f4e-82ff-e4e14996959e,6201447936,",Orthopedic Surgery,",Northwest,2025-03-31 06:47:40.391067+00
5b441a9f-62f2-4fda-a894-13e7d4cf1012,9433860822,",Obstetrics & Gynecology,",West,2025-03-31 06:47:40.382972+00
5b44f087-3e33-4963-962d-6613bfa68b54,6996324107,",General Surgery,",West,2025-03-31 06:47:40.387874+00
5b4911f7-6ad3-405e-a007-c6f1630e5b37,3555377116,",Orthopedic Surgery,",West,2025-03-31 06:47:40.39093+00
5b508a1c-5533-475f-bf61-8cbb12cf1b25,4433272385,",Internal Medicine,",Northeast,2025-03-31 06:47:40.378832+00
5b5b177b-75ed-4478-bf86-d6268f07c4ec,1212435655,",Neurology,",Midwest,2025-03-31 06:47:40.398722+00
5b5bf36d-9c20-42f8-88e7-eb74383e59d2,1606180423,",Cardiology,",South,2025-03-31 06:47:40.388387+00
5b658913-2360-40ac-9fdc-44b89a1cbee1,6592661012,",Orthopedic Surgery,",West,2025-03-31 06:47:40.391567+00
5b669154-b9e2-4417-a259-5b75a6fa04cd,6420230636,",Obstetrics & Gynecology,",West,2025-03-31 06:47:40.381843+00
5b6734f5-8dbe-4156-b492-984d18450371,4482248141,",Obstetrics & Gynecology,",South,2025-03-31 06:47:40.381911+00
5b6a323f-7851-4dc4-819f-27e5d43e9691,2482455887,",Internal Medicine,",Northeast,2025-03-31 06:47:40.377033+00
5b7c1365-c097-46ba-9e44-36fea548a93d,3022106735,",Pulmonology,",Midwest,2025-03-31 06:47:40.40189+00
5b7ca5a9-2d63-4387-95e1-70052831a6be,9516069797,",Obstetrics & Gynecology,",Northeast,2025-03-31 06:47:40.381627+00
5b8aa7a4-46de-41e6-a4ac-e84c65c1cbd6,7381645574,",Cardiology,",Northeast,2025-03-31 06:47:40.389919+00
5b8af003-1326-4368-bc08-dbbaf8031cdc,6220828196,",Obstetrics & Gynecology,",Northwest,2025-03-31 06:47:40.383161+00
5b915f28-ddf8-41df-9934-01b69322f0a4,8790059295,",Orthopedic Surgery,",Northeast,2025-03-31 06:47:40.39248+00
5b992d7a-fe1c-43d5-b48f-66347398b229,6822800732,",Cardiology,",Midwest,2025-03-31 06:47:40.389654+00
5b99b544-e922-40bd-aae9-d5caaa191c22,5972725605,",Neurology,",West,2025-03-31 06:47:40.398754+00
5b9ae5c8-d267-4060-a7d7-23dbe0cb049a,9323295587,",General Surgery,",Northeast,2025-03-31 06:47:40.387307+00
5b9c4c8a-2261-4297-9fbb-bf97afc40227,1949015338,",Urology,",Northeast,2025-03-31 06:47:40.40094+00
5b9e8cc2-6f2c-4331-afe4-4440d4de3878,8875612315,",Nephrology,",West,2025-03-31 06:47:40.402312+00
5ba4cddb-3d59-4ffc-afc2-3b582ce61f56,5623933568,",Oncology,",West,2025-03-31 06:47:40.402644+00
5ba63744-bea0-4812-94df-e034c0e89fcb,2072621073,",Cardiology,",Northeast,2025-03-31 06:47:40.388421+00
5baeeabd-a0ae-4d61-bf1d-7379e959b13d,4014678200,",Internal Medicine,",Northwest,2025-03-31 06:47:40.381414+00
5bb2218e-7b39-419d-97ce-b78dd1e26cdb,1098143296,",Orthopedic Surgery,",West,2025-03-31 06:47:40.391328+00
5bba30a5-0d2e-47d7-b787-30b6a846b104,7826105737,",Cardiology,",Midwest,2025-03-31 06:47:40.388339+00
5bd19b69-1b4b-4715-8aa9-e9a515ca0d5d,6305269582,",Radiology,",Northwest,2025-03-31 06:47:40.395288+00
5bd32c92-6eb1-4ad6-add2-14221757c4e0,9894642169,",Internal Medicine,",South,2025-03-31 06:47:40.404215+00
5bd5d2d6-8eaa-4f09-affa-6bec0ca4e6b4,2945976235,",Oncology,",South,2025-03-31 06:47:40.403042+00
5be07545-bc23-4d7e-894a-ac5a3fbff075,8704325661,",General Surgery,",Midwest,2025-03-31 06:47:40.38697+00
5be8d601-9526-4f3e-9991-fd5613553580,5226550891,",General Surgery,",South,2025-03-31 06:47:40.386699+00
5bf7333a-ef46-421d-96ac-8ed9f488a3af,9299689400,",Cardiology,",Midwest,2025-03-31 06:47:40.388666+00
5bf8b420-394a-4c9b-9ba7-830721c4cec2,8511238909,",Internal Medicine,",West,2025-03-31 06:47:40.380736+00
5c086d29-8ae7-4d0d-8b60-6513ad2aaa9c,3509028780,",General Surgery,",Northeast,2025-03-31 06:47:40.386752+00
5c1a4bbe-8d86-4f04-bf94-764f444c69f5,4659200733,",Radiology,",South,2025-03-31 06:47:40.395657+00
5c1b6917-323a-4dee-aa14-1d7cebf2baf0,2689873883,",Nephrology,",Midwest,2025-03-31 06:47:40.402066+00
5c1bd719-1d71-4d1e-b43e-9c6efba22db9,8441300883,",Orthopedic Surgery,",West,2025-03-31 06:47:40.391292+00
5c258eb4-40b6-4aee-a04f-60313dbbd239,4236196039,",Internal Medicine,",South,2025-03-31 06:47:40.376117+00
5c27278f-eb97-495c-8666-8f8681865299,5565792940,",Anesthesiology,",Northeast,2025-03-31 06:47:40.397558+00
5c276e76-5024-46d7-a2f4-e9670efeb1e3,9722271245,",Neurology,",Northwest,2025-03-31 06:47:40.398774+00
5c2ef640-5f48-4482-9db4-8b1f1f2084ec,9407612311,",Radiology,",South,2025-03-31 06:47:40.395838+00
5c66174f-d65b-4f84-99df-c50ba61f8678,5539982457,",Psychiatry,",Midwest,2025-03-31 06:47:40.384371+00
5c6a292c-ac7e-49ff-9f92-82e501772db3,7882945814,",Internal Medicine,",South,2025-03-31 06:47:40.378409+00
5c6ee143-b671-432b-a0f7-facdad51f214,5753214787,",Obstetrics & Gynecology,",South,2025-03-31 06:47:40.383763+00
5c71822f-67e6-4bde-a193-366574516ce9,3884167744,",General Surgery,",Northeast,2025-03-31 06:47:40.387236+00
5c7b85c8-f865-45d2-938c-6dbc763214cf,4956225650,",Radiology,",Northwest,2025-03-31 06:47:40.394901+00
5c822ef2-df7d-494f-9c71-dca937cc7ad4,7866899560,",Dermatology,",South,2025-03-31 06:47:40.393352+00
5c8ea548-72e8-47c5-86d8-bcf1779ae7a2,6091267727,",Dermatology,",Northwest,2025-03-31 06:47:40.39412+00
5c95f367-a612-47c7-bb75-afe413fc8e9d,2009923631,",Radiology,",West,2025-03-31 06:47:40.395113+00
5c9674d5-b5ad-49d4-ac59-aed520edbba3,9948441695,",Oncology,",Northeast,2025-03-31 06:47:40.403031+00
5c974810-451e-41e3-8e6e-746be246e885,1533851727,",Psychiatry,",South,2025-03-31 06:47:40.386042+00
5ca0fc98-7fae-463b-a3da-894ba03ee591,7201008330,",Dermatology,",Midwest,2025-03-31 06:47:40.392673+00
5ca2bf2b-cbb7-413e-a32e-fefc39e93f93,1384961811,",Gastroenterology,",West,2025-03-31 06:47:40.399477+00
5ca6af5e-e943-497f-8ea8-c8699db5a5fd,2358701712,",Psychiatry,",Northeast,2025-03-31 06:47:40.404824+00
5cbb4db5-cb18-44e7-9f76-4ce99bbaa4ed,4629422716,",Pulmonology,",West,2025-03-31 06:47:40.401776+00
5cc4a8c0-3e2f-4adf-bf55-5abbe891bcb3,1688923347,",Anesthesiology,",Northwest,2025-03-31 06:47:40.396461+00
5ccdff9e-7402-4649-ab72-8b48246f7fd5,2001141593,",Pulmonology,",West,2025-03-31 06:47:40.401577+00
5cdc2f99-df10-478f-8c30-3336ae6411ca,7601911216,",Dermatology,",Northeast,2025-03-31 06:47:40.3933+00
5cdddc19-e26a-4357-8901-3a7d9e431292,8847354521,",Cardiology,",Northwest,2025-03-31 06:47:40.388709+00
5cded9eb-1eaa-46bb-8316-8f006fef112a,9496808393,",Anesthesiology,",Northeast,2025-03-31 06:47:40.396597+00
5cdee266-0f49-419d-8eb4-0efb0ae9ba35,1922430745,",Internal Medicine,",South,2025-03-31 06:47:40.376845+00
5ce6c67b-3747-4e20-9635-9ebb8cd9fdc2,9103899890,",Cardiology,",West,2025-03-31 06:47:40.390408+00
5ce821c0-3880-467e-97d7-3d83bea5a940,4247192887,",Dermatology,",Midwest,2025-03-31 06:47:40.393927+00
5ced288c-c4ad-4710-b7ab-036a1720ea85,6627483402,",Orthopedic Surgery,",Northeast,2025-03-31 06:47:40.404547+00
5cf1136f-be43-4a3e-9741-8138573bf353,4138389137,",Internal Medicine,",Midwest,2025-03-31 06:47:40.381178+00
5cfa64f8-b758-4029-ac24-206778862318,2895698744,",Internal Medicine,",West,2025-03-31 06:47:40.378841+00
5cfe2103-dcef-4152-8425-87456576c265,2531186604,",Psychiatry,",Northwest,2025-03-31 06:47:40.384683+00
5cff5b50-6920-403a-9ec7-80e18f36fa78,1658866714,",Neurology,",South,2025-03-31 06:47:40.397938+00
5d0aaa17-24da-44e2-ac6f-11c0a9223db2,2037717924,",Nephrology,",South,2025-03-31 06:47:40.402055+00
5d0aedfa-f75f-4ea8-9eba-5aceba26b78a,8778658148,",Internal Medicine,",Northwest,2025-03-31 06:47:40.377323+00
5d0c52ac-955a-480c-8baf-fe2316932ab6,8090604260,",Psychiatry,",Northwest,2025-03-31 06:47:40.383966+00
5d311328-1653-42a1-88ff-3fef6bdfd52c,3202139674,",Pulmonology,",West,2025-03-31 06:47:40.401976+00
5d339a61-b857-4d0a-b3d8-587f27a66234,2556100457,",Radiology,",South,2025-03-31 06:47:40.395503+00
5d355665-31ba-4938-9dd1-5c19f24da77a,8360203041,",Cardiology,",Northwest,2025-03-31 06:47:40.389475+00
5d4374f0-7a3d-42cc-9ff7-c65f1c0c48d7,8996405176,",Pulmonology,",Midwest,2025-03-31 06:47:40.401853+00
5d52653e-9021-4fd6-a86e-9f42d629c1a3,6101071818,",Internal Medicine,",Northwest,2025-03-31 06:47:40.403736+00
5d61b47d-c1f0-4c15-b542-54ff692427d2,5722703949,",Internal Medicine,",West,2025-03-31 06:47:40.37895+00
5d6585d0-e36f-459c-a624-c38235ff1221,6836841854,",Psychiatry,",Midwest,2025-03-31 06:47:40.384027+00
5d6e9fe8-df2f-46e2-a53b-e57d44e8eb35,4218483070,",Obstetrics & Gynecology,",West,2025-03-31 06:47:40.382067+00
5d73432d-070b-4f8b-ad16-fce8332b4712,5131090776,",Orthopedic Surgery,",Midwest,2025-03-31 06:47:40.403525+00
5d799492-a46e-45ff-91f9-b035ff391dd4,9269459584,",Radiology,",Northwest,2025-03-31 06:47:40.395302+00
5d7a9b4a-b673-4eab-972d-642d90dc0419,7595911019,",Cardiology,",West,2025-03-31 06:47:40.389645+00
5d7d107c-fcaf-4dfc-a4de-108f7e76e9cc,1410933857,",Gastroenterology,",West,2025-03-31 06:47:40.399966+00
5d7e1c60-6b97-42eb-8d53-958cb2a20854,5254285782,",Anesthesiology,",Northwest,2025-03-31 06:47:40.397248+00
5d844242-3293-4c3a-9926-e5254fe77db4,6758410617,",Oncology,",Midwest,2025-03-31 06:47:40.402987+00
5d93fdf1-033d-4b67-a34a-2e802c757fe9,9824632534,",Anesthesiology,",Northeast,2025-03-31 06:47:40.396685+00
5d9b3828-da78-468c-8f6c-4449620f7908,1397756375,",Cardiology,",Midwest,2025-03-31 06:47:40.388336+00
5d9c952a-ad6a-4f89-93d7-00bfdfeb3dc0,2922036958,",Radiology,",Northwest,2025-03-31 06:47:40.394935+00
5d9e1659-4974-42c9-9fe4-13141f356e39,7112584189,",Psychiatry,",South,2025-03-31 06:47:40.384822+00
5d9e3c63-48b4-4151-b49b-14643bb4b288,1926642748,",Cardiology,",West,2025-03-31 06:47:40.389631+00
5da5c827-5cdf-4e91-84e9-bcf68401e63c,6605134615,",Internal Medicine,",Northeast,2025-03-31 06:47:40.379942+00
5da6f881-122a-465f-a715-13f43a6cf75c,6688483471,",Dermatology,",West,2025-03-31 06:47:40.393001+00
5db70427-1191-4451-ad28-8c81a08e072d,8053876082,",General Surgery,",South,2025-03-31 06:47:40.387814+00
5db79e64-09bf-4d0d-8ba8-fa1692e0653b,7113968950,",Psychiatry,",West,2025-03-31 06:47:40.384202+00
5dbac9b0-c917-4b2f-a136-59c79a1fceee,4725225940,",Obstetrics & Gynecology,",West,2025-03-31 06:47:40.383167+00
5dc6f4cb-aa31-4d2a-82d2-b5fc2fce2565,1287880962,",Oncology,",West,2025-03-31 06:47:40.403062+00
5dca21a7-06ef-4fba-888b-49f77a7207fe,9163897406,",Obstetrics & Gynecology,",West,2025-03-31 06:47:40.382366+00
5dcc3186-8167-49f5-94fe-bc896bbb2ef4,8139322814,",Anesthesiology,",Midwest,2025-03-31 06:47:40.397499+00
5dcc6fd3-a343-4f54-8488-4fbc634764d4,3749306425,",Pulmonology,",South,2025-03-31 06:47:40.40154+00
5dce2b7d-2703-44a6-8cf0-f5f36dbcb3ac,3096390867,",Orthopedic Surgery,",Northeast,2025-03-31 06:47:40.391804+00
5dd06aba-84ed-45b7-85b3-196e0869c648,3066013953,",Internal Medicine,",Northwest,2025-03-31 06:47:40.378112+00
5dd5fa8f-895c-4040-a50f-70e6a499ed51,2946239612,",Orthopedic Surgery,",Midwest,2025-03-31 06:47:40.391593+00
5dddc0fd-66d7-4c2f-8ff7-3df6e7d42a68,2276236347,",Psychiatry,",Northwest,2025-03-31 06:47:40.38461+00
5de5a27b-2a82-4616-9dc9-80ae0aee2f2d,3495723476,",Obstetrics & Gynecology,",Northwest,2025-03-31 06:47:40.383822+00
5de9ead3-a87f-4384-92b5-22991e881182,2817940731,",Gastroenterology,",Midwest,2025-03-31 06:47:40.399748+00
5def6f4e-be4a-4af1-8983-5e0bc8f086b5,3232091443,",Gastroenterology,",West,2025-03-31 06:47:40.399483+00
5df2cd8b-d8d5-4585-8398-665edd847eef,6202194187,",Cardiology,",West,2025-03-31 06:47:40.389683+00
5e04b295-e760-4785-852b-ac7d64d9bc68,8091088248,",Obstetrics & Gynecology,",West,2025-03-31 06:47:40.383583+00
5e0e553e-23bd-430b-9b21-8ddc70ef79a7,2934841169,",Internal Medicine,",South,2025-03-31 06:47:40.379325+00
5e1d9daf-1574-41b6-b5ac-af9265ca25b7,4528878573,",Obstetrics & Gynecology,",Northeast,2025-03-31 06:47:40.383164+00
5e22d915-e71b-4dbf-b686-0a5726503eec,1855891148,",Psychiatry,",Midwest,2025-03-31 06:47:40.384177+00
5e23ba62-dd6b-45c1-8eca-f8685fce1ed8,2320517205,",Orthopedic Surgery,",West,2025-03-31 06:47:40.391993+00
5e2f43df-12c0-412d-aba6-3442ca5ea85a,7227355017,",Dermatology,",South,2025-03-31 06:47:40.404593+00
5e34c273-a620-4eae-bc02-2c58f6084d50,4334155196,",Internal Medicine,",South,2025-03-31 06:47:40.379011+00
5e3671ed-1489-4356-ba2e-b15104ebc12a,8346261022,",Internal Medicine,",Midwest,2025-03-31 06:47:40.380578+00
5e388d62-9d34-416c-9449-d73c67e30a39,2289570471,",Urology,",West,2025-03-31 06:47:40.400866+00
5e39cf4f-cd3e-4fb5-ad15-f15760f5f30f,9963433108,",Anesthesiology,",Midwest,2025-03-31 06:47:40.397268+00
5e56b617-a031-460d-95c6-bd69f27c9921,2047923634,",General Surgery,",West,2025-03-31 06:47:40.387185+00
5e57ed08-1757-47e3-90a8-92f2a707d672,1224357234,",Gastroenterology,",West,2025-03-31 06:47:40.399545+00
5e5eb00d-ce02-4d07-b3ac-cdb83c31a7be,3248215152,",Cardiology,",Northeast,2025-03-31 06:47:40.390126+00
5e5f1828-cc0f-4376-b913-b507669612a2,7168129514,",Nephrology,",Midwest,2025-03-31 06:47:40.402192+00
5e619d33-a8a6-444b-977c-a6bd4a0fe086,4824841317,",General Surgery,",South,2025-03-31 06:47:40.387544+00
5e681e67-d38f-4798-b24e-87c29a6c6860,7856858990,",Oncology,",Northwest,2025-03-31 06:47:40.402817+00
5e694dbe-82a3-49ae-a7fc-bbd05ab1fc96,8808223052,",Pulmonology,",Northeast,2025-03-31 06:47:40.401558+00
5e6a4435-5681-4d9d-b049-e07380a51463,1981030211,",Orthopedic Surgery,",Northeast,2025-03-31 06:47:40.392535+00
5e729d00-80e4-4a9c-84d4-4bae94390add,2806011318,",Cardiology,",Northwest,2025-03-31 06:47:40.388621+00
5e76104b-e131-470f-ad3a-938c2f640d25,2506806758,",Dermatology,",Midwest,2025-03-31 06:47:40.393568+00
5e7f379a-f394-45ea-897c-ac355bb4cbc1,9370702526,",Nephrology,",West,2025-03-31 06:47:40.403952+00
5e808c6f-5a33-480e-88c6-1169bb1c7658,2486256264,",Obstetrics & Gynecology,",Northwest,2025-03-31 06:47:40.382121+00
5e83fde7-dd27-467c-9c10-83a18a8554a5,2332411209,",Internal Medicine,",Midwest,2025-03-31 06:47:40.377856+00
5e8570fa-7833-4382-acf1-4faa118b058b,9283337346,",Gastroenterology,",West,2025-03-31 06:47:40.3994+00
5e863241-9a60-4995-b459-815041af5d6f,2211769923,",Urology,",Midwest,2025-03-31 06:47:40.400394+00
5e8a151a-4fa4-40d3-bf0b-d7ed8f0fb2c2,2916736860,",Anesthesiology,",South,2025-03-31 06:47:40.397481+00
5e8dc085-d407-47b4-96cb-a5e17a484157,8842482005,",Psychiatry,",Midwest,2025-03-31 06:47:40.385765+00
5e95ca8c-156c-450d-a2a6-34de5f69b82c,5207730177,",Internal Medicine,",West,2025-03-31 06:47:40.381265+00
5e9876ce-c6bc-4514-9bb5-6a6e31953bb8,2857138216,",Urology,",Northeast,2025-03-31 06:47:40.400792+00
5ea1dfe6-53af-47be-b0bf-06b5397197ed,9296469680,",Nephrology,",Northeast,2025-03-31 06:47:40.402356+00
5ea32fc1-abc8-4984-a3b1-cf495cfec510,2495297469,",Neurology,",Northwest,2025-03-31 06:47:40.39867+00
5ea9c7f2-1f98-44c3-8f84-f67c47867ec2,3804554224,",Neurology,",Midwest,2025-03-31 06:47:40.398563+00
5eab5ed5-d552-46d9-8358-5d90187aacd2,7812563037,",Cardiology,",Northeast,2025-03-31 06:47:40.388821+00
5eaf3cb9-30c2-4353-af9e-4cfd8e343283,5570127147,",Oncology,",Northeast,2025-03-31 06:47:40.40288+00
5eb0e071-2ef8-4847-b46c-16ea0fe194a9,3632690747,",General Surgery,",West,2025-03-31 06:47:40.38656+00
5eb556fe-015d-48fd-80a6-c00e98dd6e51,5908670748,",Dermatology,",Northeast,2025-03-31 06:47:40.393989+00
5ebef52d-a363-4b4b-a57d-578f27e50f1f,1443513021,",Internal Medicine,",Northeast,2025-03-31 06:47:40.378453+00
5ec69494-36e8-47ed-8445-281b57d14b75,4786895569,",Cardiology,",Midwest,2025-03-31 06:47:40.388413+00
5ec6d4c1-b163-4575-b8c8-bdb9ee48c8cc,6400441217,",General Surgery,",Northeast,2025-03-31 06:47:40.386345+00
5ecce3f8-b26e-4ca7-9eb9-cfea1690e734,9752866700,",Internal Medicine,",Northeast,2025-03-31 06:47:40.377792+00
5ed5d59e-c8ed-43c7-a182-a88fdc16b986,7890770513,",General Surgery,",Northeast,2025-03-31 06:47:40.387255+00
5ee0582f-3bb9-4fe9-9467-25f001940366,9152043719,",Orthopedic Surgery,",West,2025-03-31 06:47:40.392558+00
5eff55c2-c706-4c89-8e57-b2ef4187b599,3326595219,",Internal Medicine,",West,2025-03-31 06:47:40.3769+00
5eff591d-b938-4135-9882-6e60c6b027f7,5797340931,",Internal Medicine,",Midwest,2025-03-31 06:47:40.380258+00
5f0028a6-8c1a-4772-aee7-f8ff61bc8c24,4974956958,",General Surgery,",Northeast,2025-03-31 06:47:40.387423+00
5f0c69d9-8736-4ca0-a11d-b51efa797cb4,4085195533,",Urology,",West,2025-03-31 06:47:40.400566+00
5f14f1fd-554f-4762-a1bd-c735f14d3331,2413192478,",Psychiatry,",South,2025-03-31 06:47:40.40341+00
5f1c1b7d-db18-41a6-a1bb-7d4c37ac068f,1617212942,",Obstetrics & Gynecology,",West,2025-03-31 06:47:40.381817+00
5f1ecd3d-a04e-48bc-86b4-25cb1cd7061b,9736848348,",Orthopedic Surgery,",South,2025-03-31 06:47:40.39099+00
5f24434b-fedd-499e-8b53-adf4df701bea,5160232917,",Dermatology,",South,2025-03-31 06:47:40.392864+00
5f251ae0-6606-4bde-98da-42f743f25623,2842060273,",Psychiatry,",West,2025-03-31 06:47:40.384053+00
5f288db1-8c59-4169-98f7-16f9373e6077,3189708324,",Internal Medicine,",Northwest,2025-03-31 06:47:40.380961+00
5f3851fb-9c1b-4982-bfc5-79d8fc0e6fea,1878361545,",Internal Medicine,",Midwest,2025-03-31 06:47:40.380325+00
5f42555e-fba9-46bc-933d-2b6bd0ef26cc,5821793167,",Internal Medicine,",Northeast,2025-03-31 06:47:40.376524+00
5f58fcd8-d6f8-4fc1-928f-22155ee389d6,4864024284,",Neurology,",Northeast,2025-03-31 06:47:40.397747+00
5f5acc9a-e181-4cd1-be15-0ba753555a44,9860500302,",Radiology,",West,2025-03-31 06:47:40.394752+00
5f5b3d9e-053e-4f5d-b7d7-07a97da16a35,3670663484,",Anesthesiology,",Northwest,2025-03-31 06:47:40.397521+00
5f5d82fa-0ca6-43e5-a56c-ac59f74db8f2,6734516166,",Anesthesiology,",Northeast,2025-03-31 06:47:40.403667+00
5f5fb381-f55f-4d99-874a-fe41973b14b7,6732445035,",Internal Medicine,",West,2025-03-31 06:47:40.379658+00
5f685066-d15e-461d-9fc8-8dcaefeb68d5,2807363390,",Oncology,",West,2025-03-31 06:47:40.402761+00
5f685789-70e4-4e0b-9470-4ab0ec04bde9,3999182089,",Anesthesiology,",Northwest,2025-03-31 06:47:40.39747+00
5f6f54bc-f660-4489-bdcf-868c8f79af3b,9068395740,",Radiology,",South,2025-03-31 06:47:40.395594+00
5f7593f1-c426-4974-a24f-dd929a367510,8766595627,",Anesthesiology,",South,2025-03-31 06:47:40.39713+00
5f7c966a-25ed-4b57-9866-145f41ba2065,3476626386,",Anesthesiology,",Northwest,2025-03-31 06:47:40.397207+00
5f85e650-f57f-4299-8d8b-0065f76675f5,9920464756,",Gastroenterology,",Midwest,2025-03-31 06:47:40.399872+00
5f994d46-5fb9-4e5e-afc1-76faad12350c,1215588463,",Orthopedic Surgery,",Northeast,2025-03-31 06:47:40.391533+00
5fa07545-f43f-4ced-b8ef-bed46c72b80f,9989495548,",Internal Medicine,",South,2025-03-31 06:47:40.377311+00
5fa07acb-6b73-4c1e-bcd2-f6ea5463c0bb,8554543261,",Psychiatry,",South,2025-03-31 06:47:40.384415+00
5fad12d9-cb7f-466a-8ef1-a58fca7678af,1876183994,",Neurology,",West,2025-03-31 06:47:40.398923+00
5fbf9453-fbda-4a03-8e28-f33b0b8dbeeb,4286664664,",Urology,",South,2025-03-31 06:47:40.400267+00
5fc46d9f-318b-499e-893d-e492529b1e41,7174347155,",Urology,",Northeast,2025-03-31 06:47:40.400304+00
5fcef414-9998-4469-ae45-9b6ac0301573,7550774531,",Psychiatry,",Northwest,2025-03-31 06:47:40.404061+00
5fda81b3-361d-440f-b4b9-45c73b28bc39,9851544303,",Neurology,",West,2025-03-31 06:47:40.397772+00
5fdf32d7-a727-4342-976b-21e001cbe7f2,8968855719,",Obstetrics & Gynecology,",South,2025-03-31 06:47:40.382245+00
6000b23c-e6ce-44f9-a602-30f74a0ec1a0,1605115934,",Dermatology,",West,2025-03-31 06:47:40.393364+00
6001bc96-58c4-4447-bb8d-eb23229fdc23,6031624191,",General Surgery,",South,2025-03-31 06:47:40.386243+00
60063697-630e-4133-8cc8-9a99fbd3c663,9798960407,",Anesthesiology,",Northwest,2025-03-31 06:47:40.396947+00
600a06b1-dbe3-4589-9a8f-09dc6ae1267a,2615092910,",Internal Medicine,",Midwest,2025-03-31 06:47:40.381248+00
6016e206-3c79-4151-a82f-5586fccec49c,9499273982,",Internal Medicine,",Northwest,2025-03-31 06:47:40.377757+00
601872b4-9831-4c48-b859-506063f67b57,3309599772,",Cardiology,",Northeast,2025-03-31 06:47:40.390063+00
60256d37-8896-4264-82a5-e55d90159415,6312556210,",Neurology,",West,2025-03-31 06:47:40.399027+00
602902b7-1617-44bd-8f25-84eb05767fc0,2526771347,",Psychiatry,",Northwest,2025-03-31 06:47:40.385193+00
602a2fb8-efe3-45d1-bf4f-824826e60a46,5768406211,",Obstetrics & Gynecology,",West,2025-03-31 06:47:40.38319+00
602cd0a3-8cca-481b-8635-38782b803011,2233203084,",Cardiology,",South,2025-03-31 06:47:40.389102+00
6032e8aa-dcdc-40ca-9c17-a21f725d92f9,1422756819,",Orthopedic Surgery,",West,2025-03-31 06:47:40.392297+00
6033d9b6-0d0c-40bd-97e5-4d0df6008761,6318696208,",Internal Medicine,",Northwest,2025-03-31 06:47:40.379779+00
6038789c-201d-4745-af19-f162c0b4772d,1098488507,",Neurology,",West,2025-03-31 06:47:40.398039+00
603b79b0-7333-4155-88ac-e42a33efd827,2156166010,",Gastroenterology,",Northeast,2025-03-31 06:47:40.399765+00
603d9572-84ae-43c6-ac46-f6a869dae6ab,4290593640,",General Surgery,",Northeast,2025-03-31 06:47:40.386918+00
604c75e1-da3f-44e1-8206-88b5c8217876,7315865092,",Psychiatry,",Midwest,2025-03-31 06:47:40.385242+00
60574c63-2b14-4b6f-8a5e-98c321958a7c,7456358646,",Internal Medicine,",Midwest,2025-03-31 06:47:40.377804+00
60589a04-f6b8-4505-bf70-402c8c7c1fc2,6920788809,",Psychiatry,",West,2025-03-31 06:47:40.385519+00
606fb345-30a8-4649-be8f-14a5ae81cce1,4907502088,",General Surgery,",Northeast,2025-03-31 06:47:40.388158+00
6073394a-812c-4aa2-85fa-fb6134416f8a,3953862734,",Neurology,",Midwest,2025-03-31 06:47:40.398984+00
6074ba3c-2d2c-44ff-9286-227aa529d7ac,9829436893,",Anesthesiology,",South,2025-03-31 06:47:40.395967+00
6078ba82-36b4-4192-8d7f-c7c1163a26b2,9661639598,",General Surgery,",Midwest,2025-03-31 06:47:40.387313+00
6084c739-6759-4895-acc5-5bb7204176fb,6538273381,",General Surgery,",West,2025-03-31 06:47:40.3876+00
608887fe-ddc9-44f6-9840-a931d196be63,1318943812,",Psychiatry,",South,2025-03-31 06:47:40.385933+00
608a11e2-b0ee-46b6-94bd-3e35b67beaa3,6675769255,",Obstetrics & Gynecology,",Northwest,2025-03-31 06:47:40.381977+00
608dadce-21d4-4ed8-9c42-f087fce94d7d,6396956326,",Gastroenterology,",South,2025-03-31 06:47:40.400046+00
60aaad44-72a1-49cc-8dca-85725b3b5944,8681497469,",Cardiology,",Northeast,2025-03-31 06:47:40.388896+00
60b53b0d-57e5-41d3-8969-9908ec547a9e,2902416570,",Gastroenterology,",South,2025-03-31 06:47:40.399804+00
60b6662e-720b-4e56-bd7d-fd5bf7044efb,8698774229,",Cardiology,",Northeast,2025-03-31 06:47:40.390539+00
60c87a99-af76-46bc-8382-2884e9b6cf34,8594220618,",Internal Medicine,",South,2025-03-31 06:47:40.37905+00
60d26e67-4d1d-43ce-bd22-f8d30ba7404f,1355120345,",Internal Medicine,",West,2025-03-31 06:47:40.377022+00
60d4127f-6003-4627-b411-0eeec11aadf9,8402751269,",Internal Medicine,",Northwest,2025-03-31 06:47:40.379805+00
60d51f31-fc49-4287-8929-a720294b15dd,1553331130,",Neurology,",South,2025-03-31 06:47:40.397821+00
60dfbdb0-4340-4165-8f95-7ce4b1f62330,7415832087,",Anesthesiology,",Midwest,2025-03-31 06:47:40.397045+00
60f84169-294a-42f8-ba03-88ba5509fd15,8242429731,",Dermatology,",Northwest,2025-03-31 06:47:40.393133+00
60f96c87-c49a-4312-8a4b-2d780e7e2c46,6514017939,",Obstetrics & Gynecology,",Midwest,2025-03-31 06:47:40.383714+00
6102c392-69f6-4142-9f09-24c38e0cc6d2,7390423457,",Dermatology,",South,2025-03-31 06:47:40.393701+00
610868a9-f734-443f-90c6-bc78a94b9515,2030182166,",Anesthesiology,",Midwest,2025-03-31 06:47:40.396297+00
61097124-7adb-4aab-bef7-60a345e79cdf,3008800876,",Obstetrics & Gynecology,",Midwest,2025-03-31 06:47:40.382961+00
610fb029-8bd3-4b5f-801d-f1e0f45a3859,3576532483,",Internal Medicine,",West,2025-03-31 06:47:40.377993+00
6119428f-0a08-4fda-b277-e1c1f8a80d87,5077646226,",Radiology,",Northwest,2025-03-31 06:47:40.395051+00
61224888-7548-4261-8cd9-09eba036a248,4289675520,",Anesthesiology,",Northwest,2025-03-31 06:47:40.396861+00
61295ab6-fde1-4ed6-b6fc-d09f8e81b645,3168410620,",Internal Medicine,",West,2025-03-31 06:47:40.376372+00
612a25e5-c76c-4eae-856d-a7aa5f201008,5143720278,",Urology,",West,2025-03-31 06:47:40.400987+00
612db121-a0f6-47d4-8ecf-bfe1dc1482ab,3772839924,",Obstetrics & Gynecology,",South,2025-03-31 06:47:40.382953+00
61301cb3-13cd-4962-a83e-90d7d77ccad4,4416863756,",Orthopedic Surgery,",Northeast,2025-03-31 06:47:40.391816+00
613715ad-fed0-4240-9839-bed25cc0709f,1718698063,",Radiology,",South,2025-03-31 06:47:40.395637+00
6138ab7d-0a64-43d0-a651-94865822e6aa,7564383779,",Internal Medicine,",Northwest,2025-03-31 06:47:40.381365+00
613caab5-bf30-40ba-8ab6-c6819ce872b7,1774930894,",Gastroenterology,",West,2025-03-31 06:47:40.400139+00
613e67f5-7b5f-4683-b831-7338aaa61760,9672527204,",Anesthesiology,",West,2025-03-31 06:47:40.396871+00
6155e1ee-738b-4a59-9458-4f8b02306cb2,2359202653,",Gastroenterology,",South,2025-03-31 06:47:40.399417+00
6158086e-88cd-4a09-aa04-2d32d25b7fb8,3830575118,",Urology,",West,2025-03-31 06:47:40.400264+00
61592d24-891a-4941-b658-c2e7ca1eaf23,9869011693,",Anesthesiology,",West,2025-03-31 06:47:40.397547+00
61616e1a-7855-4e4f-ac1b-58545ffc38c6,9272116312,",Internal Medicine,",South,2025-03-31 06:47:40.380275+00
6163ae99-3150-4f4f-a085-c9734f6e9037,1273324757,",Neurology,",South,2025-03-31 06:47:40.398197+00
61682ea1-dca0-40ff-80ce-28f32b81d442,8382999237,",Psychiatry,",Midwest,2025-03-31 06:47:40.384284+00
61798659-f5e9-4e0b-bde6-940e034ddbba,5574575788,",Urology,",South,2025-03-31 06:47:40.400572+00
617aff78-3d5a-4bc8-8814-4b3d29ed1246,2192781844,",General Surgery,",Northeast,2025-03-31 06:47:40.388283+00
617e1d52-17ec-4344-b607-2e5c0881e54e,4318260785,",Anesthesiology,",Northeast,2025-03-31 06:47:40.396832+00
6196a340-5d7a-4d7e-9487-379026ea40f2,6378629202,",Radiology,",West,2025-03-31 06:47:40.395445+00
619c48bc-df9d-4b6d-aeb0-766ba131b2ca,9221310342,",Internal Medicine,",Midwest,2025-03-31 06:47:40.37679+00
61a5c691-2df7-45b4-bdc4-fdfea0391986,8749951970,",Nephrology,",Northwest,2025-03-31 06:47:40.402342+00
61a907e5-e094-4536-a056-dd9eff737a51,2463332834,",General Surgery,",Midwest,2025-03-31 06:47:40.386521+00
61b77e75-2e60-4089-9fbe-4be017ba6314,6728394616,",Cardiology,",South,2025-03-31 06:47:40.388956+00
61bcee94-75f1-4dae-aa9c-b6dcc097019e,4265481865,",Internal Medicine,",Northeast,2025-03-31 06:47:40.377104+00
61bf8fdc-9dd9-4a7b-8208-ba148e689e3e,3647358248,",Pulmonology,",Northwest,2025-03-31 06:47:40.40115+00
61cb7caa-b1a2-471c-bad9-e79c78d64ef6,5666668985,",Pulmonology,",West,2025-03-31 06:47:40.401115+00
61d59af0-135f-4a5a-b3d5-2b0ad21334f5,5078381983,",Cardiology,",West,2025-03-31 06:47:40.389538+00
61d69ef6-9407-43b3-8d2f-5bd6512cbf77,5182205255,",Cardiology,",South,2025-03-31 06:47:40.389593+00
61dc115d-8279-45af-8269-147ac2af6bf6,8120424045,",Obstetrics & Gynecology,",South,2025-03-31 06:47:40.382256+00
61e3f9d6-c7e7-484e-bcb2-a46d70d7c03e,7784286788,",Internal Medicine,",Midwest,2025-03-31 06:47:40.379581+00
61e59a69-65b0-400c-a0bb-94411db8b31a,8889165773,",Cardiology,",West,2025-03-31 06:47:40.388967+00
61eda3c0-bfa2-4076-9c8c-01bfb8a022a5,1105440729,",Obstetrics & Gynecology,",Northeast,2025-03-31 06:47:40.383283+00
61f04910-8bf7-4bc5-bcf3-fd850f749bab,1802127398,",Neurology,",Northwest,2025-03-31 06:47:40.398051+00
61f5e501-f070-4cbf-8496-5967e7c97847,3489921710,",Internal Medicine,",Northeast,2025-03-31 06:47:40.381062+00
61fcb37a-5592-429e-afbd-0c6af636d2e8,1227722687,",Internal Medicine,",West,2025-03-31 06:47:40.380779+00
62067c3c-b06d-4024-9328-0c43d062887e,8201193617,",Internal Medicine,",South,2025-03-31 06:47:40.380671+00
620a6a60-11a7-483f-a29b-9b9288a48bc5,4000761031,",Dermatology,",Northeast,2025-03-31 06:47:40.393211+00
6219cc2b-34fb-4ac9-84f1-9d0b60f32d24,9146417926,",Internal Medicine,",Northwest,2025-03-31 06:47:40.377504+00
6226815b-9662-47fc-928f-1138e7003a1c,5409905871,",Obstetrics & Gynecology,",West,2025-03-31 06:47:40.382175+00
622bf8bd-2729-4a0f-a4b9-65acfe3f29b7,4120476622,",Dermatology,",Midwest,2025-03-31 06:47:40.392898+00
622c24eb-db17-45ca-9a43-9586e9ff0bad,2306778982,",Internal Medicine,",Northeast,2025-03-31 06:47:40.37704+00
624077a8-2284-4717-9f50-4ed1b0429586,4551206463,",Internal Medicine,",Midwest,2025-03-31 06:47:40.381254+00
62450032-4b35-47d3-8027-88f6966800cd,8770448969,",Radiology,",Northwest,2025-03-31 06:47:40.395224+00
62462d52-61eb-4649-b4dd-edf947ca7fc4,5748019848,",Dermatology,",Northeast,2025-03-31 06:47:40.404508+00
62564dac-3533-44c0-8c48-1fb9d820d3a9,4347513884,",Internal Medicine,",South,2025-03-31 06:47:40.379557+00
625a6466-b8e4-4dbf-9f45-d09b1719c911,4397663701,",Radiology,",South,2025-03-31 06:47:40.394458+00
625af16f-dc0b-454b-8567-2ee576d1eb54,7531731370,",Anesthesiology,",South,2025-03-31 06:47:40.396841+00
62666a57-eb42-4f9a-a50f-e3f52018109f,1659402725,",Internal Medicine,",Midwest,2025-03-31 06:47:40.377414+00
6272151d-8ec3-43e3-afc0-472d0b9d948b,8519945897,",General Surgery,",Northeast,2025-03-31 06:47:40.38708+00
6276a99d-05c3-423e-9aff-e74cea912d86,1761564740,",Pulmonology,",South,2025-03-31 06:47:40.401937+00
62824ba1-c557-42be-b4a3-668bd73177c6,4272403062,",Pulmonology,",Northwest,2025-03-31 06:47:40.401592+00
6286c68c-a3ac-4361-b040-ae01c1358205,9172052492,",Dermatology,",Northwest,2025-03-31 06:47:40.393056+00
628baf96-e727-45c7-9302-3ff1721058d0,5626445239,",Neurology,",Northwest,2025-03-31 06:47:40.398664+00
629467eb-e099-471a-b252-808aa66019be,4848785151,",Internal Medicine,",Midwest,2025-03-31 06:47:40.381076+00
6296e650-a187-4648-84b9-7ef88ad9d3c1,3126353899,",Psychiatry,",South,2025-03-31 06:47:40.385533+00
629b43cb-3f98-4e5e-bcfe-8c2bf5e7f3eb,1456296544,",Neurology,",Midwest,2025-03-31 06:47:40.398825+00
62c79de4-ac6f-40e9-86c3-c065f54b7c58,8659735755,",Dermatology,",West,2025-03-31 06:47:40.392903+00
62c8dc96-090b-4dfa-b0d8-f822bbdf93eb,4562708928,",Neurology,",South,2025-03-31 06:47:40.397737+00
62cab59f-2281-4ddd-a39f-b5198e38e7f0,2877670384,",Cardiology,",Northeast,2025-03-31 06:47:40.389133+00
62d0fe64-fd32-443e-b7e8-162dfe9742f4,4652059802,",Orthopedic Surgery,",West,2025-03-31 06:47:40.391114+00
62d265bf-b287-4847-b15c-4f64ce77e064,7128589388,",General Surgery,",West,2025-03-31 06:47:40.387151+00
62d31106-33a6-4710-9eae-c648e7a512f3,4443986041,",Obstetrics & Gynecology,",Northeast,2025-03-31 06:47:40.383658+00
62d964f5-8905-4672-a95f-ed7105754cd4,2167601223,",Neurology,",Midwest,2025-03-31 06:47:40.399093+00
62dd3c16-284a-46c2-b847-a2fbc72338b8,8577567174,",Obstetrics & Gynecology,",West,2025-03-31 06:47:40.382782+00
62de4888-a9a9-4a91-a44e-9e8c4f7d0b8d,7797494203,",Neurology,",South,2025-03-31 06:47:40.39798+00
62e0044c-4e95-4af8-9853-a0d8f6f99eb6,8532520509,",Cardiology,",South,2025-03-31 06:47:40.388517+00
62e4919f-5788-4616-9d58-6c317174ee16,5517226881,",General Surgery,",Northeast,2025-03-31 06:47:40.387222+00
62e8085c-7446-4829-ab21-149077e2e35d,3823356060,",Psychiatry,",Midwest,2025-03-31 06:47:40.38603+00
62e9d42d-37f6-47b5-be16-1cdb6f4d7ae4,7614995830,",Anesthesiology,",Midwest,2025-03-31 06:47:40.397487+00
62e9ed7a-dd37-424c-a2ec-f5dc585dca96,8903587461,",Internal Medicine,",West,2025-03-31 06:47:40.379281+00
62ed68a1-1525-4015-a0ed-58cdf42e789e,6440314785,",Oncology,",Northeast,2025-03-31 06:47:40.402939+00
62f361ec-2af1-49b5-92d3-08b42557a5aa,3482851021,",General Surgery,",Midwest,2025-03-31 06:47:40.387466+00
62f377fa-1485-4a86-bb2f-97846b857dea,8130361837,",Obstetrics & Gynecology,",West,2025-03-31 06:47:40.383589+00
631086d3-5b32-403a-b82f-a15c47017b72,7260906753,",Orthopedic Surgery,",West,2025-03-31 06:47:40.391215+00
6310ab70-ef71-4dd9-8593-06abdd964e85,4229575075,",Orthopedic Surgery,",West,2025-03-31 06:47:40.391188+00
63166855-59dc-4379-9518-08b804ff0df0,3820874790,",Radiology,",Northeast,2025-03-31 06:47:40.395738+00
6316e7d6-3e0c-47e5-8df0-986c1e0f4795,9932365625,",Internal Medicine,",Northwest,2025-03-31 06:47:40.377482+00
6318b566-e526-4c44-998c-a0e7e5103b85,1976165691,",Internal Medicine,",West,2025-03-31 06:47:40.379103+00
63224a10-5ce0-4c3b-b53b-268016bad21b,3819041690,",Internal Medicine,",Northwest,2025-03-31 06:47:40.376334+00
6323bd76-81a6-4dec-a754-414996e5ccf9,8456537505,",Dermatology,",Northeast,2025-03-31 06:47:40.393297+00
632c66a9-820a-498c-b7e4-453335c06f5f,3786850693,",Internal Medicine,",Northeast,2025-03-31 06:47:40.379702+00
632f67ef-0aae-499a-8513-9edec43b8de1,6201989333,",Anesthesiology,",Northeast,2025-03-31 06:47:40.396973+00
63331ba0-e002-4985-ba65-b96c529e791a,8652210596,",Psychiatry,",Northwest,2025-03-31 06:47:40.385953+00
63355911-3490-4bd1-b78f-c29a7738977f,4576350158,",Dermatology,",South,2025-03-31 06:47:40.393846+00
63378418-9b5d-4a6c-8892-e4334af62ebc,4259384181,",Gastroenterology,",South,2025-03-31 06:47:40.399947+00
63422722-53e2-406e-8806-ddf84649518d,6284745480,",Anesthesiology,",Northwest,2025-03-31 06:47:40.397711+00
634bc4f1-acbb-4be2-92e8-34ccc0835608,6730436450,",General Surgery,",Midwest,2025-03-31 06:47:40.386867+00
634c7a86-d9ce-4004-a062-1c70309cdbec,4018108785,",Orthopedic Surgery,",West,2025-03-31 06:47:40.392275+00
63680c18-76a3-4753-ad9b-a67363f23ce0,3190682283,",Cardiology,",Northeast,2025-03-31 06:47:40.388393+00
6376780c-ffb6-4f3a-a75c-26867008df20,1763529783,",General Surgery,",Northeast,2025-03-31 06:47:40.387765+00
6393578d-7ed8-431d-bdc6-fc6018b42a57,1254209906,",Psychiatry,",Northwest,2025-03-31 06:47:40.38439+00
63938472-369a-42c1-829a-dbcb23f3c538,8590907429,",Radiology,",South,2025-03-31 06:47:40.395158+00
6394c929-9f20-4e23-808d-24b684f601a7,4047742340,",Neurology,",Midwest,2025-03-31 06:47:40.398036+00
639b2221-4b60-44f1-bb21-d7d8232b233e,9327988892,",Psychiatry,",South,2025-03-31 06:47:40.385804+00
63a5f4d3-74a6-44b4-9690-41c0c73e6323,2084083707,",Radiology,",Northwest,2025-03-31 06:47:40.395561+00
63ab7219-64e8-477c-a3e3-c17d53043ed9,7291512756,",Psychiatry,",Northeast,2025-03-31 06:47:40.384814+00
63b6e0d0-20ec-4795-82a9-cc09651b754f,8805241695,",Internal Medicine,",Northwest,2025-03-31 06:47:40.380362+00
63b7a3ff-81e9-4711-92d9-19396dc96644,1625457321,",Anesthesiology,",West,2025-03-31 06:47:40.396806+00
63c11762-749f-480c-bca4-4c04c1982290,9246699748,",Psychiatry,",Northwest,2025-03-31 06:47:40.385472+00
63d17eb8-d81b-4b46-9b2b-73aa57096cd7,7935945858,",Internal Medicine,",South,2025-03-31 06:47:40.378709+00
63d3ab0a-2e1c-4b28-bf8c-1f1311f15c99,6399512156,",Internal Medicine,",Midwest,2025-03-31 06:47:40.376213+00
63dface1-0ad4-49bd-a2eb-be08181a5043,8236400003,",General Surgery,",West,2025-03-31 06:47:40.386775+00
63eef0f9-5b5b-4bdc-aa94-7deba5183a6a,6496550932,",Urology,",Midwest,2025-03-31 06:47:40.401058+00
63eeffb3-5d6d-4453-9aff-2ca27c030637,3218489528,",Radiology,",Northeast,2025-03-31 06:47:40.395257+00
63f5f503-b560-40fc-9ecb-87d393544d53,8150958263,",Cardiology,",Midwest,2025-03-31 06:47:40.390169+00
6404bf2c-06a4-4a43-beb1-f8e89fb21fc3,4988068944,",Internal Medicine,",West,2025-03-31 06:47:40.376202+00
64158c0d-4250-46a2-9d2d-241a869918d0,3761961847,",Psychiatry,",West,2025-03-31 06:47:40.385362+00
641655cf-a36c-41ce-88be-c2b1496cf005,1486730435,",Cardiology,",Northeast,2025-03-31 06:47:40.390397+00
641a26e5-7ac6-42eb-aabf-82e9d6cc737a,3915807319,",Psychiatry,",South,2025-03-31 06:47:40.385768+00
641c9ace-9972-44be-bcc9-3e16b310f3b0,9032324612,",Neurology,",Northwest,2025-03-31 06:47:40.397784+00
64203d95-acbc-4713-86d4-9137c6cf51b5,3583741632,",Radiology,",Northwest,2025-03-31 06:47:40.395556+00
6425d586-5d6a-4921-a601-16a09dac31a4,9410188637,",Internal Medicine,",Northeast,2025-03-31 06:47:40.380464+00
64265e34-bd03-46e9-b097-f8afea30a1d6,2489509165,",General Surgery,",Midwest,2025-03-31 06:47:40.386125+00
64280023-0027-4c00-8379-c919c5ffa4ea,2993950950,",Psychiatry,",Northeast,2025-03-31 06:47:40.384191+00
642ae9e7-fbc4-4c4b-bfe9-82d87e499bac,5254215023,",Internal Medicine,",West,2025-03-31 06:47:40.380441+00
642cbd0f-b45b-4c69-a942-eb8df7524221,9916021488,",Dermatology,",Northwest,2025-03-31 06:47:40.393436+00
643a89ca-5c06-490d-a347-3a98712a6aa7,3127965346,",Neurology,",South,2025-03-31 06:47:40.39787+00
6448f53c-a545-470f-8e85-a8b1ab64c836,8072661703,",Internal Medicine,",South,2025-03-31 06:47:40.379601+00
64511bda-f22d-42c8-8b56-a3c61904273f,8888491129,",General Surgery,",Midwest,2025-03-31 06:47:40.387964+00
64524fc3-0330-4c1c-8ba3-57e9c3f578cf,2558221209,",Urology,",Northwest,2025-03-31 06:47:40.400699+00
64548bf8-edf1-4b2c-b985-1e7f1e75c54e,7395727400,",Psychiatry,",Northeast,2025-03-31 06:47:40.384194+00
645537c2-c469-42bb-9f4d-28ce9d283bfa,1820466757,",Oncology,",Northwest,2025-03-31 06:47:40.402917+00
6464b78c-8e8d-472e-bc42-a11b0522cb04,4230436008,",Internal Medicine,",Northeast,2025-03-31 06:47:40.377362+00
64678343-a81e-4a07-8271-cf5e8237a415,9097367346,",Psychiatry,",Northwest,2025-03-31 06:47:40.385414+00
64678c0a-6a44-43ad-a873-52834f5489b4,3569326692,",Urology,",Northeast,2025-03-31 06:47:40.400809+00
646f2d20-b23c-42ae-a8e3-2bb94a3f780b,8703401929,",Orthopedic Surgery,",Midwest,2025-03-31 06:47:40.390741+00
64703096-820e-4da4-b59d-1982de46c9a3,6410428234,",Dermatology,",Northwest,2025-03-31 06:47:40.39382+00
6476102d-8439-41e7-a1b7-40a71d2fd848,9901612246,",Internal Medicine,",Northwest,2025-03-31 06:47:40.379529+00
647fe0b6-6d29-4e52-a399-efa1a4972af6,1181583794,",Anesthesiology,",Northeast,2025-03-31 06:47:40.397688+00
6480dd28-1d77-4754-bad9-865feb3a0c9e,2455998988,",Internal Medicine,",West,2025-03-31 06:47:40.378548+00
6486ba3f-c7df-4fcb-a335-de51389d0853,8903201304,",Psychiatry,",West,2025-03-31 06:47:40.384362+00
64878655-5e45-47e6-b919-c4cc75831350,5898560811,",Internal Medicine,",West,2025-03-31 06:47:40.378245+00
648e8b25-8c9c-4944-a200-c68e8423c01b,4435982741,",Psychiatry,",Midwest,2025-03-31 06:47:40.38572+00
64985cdc-bd8c-461c-a962-e8dd28c89f8d,4165795554,",Obstetrics & Gynecology,",Northwest,2025-03-31 06:47:40.382655+00
6499e37c-a8dc-4077-902d-3896a7b000f2,4172961663,",Dermatology,",Northwest,2025-03-31 06:47:40.393214+00
649aed06-10df-45ff-8708-d170ee59418c,9055804164,",General Surgery,",Northeast,2025-03-31 06:47:40.403716+00
64a616d1-7ad3-4a9e-8f13-451e1e014167,6820615344,",Neurology,",South,2025-03-31 06:47:40.398412+00
64a72194-5187-44b1-8d3b-b49cf92dc222,1468531495,",Dermatology,",Northeast,2025-03-31 06:47:40.393808+00
64a7f27e-b54a-4657-b4da-1647a51ff7fc,6999435502,",Cardiology,",South,2025-03-31 06:47:40.390357+00
64ab1f0a-ed58-4067-9850-df0f7053d317,7868507793,",Gastroenterology,",South,2025-03-31 06:47:40.40015+00
64abafd8-6000-418d-ac0a-09452b7cd6cf,8357040679,",Gastroenterology,",Northwest,2025-03-31 06:47:40.399357+00
64b48fdd-4a6e-4f72-a7db-03f0984ebbab,3121795362,",General Surgery,",West,2025-03-31 06:47:40.388096+00
64c6e4f4-9cea-4f9d-951c-021e963115e5,7153745872,",General Surgery,",Midwest,2025-03-31 06:47:40.387426+00
64c8786d-d318-47ac-ad67-a62e40990089,6948191036,",Obstetrics & Gynecology,",Northeast,2025-03-31 06:47:40.383734+00
64cacd1c-f071-4e1f-b671-a73d860cbce4,5378230120,",Internal Medicine,",Northeast,2025-03-31 06:47:40.377351+00
64d9ad9c-70bf-48e0-9035-d3c20a092f85,6734307882,",Neurology,",South,2025-03-31 06:47:40.398365+00
64e0a8cf-c21d-42bd-a869-99a9178d521c,6848831336,",Internal Medicine,",Midwest,2025-03-31 06:47:40.37961+00
64e51b06-e86d-4403-ab49-4cbae5d4d7f5,4112369490,",Gastroenterology,",Midwest,2025-03-31 06:47:40.399927+00
64e8538e-6195-4f6d-af05-0c6257a68114,1178466107,",Internal Medicine,",Northeast,2025-03-31 06:47:40.378273+00
64fd0e67-754f-4c42-bba8-8c7e0960c963,1221171229,",Radiology,",Northwest,2025-03-31 06:47:40.404018+00
64ffa919-535f-4877-a02b-9c6f45770e73,2881290982,",Internal Medicine,",Northwest,2025-03-31 06:47:40.381472+00
6501ae80-054f-4027-99e6-b3c8866bf4ee,9475791882,",Obstetrics & Gynecology,",South,2025-03-31 06:47:40.3818+00
65059ba1-9835-470f-8f04-66bd3e1d777b,2622262713,",Dermatology,",South,2025-03-31 06:47:40.393367+00
650cceef-083c-4561-b4fb-26425b81f0ff,9944455741,",Neurology,",Northeast,2025-03-31 06:47:40.398605+00
6515acae-2710-4518-9379-3d138e7b6f69,7698253853,",Anesthesiology,",Northeast,2025-03-31 06:47:40.396522+00
651927da-612e-4b98-ac9a-d8e652673295,7862937715,",Cardiology,",Midwest,2025-03-31 06:47:40.388582+00
651ba147-e1f4-4b65-a467-a594c99b09c1,9264413177,",Oncology,",Midwest,2025-03-31 06:47:40.402791+00
652352d4-a14e-4986-a94c-dca3385c9e43,5424932280,",Psychiatry,",Northeast,2025-03-31 06:47:40.384514+00
65248dda-f1ed-434b-9677-3aa40bcbd42b,6280525096,",Internal Medicine,",Midwest,2025-03-31 06:47:40.376976+00
65442f79-b160-4081-858f-0beb4dfa1dc6,4630366255,",General Surgery,",Midwest,2025-03-31 06:47:40.386418+00
6547e8ff-be6b-49ba-95af-ed5091db7571,8204073695,",General Surgery,",Midwest,2025-03-31 06:47:40.386119+00
654c31fe-d328-4628-b251-8f55747c31bf,3256405819,",Obstetrics & Gynecology,",West,2025-03-31 06:47:40.381988+00
6552eda6-99d3-4b4f-ad42-c29afd7eca2a,2817292821,",Gastroenterology,",Midwest,2025-03-31 06:47:40.399881+00
6561dfae-198f-4163-b892-34ca6a61bf32,4679368022,",Gastroenterology,",Northwest,2025-03-31 06:47:40.399998+00
6562e885-3d01-4817-a7c9-6e2f43e387c9,8306735329,",Psychiatry,",West,2025-03-31 06:47:40.384531+00
65643c07-1c1f-45b1-aed4-31b3e51bd6c6,5673631490,",Anesthesiology,",Northwest,2025-03-31 06:47:40.39672+00
6565742d-44dd-48f1-94fa-bb6f27a6c11d,2378507697,",Cardiology,",West,2025-03-31 06:47:40.389238+00
6568f9d9-03ba-4e09-8d84-13c162b36d45,3726735744,",Internal Medicine,",West,2025-03-31 06:47:40.379425+00
656bbfc3-90d8-4805-ba74-899e4403a348,6032863194,",Orthopedic Surgery,",Midwest,2025-03-31 06:47:40.391599+00
656f7b99-d4d7-4e16-94c6-58ab05db1612,5362011539,",Neurology,",Midwest,2025-03-31 06:47:40.404293+00
6577cb54-70c7-42db-a643-934a468963ce,4371097381,",Obstetrics & Gynecology,",Northeast,2025-03-31 06:47:40.383429+00
657810f2-0898-4460-bee1-ff8c84ab5afc,5942058154,",General Surgery,",West,2025-03-31 06:47:40.387553+00
65829816-0121-49ba-8355-ac4b4dda809c,5842408064,",General Surgery,",Northwest,2025-03-31 06:47:40.386964+00
658dd6a1-1798-468e-81ac-5676e379278d,3231985336,",Psychiatry,",Northwest,2025-03-31 06:47:40.385841+00
659261af-7776-45b3-8fb4-03781174a654,5990044533,",Internal Medicine,",South,2025-03-31 06:47:40.376952+00
6596a444-f85b-420b-b455-d2741cd8fbe6,8743969592,",Pulmonology,",Northeast,2025-03-31 06:47:40.401649+00
659e2d96-5678-446c-983a-772677abacd4,3379753882,",Cardiology,",Northwest,2025-03-31 06:47:40.390328+00
659e3a2e-3d52-43bd-90a8-1daf0b6c6603,2147757989,",Orthopedic Surgery,",Northwest,2025-03-31 06:47:40.392027+00
65a26b59-e332-4b87-827b-bf9238a63d2c,4353306624,",Internal Medicine,",South,2025-03-31 06:47:40.376387+00
65a36e5c-22c7-4489-a8cc-4571c06de856,8007559947,",Urology,",Midwest,2025-03-31 06:47:40.400851+00
65b5bac4-2c44-461b-96a5-7c23ffc2bae4,9071041236,",General Surgery,",Northeast,2025-03-31 06:47:40.388074+00
65b7d88e-0a90-4dd9-9750-24f9599d7d2c,8802386188,",Urology,",South,2025-03-31 06:47:40.400778+00
65bb7785-8200-4eba-a31a-60bbf8bd32ac,2478003369,",Dermatology,",Northeast,2025-03-31 06:47:40.393516+00
65bd19d6-19a3-465f-9c0c-e33c9070148d,5471348077,",General Surgery,",Northeast,2025-03-31 06:47:40.386558+00
65c3a418-23b8-4a7e-8748-0377b2b4b59d,5464888540,",Cardiology,",Northeast,2025-03-31 06:47:40.390171+00
65c5c7c1-6772-4dd2-9800-1551a6980bef,8656088525,",Radiology,",South,2025-03-31 06:47:40.394845+00
65d53c94-f401-40c9-9e1d-b3b7821f8aed,6110947583,",Dermatology,",Midwest,2025-03-31 06:47:40.394071+00
65d66812-e14c-4936-a5b8-dd785db66de6,3469567575,",Psychiatry,",Northeast,2025-03-31 06:47:40.384912+00
65e8e875-612b-4703-be60-1b056faaf678,9168914188,",Dermatology,",Northeast,2025-03-31 06:47:40.39404+00
65e99b79-116f-47a3-a330-f8383cc24407,4265213289,",Internal Medicine,",Northwest,2025-03-31 06:47:40.377345+00
65eb19cd-1b56-42bf-a958-2496b32bc7c6,3715517330,",Gastroenterology,",Northwest,2025-03-31 06:47:40.399105+00
65f34faa-10f8-4d7b-a30d-605d4f863b7c,2304253610,",Internal Medicine,",Northeast,2025-03-31 06:47:40.378082+00
65f36392-f801-447c-8dd7-80be1c9d8f60,7253797840,",Orthopedic Surgery,",Midwest,2025-03-31 06:47:40.40326+00
65f36525-4439-4122-b791-4161506cafdc,3458509319,",Anesthesiology,",Northwest,2025-03-31 06:47:40.397447+00
65f5ab02-4b4a-4688-9c54-46560bdb6804,9366613167,",Dermatology,",Midwest,2025-03-31 06:47:40.394051+00
66007925-4226-4306-9a05-a21ea0ab2a8a,8432059726,",Internal Medicine,",South,2025-03-31 06:47:40.37848+00
6606cd6f-6de0-415d-82c4-9166a301e7fd,7723065821,",Nephrology,",Northeast,2025-03-31 06:47:40.402123+00
6610f460-e9c3-4f4e-a92b-1b628856375c,3670327775,",Internal Medicine,",West,2025-03-31 06:47:40.378517+00
6615d417-c671-444f-8cc3-5563544c06c9,7900567984,",Internal Medicine,",Midwest,2025-03-31 06:47:40.379633+00
66208a0d-ff2a-4dc3-8347-adf5f5e41e4f,7471136473,",Psychiatry,",Midwest,2025-03-31 06:47:40.384217+00
66243683-ffcd-42de-bc2d-8bb93bc79f70,8990154528,",Cardiology,",Northwest,2025-03-31 06:47:40.389636+00
662976f9-2cde-46e7-bb9a-76227f82e68b,5799633169,",Orthopedic Surgery,",Northwest,2025-03-31 06:47:40.391106+00
662cd983-4da2-4a0e-91cb-3c51590072a2,9395716243,",Cardiology,",West,2025-03-31 06:47:40.389286+00
66340a45-0afc-4f43-bdff-a9dedf3b78ca,2646901887,",Dermatology,",Midwest,2025-03-31 06:47:40.39332+00
66401be9-1126-4100-aa72-0842f4d38b66,9817885611,",Neurology,",South,2025-03-31 06:47:40.39818+00
664147e1-60fb-4ce6-9aa8-aab8037a02d2,5831563238,",Obstetrics & Gynecology,",South,2025-03-31 06:47:40.381691+00
664e7db4-c89f-4516-8013-f85108dc8547,9705752212,",Anesthesiology,",Northwest,2025-03-31 06:47:40.396921+00
66545a2f-8b7d-404a-bf76-2d1ce29e635f,1443768137,",Dermatology,",Northwest,2025-03-31 06:47:40.393803+00
665643b2-bad6-412c-a53f-a372a3847134,1877746850,",Oncology,",Midwest,2025-03-31 06:47:40.403045+00
66589f89-86b2-4242-bc0f-6745e2b4d251,9366656397,",Internal Medicine,",Northwest,2025-03-31 06:47:40.37829+00
6659f74a-ef8f-4591-b39a-a844dd4ac662,8730278383,",Anesthesiology,",South,2025-03-31 06:47:40.39637+00
66651dc3-0189-41c2-a858-83366b74b8e3,6234752895,",Internal Medicine,",South,2025-03-31 06:47:40.376176+00
66652381-a8db-4bea-a8d8-da88e3001fbb,9631949100,",Pulmonology,",Midwest,2025-03-31 06:47:40.401256+00
66685e61-5b34-4562-ad8c-5a69fdd4e5c0,6122093879,",Internal Medicine,",Northwest,2025-03-31 06:47:40.404373+00
667051d6-4754-4074-a2e2-f3a80446792e,1783483046,",Gastroenterology,",Northeast,2025-03-31 06:47:40.3995+00
66713a0a-eda4-498b-a49f-4dd436d4ba9b,8249070994,",General Surgery,",Northwest,2025-03-31 06:47:40.387871+00
6683dab7-1f0d-4880-9ad5-01c4306bc75d,3983456023,",Radiology,",Northeast,2025-03-31 06:47:40.395235+00
6690795b-9189-4cd7-8f7c-fb201829b258,9699264342,",Neurology,",Northwest,2025-03-31 06:47:40.398771+00
6693541d-71d1-4a52-b9c6-dd87f18d36f3,4852861472,",Dermatology,",Northwest,2025-03-31 06:47:40.394045+00
669a3804-9a63-4cbb-b24f-1b7b5090b8b8,1151805831,",Internal Medicine,",Midwest,2025-03-31 06:47:40.381065+00
669da526-eca3-48e1-8bfe-3ab5f9c6e7e2,6129448126,",Pulmonology,",Midwest,2025-03-31 06:47:40.401459+00
66a1f75f-f234-4bb0-90cd-f0f2decf2a17,4825121155,",Oncology,",South,2025-03-31 06:47:40.402735+00
66a45a71-5a35-4242-8adf-a8712ab9e379,8685477742,",Internal Medicine,",West,2025-03-31 06:47:40.379785+00
66a89df8-14e6-4a4f-986b-7330b409fd80,2825985297,",Obstetrics & Gynecology,",Midwest,2025-03-31 06:47:40.382112+00
66c0c865-51d9-471e-8c7f-e5307114ef08,9757061274,",Anesthesiology,",West,2025-03-31 06:47:40.396245+00
66c5894b-0076-44c1-8658-9a023eb3a277,4802604009,",Psychiatry,",West,2025-03-31 06:47:40.383946+00
66c77d53-1a99-4aa0-818f-379b3845dc6b,4142118972,",General Surgery,",Northeast,2025-03-31 06:47:40.387043+00
66d7ef27-ba04-4f47-9b28-5e4389185f62,2051524719,",Anesthesiology,",Midwest,2025-03-31 06:47:40.397666+00
66d8b85a-2f42-46f6-b24e-913876f89a5e,5970181532,",Psychiatry,",Northwest,2025-03-31 06:47:40.385469+00
66da1d29-b38d-4c82-81ff-4749b9655fc4,1398270304,",Obstetrics & Gynecology,",West,2025-03-31 06:47:40.381786+00
66db4104-f66c-4c70-98b3-cb9e2f252423,4548649570,",Internal Medicine,",Northwest,2025-03-31 06:47:40.379931+00
66e7a9c6-483a-41a5-8e64-7d06d6f008e2,5303857385,",Gastroenterology,",South,2025-03-31 06:47:40.400198+00
66ed5588-b515-4a04-a20f-994ea02880ae,6849898697,",Nephrology,",South,2025-03-31 06:47:40.402467+00
66ef28c6-dba8-4bae-b557-67b07d25e62f,5012527226,",Urology,",West,2025-03-31 06:47:40.400964+00
66ef9b57-1abe-4eb2-836a-17a574468777,9801746378,",General Surgery,",Northwest,2025-03-31 06:47:40.386623+00
66fefd45-b037-4aa8-932d-15d6e7f54251,4097694484,",Obstetrics & Gynecology,",West,2025-03-31 06:47:40.383387+00
66fff043-d180-420a-85f4-15a5f999b699,1981751269,",Psychiatry,",Midwest,2025-03-31 06:47:40.384641+00
670deb3c-5e1c-4913-a2cf-4eafb3d4d4e2,4127433350,",Gastroenterology,",West,2025-03-31 06:47:40.403906+00
671220be-7a37-448a-a50b-1c99834c7ca7,5722918703,",Orthopedic Surgery,",Northwest,2025-03-31 06:47:40.39114+00
671325a7-f657-4669-af1d-b1d6958aa4b0,7158438745,",Internal Medicine,",Northwest,2025-03-31 06:47:40.377178+00
67134854-757f-4d4b-8c3c-7c53b1a7157e,1977734756,",Internal Medicine,",Midwest,2025-03-31 06:47:40.377107+00
67136538-d023-46ab-9cf9-aa2cc0fe07bf,4296962245,",Radiology,",Northwest,2025-03-31 06:47:40.395327+00
671579a9-e173-461b-a1f0-69f7faf71748,6130988790,",Internal Medicine,",Northeast,2025-03-31 06:47:40.378187+00
671db11f-861e-4ab6-b1c2-c53cd55099fc,3280213944,",Obstetrics & Gynecology,",Midwest,2025-03-31 06:47:40.381783+00
672a63ea-fc4f-4f91-980a-1ba42b979406,4373061782,",Orthopedic Surgery,",Northwest,2025-03-31 06:47:40.390793+00
672be997-f9e3-40a8-9f76-21b5c544a96d,9849653614,",Pulmonology,",Midwest,2025-03-31 06:47:40.40167+00
6731b73a-6024-4fe3-bdc2-93c7f82c199b,5641539068,",Gastroenterology,",Northeast,2025-03-31 06:47:40.403789+00
67347f55-6f8a-4c41-a561-c08b7a41be46,2861454639,",Psychiatry,",South,2025-03-31 06:47:40.384337+00
67424b3f-a8bf-4711-8293-fa659f997e08,3263165078,",Gastroenterology,",Northwest,2025-03-31 06:47:40.40011+00
674511cf-0063-46e5-b223-d3396fd20d5e,9503806448,",Internal Medicine,",Midwest,2025-03-31 06:47:40.378497+00
674dc437-8841-46ea-9b39-66c2c314cdaa,5739174092,",Cardiology,",Midwest,2025-03-31 06:47:40.389622+00
675548c0-f911-4cc8-8eb1-31de48045fd1,7695630064,",Anesthesiology,",Northeast,2025-03-31 06:47:40.397022+00
67628c8b-203f-40bd-bd4e-be9c3ebd6420,6620965054,",Nephrology,",West,2025-03-31 06:47:40.402318+00
6766f143-20d7-4d84-9056-062b039b613c,5837868670,",Anesthesiology,",Northwest,2025-03-31 06:47:40.397371+00
676769bf-0015-4759-a54b-f25335f15fc7,6013567756,",Urology,",Northwest,2025-03-31 06:47:40.400837+00
676b5119-971e-4d65-be26-5ef3794b2ebb,8723548657,",Psychiatry,",Midwest,2025-03-31 06:47:40.383937+00
67724d5c-1e9d-4054-8614-e10bd823f101,1904811540,",General Surgery,",Northwest,2025-03-31 06:47:40.387258+00
67782efc-7c2d-4948-90e9-53d7e04ba075,6329888646,",Urology,",Northwest,2025-03-31 06:47:40.400475+00
67788da5-57b0-48c9-8b24-db21c1e1e0f8,2122798284,",Dermatology,",Northeast,2025-03-31 06:47:40.393448+00
6797b5a3-58be-4d08-b672-081362a7d7e6,8322851480,",Psychiatry,",South,2025-03-31 06:47:40.384122+00
67a28340-67ef-42e2-a57e-cc842902e4dd,3092673613,",Cardiology,",Midwest,2025-03-31 06:47:40.389756+00
67a2f81a-5b18-4784-bbd0-6b2d2ea30b79,5638675403,",Anesthesiology,",South,2025-03-31 06:47:40.397351+00
67a61ba8-beb4-4a56-835a-99f2d65692b7,7116680360,",Dermatology,",Northwest,2025-03-31 06:47:40.392757+00
67a7dcfa-085e-4755-a019-9ee60da0f7f0,9095264764,",Cardiology,",Midwest,2025-03-31 06:47:40.39002+00
67a7e200-94a5-4fbf-94df-7fc57c1ac530,9253519219,",Obstetrics & Gynecology,",West,2025-03-31 06:47:40.403641+00
67a88dc2-1d7f-4168-9c96-af19df595e3e,9881357339,",General Surgery,",South,2025-03-31 06:47:40.387991+00
67af3e14-fa7c-43df-bdbf-07c4d7f9d2da,7510464725,",Oncology,",South,2025-03-31 06:47:40.402848+00
67ba7fc8-dfbc-4250-81a1-a7065da2efdd,9922452002,",Obstetrics & Gynecology,",West,2025-03-31 06:47:40.383132+00
67ccef30-8c5d-4692-bc37-2b744feb229e,2925379986,",Obstetrics & Gynecology,",Northwest,2025-03-31 06:47:40.382594+00
67cd9b03-25dd-4b3a-b47f-5087a7f67f82,9504660843,",Neurology,",West,2025-03-31 06:47:40.398286+00
67d8433f-b524-4993-b87d-e03a53204ebe,6060784316,",Psychiatry,",Northwest,2025-03-31 06:47:40.403133+00
67dcdd61-fced-4506-b653-0769af340832,8180889345,",Internal Medicine,",South,2025-03-31 06:47:40.379261+00
67df0fc7-9c4e-4aec-837c-e3b74bdfa1c4,8870201728,",Neurology,",South,2025-03-31 06:47:40.398376+00
67df61bb-32e7-4ae5-8642-11712dcd11d4,3266498467,",Obstetrics & Gynecology,",Northwest,2025-03-31 06:47:40.382476+00
67e226cb-ce99-46f2-92dc-0bf130c13604,2553434997,",Internal Medicine,",South,2025-03-31 06:47:40.37612+00
67e487e9-be55-4d48-aba0-9486aa1fd709,4661844793,",Internal Medicine,",Northeast,2025-03-31 06:47:40.379061+00
67e72ffa-fede-49f1-8789-da4aef5423a2,5384395326,",Obstetrics & Gynecology,",South,2025-03-31 06:47:40.382743+00
680beb1c-1b89-4d84-b256-c5582c6c0cdb,7828914779,",Anesthesiology,",West,2025-03-31 06:47:40.397096+00
68139af7-ed78-4bea-b130-e30b3a031f5e,4311020723,",Cardiology,",Northeast,2025-03-31 06:47:40.389613+00
681645b7-398b-4f85-b452-e8c6b0bb3844,5655633608,",Radiology,",Midwest,2025-03-31 06:47:40.394738+00
682c6bc9-9bb8-42be-a64a-96f3d5e2c666,4668107099,",Neurology,",South,2025-03-31 06:47:40.399059+00
682f816a-6100-4abd-9504-fa09fe8c89e1,9063589102,",Internal Medicine,",Northeast,2025-03-31 06:47:40.380644+00
6838760d-db37-44bc-b6f1-9f181ead0335,5206568292,",Internal Medicine,",Midwest,2025-03-31 06:47:40.380685+00
683b42fe-e106-48d5-bde7-f57c84c92515,5848627599,",Psychiatry,",West,2025-03-31 06:47:40.385239+00
6845bca0-2ec2-42ab-92a8-e70f238f98f5,1747742020,",Radiology,",West,2025-03-31 06:47:40.395195+00
6848219a-4e70-4e0b-9905-a4040a937b40,8310994119,",Orthopedic Surgery,",South,2025-03-31 06:47:40.392549+00
684eca31-f4d4-4e1c-a107-0d7c446f6c2b,4882904502,",Radiology,",Northwest,2025-03-31 06:47:40.394602+00
68635a4f-b9be-465c-8acf-278f223d264b,4200605355,",Urology,",Northeast,2025-03-31 06:47:40.400668+00
6870c348-bc92-45ca-9c34-07483989be26,5453627482,",General Surgery,",Northwest,2025-03-31 06:47:40.387985+00
6873f765-3e1a-42ec-8fb9-c07d66c3c77f,2723893745,",Pulmonology,",Midwest,2025-03-31 06:47:40.401303+00
68754826-1cbd-41d7-bbfe-35df5a18ed54,6949250447,",Oncology,",South,2025-03-31 06:47:40.402701+00
687bb603-8aaf-4815-ba85-dc0800569e27,8894783888,",General Surgery,",Midwest,2025-03-31 06:47:40.386342+00
688c8a64-31df-47aa-8f92-7b09595d8190,7016632216,",Radiology,",Northwest,2025-03-31 06:47:40.395856+00
689035b9-09ac-4823-a16b-dfdc323d3ff6,7882419411,",Orthopedic Surgery,",Northeast,2025-03-31 06:47:40.391094+00
6894a442-f62f-4a2a-9556-9c752f9f4fc2,7896608200,",Gastroenterology,",Northwest,2025-03-31 06:47:40.400038+00
68a01aed-ce7a-48c9-81e8-7f6d730b6168,3619026239,",Obstetrics & Gynecology,",South,2025-03-31 06:47:40.382144+00
68a52e09-948d-43a8-bc17-14809bf40f0a,8625927628,",Anesthesiology,",West,2025-03-31 06:47:40.39595+00
68bc1851-db8d-43c8-b3ae-fec170279bfb,5134529870,",Psychiatry,",South,2025-03-31 06:47:40.384154+00
68bec07e-56d3-4372-a706-72d3403c38b9,6390088456,",Orthopedic Surgery,",South,2025-03-31 06:47:40.392247+00
68c1f293-7fe9-46c0-b437-277c707fa172,4950274768,",Nephrology,",South,2025-03-31 06:47:40.402444+00
68c21f42-ad6b-4344-9062-8679002fc88e,2107360839,",General Surgery,",South,2025-03-31 06:47:40.386757+00
68c3741c-8400-4ebe-97da-c227f7c58cee,4319401045,",General Surgery,",Midwest,2025-03-31 06:47:40.386483+00
68c70e15-aaf0-4f1f-b26b-52ccfb0bcd7c,6399869506,",Psychiatry,",West,2025-03-31 06:47:40.385368+00
68c7bf7a-f0e3-4fe3-8f50-d045daec2dd7,5745844242,",Obstetrics & Gynecology,",Northeast,2025-03-31 06:47:40.382608+00
68c9ff2b-edff-4632-b65c-83b61a4c0212,9932185571,",Anesthesiology,",Northwest,2025-03-31 06:47:40.396493+00
68cbd2b1-ba9f-436b-b897-18298dcba889,5560037324,",Internal Medicine,",West,2025-03-31 06:47:40.379473+00
68cd3e82-70c5-4203-9c3a-41f7c804f436,1819253670,",Internal Medicine,",Northwest,2025-03-31 06:47:40.379298+00
68cdaa5f-2273-4a42-b894-e1d54337f469,1961163542,",Internal Medicine,",Northeast,2025-03-31 06:47:40.380399+00
68ce9751-585d-45d1-bcb1-7f4d45991dbe,4972273762,",Radiology,",West,2025-03-31 06:47:40.39486+00
68ced6e6-6f88-472f-9024-a17ef6d2ea49,4500065358,",Internal Medicine,",Northwest,2025-03-31 06:47:40.381431+00
68df8a55-2994-4db1-9075-8fd490cfdd99,9153931837,",Urology,",Northwest,2025-03-31 06:47:40.400789+00
68e82a99-a26f-4ea6-9c75-f22acf923a80,6658655632,",Radiology,",West,2025-03-31 06:47:40.395299+00
68f31a76-81ba-4b89-9406-47389951e84c,9414629942,",General Surgery,",Northwest,2025-03-31 06:47:40.386697+00
68f8b20f-e6c3-4eba-b859-48c37170fb19,9729560962,",Cardiology,",South,2025-03-31 06:47:40.390632+00
6907fc82-0e8e-4f07-85e2-0ff7ed136260,9979408203,",Anesthesiology,",Northwest,2025-03-31 06:47:40.395958+00
690eac9e-8991-4f95-a72d-599e64729ed4,5970711773,",Orthopedic Surgery,",West,2025-03-31 06:47:40.403398+00
69136de6-b9db-4d69-8bd4-1d3066fbf27c,3786931829,",Pulmonology,",Northwest,2025-03-31 06:47:40.40351+00
69142822-9aa4-468d-99b2-e4d483d0e632,2730348964,",Neurology,",Midwest,2025-03-31 06:47:40.398207+00
69226bde-8e54-4327-bcee-6e1ad00b4578,2386423064,",Nephrology,",Northeast,2025-03-31 06:47:40.402084+00
6924db26-44e6-47e9-9244-64286c27e2fb,4635748298,",General Surgery,",Northwest,2025-03-31 06:47:40.387174+00
6928b76f-dcca-4306-befe-d95ef0419f5d,4653625265,",Neurology,",West,2025-03-31 06:47:40.398289+00
692def90-0ee6-490c-a88e-30e314ba90ff,2951706853,",Orthopedic Surgery,",Northwest,2025-03-31 06:47:40.392357+00
6942894a-7cb9-4eab-a1a6-65b89d65d2b2,9563092570,",Orthopedic Surgery,",Northwest,2025-03-31 06:47:40.391363+00
69456d9d-4b20-4733-a1da-be700b9501e7,1208252665,",Obstetrics & Gynecology,",Northwest,2025-03-31 06:47:40.382839+00
694f4b70-7f12-42e1-aaa0-3d90bdc0fb31,4463742154,",Internal Medicine,",Midwest,2025-03-31 06:47:40.380973+00
69532e10-cc7e-4347-a9b6-626340c9c4ce,3432605108,",Pulmonology,",Northwest,2025-03-31 06:47:40.401377+00
69552899-76e4-44c9-856f-95eb2321b15a,7080313293,",Cardiology,",South,2025-03-31 06:47:40.404304+00
69643236-97d4-47da-9877-3ae25cd9d1f6,3269125568,",Radiology,",West,2025-03-31 06:47:40.394525+00
69661bf3-d015-44dc-bff1-9803fd1e6b57,1221874004,",Cardiology,",Northwest,2025-03-31 06:47:40.388773+00
697d6a00-9bac-4781-9488-c601db4dcca9,6286580031,",Internal Medicine,",Midwest,2025-03-31 06:47:40.381053+00
69845a56-f97b-4f11-af77-ed3d6f2441b7,2172593939,",Psychiatry,",South,2025-03-31 06:47:40.385586+00
698e27be-8423-4aa0-aba1-9b45ec629cab,7644079103,",Radiology,",Northwest,2025-03-31 06:47:40.394898+00
6997a113-1637-4e37-a327-8fdf6bcaa6da,6589430553,",Obstetrics & Gynecology,",Northwest,2025-03-31 06:47:40.382479+00
69a0e406-4b71-4d48-a22f-64e80c028e12,2438616175,",Anesthesiology,",Northeast,2025-03-31 06:47:40.396767+00
69a18e00-d220-4b6a-9e58-f8956ed6b8e9,2574831582,",Radiology,",Northeast,2025-03-31 06:47:40.395022+00
69a39b7c-74cc-40df-bde4-d21274db2793,8161816338,",General Surgery,",South,2025-03-31 06:47:40.387629+00
69ab903d-f11d-4169-b88d-c70bf383b715,5161759873,",Obstetrics & Gynecology,",Northeast,2025-03-31 06:47:40.382485+00
69b1e189-e8f1-4001-ab8b-81265da1d0f7,9507781623,",Radiology,",Midwest,2025-03-31 06:47:40.394961+00
69c37091-2bb6-4542-8909-ffbd3793885b,1368441198,",Neurology,",Northwest,2025-03-31 06:47:40.398088+00
69c7ed74-eb19-4618-bc94-856d23ac8e7a,7622732907,",Gastroenterology,",Northwest,2025-03-31 06:47:40.399835+00
69d39fd9-8c86-4bf4-88b5-c8a264da93c3,1259616987,",Neurology,",West,2025-03-31 06:47:40.398305+00
69e60446-eb1f-4bc4-ad28-cd439302c1c7,2893376791,",Obstetrics & Gynecology,",Northeast,2025-03-31 06:47:40.383324+00
69ef2c86-a22c-46ba-9ef5-376b08b5d8af,1801016245,",Neurology,",South,2025-03-31 06:47:40.3985+00
69f17027-e2f8-494b-8724-4bbdd0978ed3,4767226551,",Obstetrics & Gynecology,",Northeast,2025-03-31 06:47:40.382386+00
69feded7-2695-41cf-8423-4f2ac2cc89b5,7131864075,",Nephrology,",Northeast,2025-03-31 06:47:40.402453+00
6a012fae-aaa9-46f2-b9d8-e1e8f7aa3022,9395180953,",Internal Medicine,",South,2025-03-31 06:47:40.380733+00
6a0db1a1-a08f-4132-9f4c-e05b957d6c9f,3929982188,",Internal Medicine,",Northeast,2025-03-31 06:47:40.378789+00
6a2a2ac9-25b3-4088-a988-dcbb030308c6,3308457510,",Cardiology,",Northeast,2025-03-31 06:47:40.404659+00
6a2dd097-6b5f-4bcd-8c24-6c381cf4b49f,7477288433,",Internal Medicine,",Northwest,2025-03-31 06:47:40.381341+00
6a315af0-7429-408e-9a50-b21db2409d35,8860507968,",Internal Medicine,",Northeast,2025-03-31 06:47:40.381534+00
6a358b17-cbe3-4e9b-91f9-5660de70acce,3272837084,",Obstetrics & Gynecology,",West,2025-03-31 06:47:40.383336+00
6a39578f-9af7-4116-8a75-fc620abdd918,3263200088,",Internal Medicine,",Midwest,2025-03-31 06:47:40.376153+00
6a39d0f0-f9f0-4d79-8820-e27bdb9e703b,8134740992,",Cardiology,",Midwest,2025-03-31 06:47:40.388936+00
6a412c7e-5f61-4acc-8d51-cd165e2c2584,4094274007,",Dermatology,",Northwest,2025-03-31 06:47:40.393361+00
6a477027-a93b-40c0-9890-423aad129e50,8789490101,",Pulmonology,",West,2025-03-31 06:47:40.401317+00
6a503ec5-a4d0-46ea-8323-844852e79957,4237347679,",Anesthesiology,",Northeast,2025-03-31 06:47:40.397168+00
6a529160-f2e2-43ce-8024-ae645eb28322,9314213838,",Cardiology,",Northwest,2025-03-31 06:47:40.389356+00
6a5658f7-03d4-45d6-9a63-492fd8e76425,8064315460,",Obstetrics & Gynecology,",Northwest,2025-03-31 06:47:40.383575+00
6a5dd692-4f22-4383-ab17-7050ba341224,4941471198,",Psychiatry,",Midwest,2025-03-31 06:47:40.384128+00
6a710ec0-53b3-4077-9ad7-6bffb97e5731,7418095476,",Cardiology,",Northwest,2025-03-31 06:47:40.388779+00
6a8dde65-dc67-4492-8043-3d236e432b07,9052164775,",Anesthesiology,",Northwest,2025-03-31 06:47:40.397708+00
6a90b134-543e-4c43-b514-5db11a3dc7b7,3719583982,",General Surgery,",South,2025-03-31 06:47:40.386441+00
6a981344-d36f-4d32-8369-5781a83a4b17,3106514847,",Neurology,",West,2025-03-31 06:47:40.39809+00
6a984977-90e9-497f-893c-3f42f8c9c559,4333109854,",Gastroenterology,",Northwest,2025-03-31 06:47:40.403507+00
6aa0071b-90c7-45a5-b0c0-0492a222957c,1834753234,",Radiology,",Northwest,2025-03-31 06:47:40.394419+00
6aa32825-0e6b-45f4-9338-15fbdff17d74,2923025936,",Psychiatry,",Midwest,2025-03-31 06:47:40.384139+00
6aa32ee7-fcfc-4efc-914a-8c469bf44ccd,7701311403,",General Surgery,",Northeast,2025-03-31 06:47:40.386509+00
6aae3017-e743-417e-90fc-dbc7db82f148,2735557044,",General Surgery,",Northwest,2025-03-31 06:47:40.386878+00
6abb7199-3680-42c3-90d3-3fa3e011b542,6428607574,",Neurology,",Northwest,2025-03-31 06:47:40.398566+00
6abce6ba-392e-4d21-9c53-e7b0c5b14fdd,2295663830,",Pulmonology,",Northeast,2025-03-31 06:47:40.401661+00
6abed0c0-9f33-43fa-9509-739997c630df,1612023937,",Dermatology,",Northeast,2025-03-31 06:47:40.392748+00
6acaf64f-1829-43c6-909a-d1842a6ac542,2045252149,",Nephrology,",South,2025-03-31 06:47:40.40239+00
6acb92df-32e6-4293-8369-09937d06edae,8702793222,",Dermatology,",Midwest,2025-03-31 06:47:40.392786+00
6ad199aa-9a80-4949-b24b-cefd7b70b23a,1284704227,",Pulmonology,",South,2025-03-31 06:47:40.401513+00
6ad806d4-3963-46ef-be2f-ba9be4ad6ad8,4197220172,",Neurology,",Midwest,2025-03-31 06:47:40.398424+00
6ade6a8a-b4fb-49f6-a8ef-3a340ad5ed36,5366146539,",Obstetrics & Gynecology,",Northwest,2025-03-31 06:47:40.383649+00
6ae64382-81a5-4821-b688-f4456403454f,9062787787,",Cardiology,",Midwest,2025-03-31 06:47:40.388692+00
6af988cf-20e6-4047-a704-f262b48040b4,4648914590,",Internal Medicine,",Midwest,2025-03-31 06:47:40.37799+00
6afba049-c908-43bd-b092-62cf13520ebd,8179977004,",General Surgery,",Midwest,2025-03-31 06:47:40.387489+00
6afe9bf9-5dbc-4376-8417-41c37207a3b6,2229470216,",Cardiology,",South,2025-03-31 06:47:40.389698+00
6b0e5ba5-c15c-4ac9-94bf-bcf2baae45bd,2865975855,",Neurology,",South,2025-03-31 06:47:40.399087+00
6b107ba0-7d4b-44de-bf8c-c909e1b1a240,6174858772,",General Surgery,",Northwest,2025-03-31 06:47:40.386898+00
6b206cba-261d-4ebf-af0a-ad12a65d8489,7352830471,",Internal Medicine,",Northeast,2025-03-31 06:47:40.38045+00
6b20c0d3-072a-4f77-aacc-2779b3b22f20,7308717761,",Cardiology,",Midwest,2025-03-31 06:47:40.389503+00
6b240600-d31c-4129-975a-ead91fef552d,6292656672,",Psychiatry,",South,2025-03-31 06:47:40.385975+00
6b2b8573-0203-4733-b15d-f712805aa342,5747025062,",General Surgery,",South,2025-03-31 06:47:40.386181+00
6b2bed74-6eee-4313-a0ce-c71375e2e8ef,6994315273,",Cardiology,",South,2025-03-31 06:47:40.390134+00
6b352a94-4425-4f57-b207-59ddd6288e98,9216029240,",Psychiatry,",Midwest,2025-03-31 06:47:40.38401+00
6b3946d3-b2e4-4c36-a231-fb7941ec0c52,5855576500,",Radiology,",South,2025-03-31 06:47:40.394285+00
6b3dac53-f013-4145-93df-6ec27432832c,6349250098,",Internal Medicine,",Midwest,2025-03-31 06:47:40.376156+00
6b42803a-1be0-4706-88a4-29497c69bf2f,9201870628,",Cardiology,",West,2025-03-31 06:47:40.404596+00
6b4d5c46-2cb3-46ff-bb62-d09d95196e68,6711131533,",Dermatology,",Midwest,2025-03-31 06:47:40.394226+00
6b544b9f-62b1-48c0-a600-d31385bd08d4,8213611206,",Gastroenterology,",Northeast,2025-03-31 06:47:40.399731+00
6b5c5df0-d728-4ce3-a602-89a793e59497,4344684050,",Pulmonology,",Northeast,2025-03-31 06:47:40.401141+00
6b62b53f-60ca-4043-bd50-cc25a7a479f8,7277823614,",Psychiatry,",South,2025-03-31 06:47:40.384653+00
6b63f719-5dc7-4aa2-ae7e-71be0eef2eee,9187540554,",Obstetrics & Gynecology,",South,2025-03-31 06:47:40.382035+00
6b67aa96-7d3e-414c-a423-9d25df6b3fde,7807373799,",Radiology,",Northwest,2025-03-31 06:47:40.395877+00
6b683fb2-cbb6-40b8-b0b7-06854d79dde9,9380859857,",General Surgery,",Midwest,2025-03-31 06:47:40.387663+00
6b6a02f0-2cc3-4b98-910e-de79ef1a7414,7054571545,",Cardiology,",Northeast,2025-03-31 06:47:40.389349+00
6b6a0771-3e9f-45ed-bda6-2ee06eb06f40,5345938407,",Urology,",South,2025-03-31 06:47:40.400411+00
6b6cb36a-fe70-466a-814c-9327f2f82474,5738050592,",Internal Medicine,",South,2025-03-31 06:47:40.381191+00
6b6cc0f4-565a-453d-9669-a986edf2a200,6920733267,",Internal Medicine,",Northwest,2025-03-31 06:47:40.378109+00
6b75e769-3b5b-453a-a697-5ca2cad4c1d6,6366820639,",Obstetrics & Gynecology,",Northeast,2025-03-31 06:47:40.383093+00
6b7b47f4-1a6d-488d-a126-81729ecdbeaa,3029600000,",Nephrology,",South,2025-03-31 06:47:40.402072+00
6b8263b1-2137-4490-aee3-49ce9061c229,5489816563,",Orthopedic Surgery,",Northeast,2025-03-31 06:47:40.392073+00
6b843fe4-1a0d-463d-a8cc-e59a06ec5f4f,7658474983,",Obstetrics & Gynecology,",Northeast,2025-03-31 06:47:40.382233+00
6b891f02-7ede-4adf-839b-47563e0d4d2e,7480983472,",Psychiatry,",Northeast,2025-03-31 06:47:40.404754+00
6b9010e1-d090-40f2-97a0-01a48d90abcd,4580417125,",Psychiatry,",Midwest,2025-03-31 06:47:40.383889+00
6b906ab9-dec1-41a8-a8d8-928ce990306d,1203192551,",Urology,",Northeast,2025-03-31 06:47:40.400625+00
6b93f297-a00b-4a4e-bb87-c1b9c6a38c9e,8926549633,",Cardiology,",West,2025-03-31 06:47:40.389509+00
6b971279-838a-458c-a44d-b28b9a6a2670,4544958590,",Cardiology,",Midwest,2025-03-31 06:47:40.389087+00
6b999e52-84f2-4a47-92ac-8250feb1962c,2689153459,",Anesthesiology,",Northeast,2025-03-31 06:47:40.397578+00
6b9ef87a-e9ec-4a40-bbff-5dfae7781014,7825225784,",Internal Medicine,",West,2025-03-31 06:47:40.376105+00
6ba4329f-1832-4188-8b52-c3e177080907,5886415447,",Radiology,",South,2025-03-31 06:47:40.394571+00
6ba96901-8816-444e-8d62-ca90b2123d6b,1461461303,",Internal Medicine,",South,2025-03-31 06:47:40.381303+00
6baf76be-b86b-4c58-8871-7fbc32c6415f,7665771565,",Cardiology,",Northeast,2025-03-31 06:47:40.38973+00
6bbaa1ad-7fbf-481e-a21e-363217de75de,4057181753,",Obstetrics & Gynecology,",Midwest,2025-03-31 06:47:40.382681+00
6bbc2a77-0478-47f8-a7bd-4602a6ac2174,8944833838,",Internal Medicine,",Midwest,2025-03-31 06:47:40.376804+00
6bbd68c8-e4c0-499e-89c9-6efb49e22210,4448073522,",Orthopedic Surgery,",South,2025-03-31 06:47:40.391374+00
6bbe932b-ba63-4a25-a72c-49c141b05cd2,5347863066,",Dermatology,",South,2025-03-31 06:47:40.393231+00
6bbf88ea-7a2f-4eea-b266-d8c43466f178,3272452599,",Dermatology,",South,2025-03-31 06:47:40.393857+00
6bc27201-4dec-43bd-be04-95175c7ecc2d,3062146551,",Neurology,",Northeast,2025-03-31 06:47:40.397752+00
6bcabbb0-8698-4979-8e68-be30da4dde61,7018246549,",Obstetrics & Gynecology,",West,2025-03-31 06:47:40.383443+00
6bd2570f-eec8-45ef-ad4f-f8bbcc264772,5169573630,",Cardiology,",South,2025-03-31 06:47:40.390394+00
6bd90ed9-ba59-42a2-b747-515a3452965c,5761980389,",Obstetrics & Gynecology,",Northwest,2025-03-31 06:47:40.383181+00
6bdfb38f-e8f1-4a03-b8c1-d4aa8c40aef5,6813590023,",Internal Medicine,",Northwest,2025-03-31 06:47:40.380357+00
6be9b3ae-8680-4fad-9a13-03c2bea4f9da,1923977188,",Oncology,",Northwest,2025-03-31 06:47:40.402871+00
6bea1e04-dc25-4fd0-85e6-47898e343f62,3219612035,",Cardiology,",South,2025-03-31 06:47:40.389543+00
6beb6dc4-7cb3-48b8-bc76-a28d2516b6bd,6664306603,",Radiology,",Northeast,2025-03-31 06:47:40.394328+00
6beb6e51-f124-4c13-88f1-802717ab2184,6863843327,",Internal Medicine,",Northwest,2025-03-31 06:47:40.376455+00
6bfb305b-1293-41ea-93f9-aa558d630cfa,4802593675,",Cardiology,",Northwest,2025-03-31 06:47:40.40361+00
6bfcf600-bbbf-4dc4-93f6-8342a1624202,2598694711,",Internal Medicine,",Northeast,2025-03-31 06:47:40.403841+00
6bfeb908-a043-457e-9b78-875a139923da,7202829235,",Internal Medicine,",South,2025-03-31 06:47:40.379824+00
6c003395-fa33-47da-bc6c-f3a29c73e8c3,6800170765,",Gastroenterology,",Midwest,2025-03-31 06:47:40.399594+00
6c066f22-3705-4b3f-9c82-9c6de2865029,3413089717,",Dermatology,",West,2025-03-31 06:47:40.394217+00
6c0ceb26-e942-4a55-a623-3fd0d5624ea0,3699422320,",Internal Medicine,",Northwest,2025-03-31 06:47:40.37619+00
6c15f1c6-c4df-4126-b993-5be7fa37ddba,1594513810,",Internal Medicine,",South,2025-03-31 06:47:40.377552+00
6c17df3b-b7a2-4316-b5c4-236e36978cb1,1755507859,",Nephrology,",West,2025-03-31 06:47:40.404121+00
6c21832a-c23b-4236-b0b7-6f988f378bc3,6875760028,",General Surgery,",Northeast,2025-03-31 06:47:40.387532+00
6c253462-88b3-44af-8e99-ddab432df252,1016856045,",Psychiatry,",West,2025-03-31 06:47:40.385262+00
6c28bb1e-0497-46b7-9d0a-94341e5b2336,8752862712,",Internal Medicine,",Northeast,2025-03-31 06:47:40.376827+00
6c3472f1-f592-44ac-9c30-9e18e38e2d73,6123071648,",Anesthesiology,",Northeast,2025-03-31 06:47:40.396779+00
6c387d9e-f7a0-4928-b90f-a7bcc8569220,6501301398,",Obstetrics & Gynecology,",Northwest,2025-03-31 06:47:40.404376+00
6c3d2a2a-db88-4743-a872-5c22e6109ad1,8515778358,",Anesthesiology,",West,2025-03-31 06:47:40.397299+00
6c404f75-5bbe-4f92-b195-38c547363440,4189023927,",Internal Medicine,",Northeast,2025-03-31 06:47:40.379569+00
6c4d2b89-e8f8-4067-8c40-4d15403c1dfe,8679097786,",Internal Medicine,",Northeast,2025-03-31 06:47:40.380676+00
6c5c8aa6-713a-45c2-a82a-dd11fdf3b597,3198996581,",Internal Medicine,",Midwest,2025-03-31 06:47:40.378613+00
6c5e3aa1-7ebd-42b4-9ee9-9b5b0bc8b02d,2663958417,",Obstetrics & Gynecology,",Northwest,2025-03-31 06:47:40.381668+00
6c618983-0d8e-4d77-9184-7fdc0a1338f5,3283634383,",Obstetrics & Gynecology,",Northeast,2025-03-31 06:47:40.382579+00
6c696b48-5e05-4b06-8c3c-d529e3017af0,7610754145,",Orthopedic Surgery,",West,2025-03-31 06:47:40.39225+00
6c80e43a-8878-4334-83fb-81d8f15ca809,5722509740,",Orthopedic Surgery,",Northeast,2025-03-31 06:47:40.390759+00
6c84562e-d50e-49c5-9be7-0dc60b6f8c62,9235424353,",Cardiology,",West,2025-03-31 06:47:40.38854+00
6c8656b8-484c-47c8-a8a7-33d0b9b3187b,9566600330,",General Surgery,",South,2025-03-31 06:47:40.387191+00
6c8c0343-113b-4650-8cdc-837382bd490e,9956171306,",Psychiatry,",South,2025-03-31 06:47:40.384478+00
6c95505d-2cf7-48f2-9cf0-af454a302d0d,3396505830,",Internal Medicine,",West,2025-03-31 06:47:40.381033+00
6c9c5ef5-922c-4585-83c8-01676ad396f2,8159912154,",Nephrology,",Midwest,2025-03-31 06:47:40.40247+00
6ca3756a-0181-4c1b-9479-4f1d7e56e672,8329813150,",Pulmonology,",Midwest,2025-03-31 06:47:40.403748+00
6ca5bb6a-f75f-4f9e-948c-e7379cfd38dc,8484584807,",General Surgery,",South,2025-03-31 06:47:40.388141+00
6cb3a5d8-d891-4407-9fa8-454ca518f809,1362800757,",Cardiology,",West,2025-03-31 06:47:40.389619+00
6cb8c9a9-3081-4e21-baf0-a15f78e5c247,4274674309,",Anesthesiology,",Northwest,2025-03-31 06:47:40.396499+00
6cc8a000-cd2f-4e5e-afb7-9b135ba35f14,2167065430,",General Surgery,",West,2025-03-31 06:47:40.388111+00
6ccaa04f-aead-4536-b130-15439234c488,4694086231,",Obstetrics & Gynecology,",West,2025-03-31 06:47:40.383729+00
6cd397cd-96cf-4973-840a-1a072072211c,5798941961,",Orthopedic Surgery,",Northeast,2025-03-31 06:47:40.392106+00
6ce129f8-bc00-45be-a112-b4851def1441,7523547787,",Internal Medicine,",West,2025-03-31 06:47:40.380597+00
6ce5ac73-c2d9-43eb-b526-0411f58dc16f,3589051455,",General Surgery,",Northwest,2025-03-31 06:47:40.386128+00
6ce8a5fd-c7bb-4342-b8b8-693d5ea0b9aa,3297502052,",Dermatology,",Northeast,2025-03-31 06:47:40.394123+00
6ce8c41c-faf3-4ab7-ad9e-56c0020047fa,5240171398,",Dermatology,",West,2025-03-31 06:47:40.392875+00
6cfaa640-1695-4803-80a3-ef9081d57d66,3788420020,",Radiology,",Northwest,2025-03-31 06:47:40.394582+00
6cfe3870-6306-4ec0-9356-41828535db1f,7971892052,",Orthopedic Surgery,",West,2025-03-31 06:47:40.391064+00
6d01924f-1ba7-4a02-bb4c-0c848fd8ae7a,6228996463,",Anesthesiology,",Northwest,2025-03-31 06:47:40.396444+00
6d11221e-7392-4f67-852a-8955f1c460b5,5850290302,",Obstetrics & Gynecology,",Midwest,2025-03-31 06:47:40.382498+00
6d13a54f-dee1-4492-99d8-4e88aa8fa9ab,3892265917,",Anesthesiology,",Northwest,2025-03-31 06:47:40.396918+00
6d1c9b42-e6ef-4dc4-a91e-b6f120e61961,8723041582,",Radiology,",Northwest,2025-03-31 06:47:40.40465+00
6d1df540-7e3f-4ddf-bba3-a79355d85919,1497940360,",Internal Medicine,",West,2025-03-31 06:47:40.381461+00
6d245e3d-b2cb-4ee3-84af-9c9870f30d45,4557233798,",Radiology,",Northwest,2025-03-31 06:47:40.395741+00
6d26b5d2-f4b4-40eb-9900-82be5fe1393b,1552587298,",General Surgery,",Midwest,2025-03-31 06:47:40.386881+00
6d2d3eab-1c00-4bac-a82d-4632a5e8225c,1301267629,",General Surgery,",Northeast,2025-03-31 06:47:40.388042+00
6d35cfc4-b736-4a4b-a43d-c0447287be86,4938756686,",Anesthesiology,",West,2025-03-31 06:47:40.396063+00
6d378f28-06e9-4f45-9d91-b424b82642b9,2504946076,",Internal Medicine,",Northwest,2025-03-31 06:47:40.37744+00
6d42daa2-cc1c-4d74-8674-d392b136b8d6,8025110386,",General Surgery,",West,2025-03-31 06:47:40.38766+00
6d43b368-005e-4993-ace1-91cbd4923636,5902690359,",Internal Medicine,",Northeast,2025-03-31 06:47:40.380334+00
6d4489d9-5f9e-4848-bdb7-7c492f183864,5503002819,",Orthopedic Surgery,",Northeast,2025-03-31 06:47:40.392068+00
6d4834b4-c0ea-463a-b1ee-17ce6c7e09c6,2265672812,",Internal Medicine,",Northwest,2025-03-31 06:47:40.379945+00
6d51677c-d4d2-41fe-9382-f4994c7cc0b1,5632661449,",Neurology,",Northwest,2025-03-31 06:47:40.397769+00
6d56526f-e6d8-43a1-995b-4aacd85fb43a,5908363394,",Urology,",Midwest,2025-03-31 06:47:40.400414+00
6d5668f0-344d-44c4-bf31-457f29c672bf,7962017083,",Gastroenterology,",South,2025-03-31 06:47:40.404149+00
6d5c63af-7920-4bf5-ab1c-9b5837614831,3911148194,",Internal Medicine,",Northeast,2025-03-31 06:47:40.376532+00
6d5d2aa4-7d14-4173-b2c9-1d40e7fbe848,3033904777,",Internal Medicine,",Midwest,2025-03-31 06:47:40.37974+00
6d5f7a1a-96c0-4bb6-9aa0-79eda41e9222,8019126822,",Internal Medicine,",Northeast,2025-03-31 06:47:40.377422+00
6d686bbe-0b01-47a5-910e-cc23d4109b10,2066949210,",Dermatology,",Midwest,2025-03-31 06:47:40.393187+00
6d6aa862-324c-43b8-8ee7-ac3d08df91a2,4248273252,",Psychiatry,",Northwest,2025-03-31 06:47:40.385536+00
6d7038f0-9049-4651-9837-14a132052001,7024482103,",Internal Medicine,",Northeast,2025-03-31 06:47:40.377784+00
6d72285c-d35e-4dd3-ad5e-2d99bc993e1e,6104839748,",General Surgery,",West,2025-03-31 06:47:40.386944+00
6d84afb2-d55f-43c8-b575-a32777d6ad74,6465709297,",Internal Medicine,",South,2025-03-31 06:47:40.379623+00
6d86d5b7-b3d3-45c0-9ea1-c9d21d3c7a3d,7201751659,",Dermatology,",Northwest,2025-03-31 06:47:40.393951+00
6d9bcf8e-1670-46e2-9262-d50eaf3c26d1,6599471267,",Anesthesiology,",South,2025-03-31 06:47:40.39715+00
6db007d3-e1b5-483a-8225-d0bf91f07709,9666224381,",Anesthesiology,",Midwest,2025-03-31 06:47:40.397219+00
6db8b1f6-c9b8-4461-a933-516b3271c715,8934380342,",Orthopedic Surgery,",Midwest,2025-03-31 06:47:40.392509+00
6dba44db-540a-4bf7-9598-8b50267ea510,2236918956,",Cardiology,",Northeast,2025-03-31 06:47:40.390544+00
6dc06d34-f442-45b8-b8c5-759f5fe4fa10,1328002524,",Neurology,",Northwest,2025-03-31 06:47:40.397735+00
6dc2883d-b730-43dd-88f3-418d9e6e84d9,5911651524,",Orthopedic Surgery,",Northwest,2025-03-31 06:47:40.391499+00
6dc852dd-e17e-4041-a840-f055c3be0aa1,1961561769,",Dermatology,",Midwest,2025-03-31 06:47:40.392728+00
6ddac254-6949-443e-beba-93c7954b98c8,5506438496,",Radiology,",South,2025-03-31 06:47:40.394243+00
6de12e24-62b1-4cd1-8446-262ace3985b8,3968732915,",Pulmonology,",Midwest,2025-03-31 06:47:40.404613+00
6de82fb7-8761-46bc-a364-9ef234994e8c,2182674121,",Pulmonology,",Northwest,2025-03-31 06:47:40.401598+00
6df50d2d-6fff-4447-9cf7-21acf00a97bd,7477718047,",Pulmonology,",Northwest,2025-03-31 06:47:40.401626+00
6df82fa3-eacb-45cb-aea2-404b36833677,3678669241,",Obstetrics & Gynecology,",South,2025-03-31 06:47:40.381748+00
6df88ec1-0bc5-4b6d-81d0-cdf9b602e79e,1298925194,",Cardiology,",South,2025-03-31 06:47:40.388884+00
6e006cf0-a115-4cc9-8b4a-c955f568f388,9596377061,",Gastroenterology,",Midwest,2025-03-31 06:47:40.400127+00
6e2193dd-0c27-4a85-8861-d0e026e6967f,7610018828,",Internal Medicine,",Northeast,2025-03-31 06:47:40.380635+00
6e2d9d36-1301-49f2-8ccd-bbab87eea22f,2506587083,",Psychiatry,",West,2025-03-31 06:47:40.3848+00
6e32afe7-1429-45bd-8b15-a854ea5a1cef,9736274495,",Nephrology,",South,2025-03-31 06:47:40.402413+00
6e364ed7-085d-4fef-8971-9dca92e0e7c6,4273359104,",Orthopedic Surgery,",Midwest,2025-03-31 06:47:40.390673+00
6e478a7a-9dae-43f9-96a9-4ce2d9f7f6c8,7799464704,",Radiology,",Northwest,2025-03-31 06:47:40.394539+00
6e4f4600-6032-4451-bb08-114c7724463c,3700274469,",Oncology,",Northwest,2025-03-31 06:47:40.402863+00
6e5163d0-accf-4c5b-9dbd-6123c3e9b25c,5525899856,",Internal Medicine,",West,2025-03-31 06:47:40.376424+00
6e58dd2b-7ca4-44a9-acec-ba98c21debcc,8491366924,",General Surgery,",Midwest,2025-03-31 06:47:40.387617+00
6e63b376-4689-4e1d-bbe3-3826d3662ec3,4499626095,",Cardiology,",Northwest,2025-03-31 06:47:40.389418+00
6e64185f-bab0-4e72-816d-cd4e1c596a73,8118090997,",Pulmonology,",Midwest,2025-03-31 06:47:40.401161+00
6e657a43-3883-44a9-874f-4c67c0b181c0,9525291871,",General Surgery,",Midwest,2025-03-31 06:47:40.386154+00
6e6765d6-a01c-49b8-b470-c9ab2ed76cec,7991492039,",Internal Medicine,",South,2025-03-31 06:47:40.381105+00
6e6770ae-d28b-4290-98d1-5b0d0ad78830,4558638435,",Obstetrics & Gynecology,",West,2025-03-31 06:47:40.40455+00
6e6a25c6-6453-407c-8938-060129f4d492,3223963204,",Dermatology,",West,2025-03-31 06:47:40.393338+00
6e711263-c1a3-4ee2-b533-ac9f12e6e7e7,3574947586,",Nephrology,",Midwest,2025-03-31 06:47:40.402478+00
6e767117-6bd3-4b45-a5c7-8ae05d7e329b,9613815195,",Obstetrics & Gynecology,",South,2025-03-31 06:47:40.382293+00
6e7c3b7a-27f9-42b7-8555-c0141cf67199,9197178221,",Internal Medicine,",South,2025-03-31 06:47:40.377457+00
6e85aebe-e87c-4eb9-b017-e4f9b6021f70,5597809923,",Gastroenterology,",South,2025-03-31 06:47:40.40333+00
6e878816-2774-4b4f-9527-3572e6653582,8970262052,",Orthopedic Surgery,",West,2025-03-31 06:47:40.391255+00
6e8a1506-6d63-46ad-883d-2fd449e36d40,7519934301,",Psychiatry,",Northwest,2025-03-31 06:47:40.385658+00
6e8d2a9a-3ec2-44c5-a4f3-95581e7ecae6,6903812379,",Gastroenterology,",Northwest,2025-03-31 06:47:40.399855+00
6e955966-26cc-4567-8aaa-bba2613e8161,9772534626,",Orthopedic Surgery,",Northwest,2025-03-31 06:47:40.404258+00
6eaa1b40-e62c-473b-b113-2db68420000b,1481194743,",Psychiatry,",Northwest,2025-03-31 06:47:40.384078+00
6eaa64d3-156d-4f1c-a2b7-8a8700738cf2,4298635055,",Psychiatry,",Northwest,2025-03-31 06:47:40.38577+00
6eb5f873-1bdd-4a5f-b8d7-7eeb755af2ef,3538917569,",General Surgery,",Northeast,2025-03-31 06:47:40.387684+00
6eb8ef9e-b901-4003-8e70-ec6a665533ad,1956538803,",Dermatology,",Northwest,2025-03-31 06:47:40.393044+00
6ebec16c-ecfa-4341-a678-0e06f506f9ee,4673269525,",Anesthesiology,",South,2025-03-31 06:47:40.397663+00
6ec2c5f6-88a9-49ba-bc81-9a2ebb251bd3,7564269975,",Cardiology,",Midwest,2025-03-31 06:47:40.388525+00
6ec9a3ab-6a38-402d-b0ef-ce30808c4193,5547477409,",Dermatology,",Northeast,2025-03-31 06:47:40.392835+00
6ed8561c-8f55-4578-ba86-3ff98ed9d93a,9978889849,",Cardiology,",Northwest,2025-03-31 06:47:40.389569+00
6ee50fef-d523-4992-a62a-37fcba107f23,2880264411,",Pulmonology,",South,2025-03-31 06:47:40.401279+00
6ee56806-eef0-42e9-9a75-154028b87af4,8138793901,",Psychiatry,",Northeast,2025-03-31 06:47:40.38486+00
6eee9eef-16ec-4922-9191-be890c227e09,1481029911,",Cardiology,",South,2025-03-31 06:47:40.388373+00
6ef0d2cd-5c46-470e-b45f-f72cc82617de,4481303307,",Internal Medicine,",Northeast,2025-03-31 06:47:40.37746+00
6ef0de08-eba2-41df-b978-d371ae33d0f5,8381744026,",Orthopedic Surgery,",West,2025-03-31 06:47:40.391502+00
6ef11c8c-740f-4774-9988-9241d24c4c83,4239745681,",General Surgery,",West,2025-03-31 06:47:40.387877+00
6ef135b3-2b80-4e8c-8bb4-5c7d48cae237,2255004236,",General Surgery,",South,2025-03-31 06:47:40.388077+00
6ef5071e-6fe5-40c8-881b-bd0bbd8f16e0,6647112994,",Cardiology,",Northeast,2025-03-31 06:47:40.403491+00
6f02afe4-3705-4aab-b212-cf6fb646c3b1,2153346447,",Dermatology,",Northwest,2025-03-31 06:47:40.394028+00
6f036992-ca9e-4739-bd3b-e5cfefb00e3a,6391637712,",Dermatology,",Northwest,2025-03-31 06:47:40.394+00
6f05d8f7-6392-4a80-b480-ee0069297878,7072064544,",Anesthesiology,",Northwest,2025-03-31 06:47:40.403604+00
6f0e0dff-bfc9-4910-a75f-0d5c7297abaa,4262986611,",Orthopedic Surgery,",South,2025-03-31 06:47:40.39181+00
6f116bfa-6558-499f-a0f3-585fef12663d,5879017936,",General Surgery,",Midwest,2025-03-31 06:47:40.386087+00
6f1c2d7a-3b31-4f4e-8100-ed883690a317,4915291180,",Internal Medicine,",South,2025-03-31 06:47:40.380174+00
6f299577-637c-40c4-ae8d-c29084e0a93c,4838724906,",Cardiology,",South,2025-03-31 06:47:40.389148+00
6f2a9fc6-d3a0-461c-a2d0-630e752f57f0,3457284764,",Psychiatry,",South,2025-03-31 06:47:40.385283+00
6f37b8d6-fa3f-43dd-95cc-da7688793390,1452251749,",Radiology,",West,2025-03-31 06:47:40.394442+00
6f398b1b-43bc-454a-9b68-7b318965dc0a,5723134711,",Orthopedic Surgery,",Northwest,2025-03-31 06:47:40.391553+00
6f3fe1a9-6e02-4595-bc76-2d36feb0b792,5671713293,",Urology,",Midwest,2025-03-31 06:47:40.400973+00
6f423f14-9e0a-488c-90b6-e70e70b780b0,7903472400,",Internal Medicine,",West,2025-03-31 06:47:40.376351+00
6f43527f-a618-4730-967e-2a3718f7fe22,3281679094,",Cardiology,",Northwest,2025-03-31 06:47:40.388706+00
6f493fa5-c707-4873-85e1-72c05f9e37f0,5759987594,",Nephrology,",South,2025-03-31 06:47:40.402164+00
6f4dc792-77d1-423b-a170-1e0202cce61c,9303512861,",Anesthesiology,",Northwest,2025-03-31 06:47:40.396248+00
6f5064da-4064-4cbc-9348-62e60bf951ac,1125656239,",Orthopedic Surgery,",Midwest,2025-03-31 06:47:40.391836+00
6f5145c7-5b44-487c-8d45-19f9394cd748,7945746933,",Internal Medicine,",Northeast,2025-03-31 06:47:40.378855+00
6f51db6c-b9a1-4e95-b2f3-3cc4e5316b97,2908157086,",Cardiology,",South,2025-03-31 06:47:40.388875+00
6f5e3a95-7fc0-46ff-886d-73fe1b90522d,7409971008,",Cardiology,",Northwest,2025-03-31 06:47:40.390177+00
6f6bc6ce-d828-464b-aa65-8ce5ddea7c10,4290208169,",Cardiology,",South,2025-03-31 06:47:40.389885+00
6f7a22ad-68ce-449c-b030-25659757ad15,4870066822,",Internal Medicine,",Northeast,2025-03-31 06:47:40.37615+00
6f89d416-47c7-4268-bd93-4b8629c6c386,1625387656,",Neurology,",South,2025-03-31 06:47:40.398133+00
6f8a1654-8913-4ed7-870c-7d6a487b4cec,7934415903,",Radiology,",West,2025-03-31 06:47:40.395921+00
6f8a6a3e-ee24-4776-8793-036bb08652c9,9142473153,",General Surgery,",South,2025-03-31 06:47:40.387162+00
6f989298-4fdb-4e27-803b-d128b3a78a98,8031367108,",General Surgery,",Northeast,2025-03-31 06:47:40.387134+00
6fa53510-0e5e-4dc8-89e1-a426ef2be11a,9380325483,",Internal Medicine,",Northwest,2025-03-31 06:47:40.377291+00
6fbdd84d-0b2d-4b17-a80b-e39339fe003e,7308862328,",Dermatology,",West,2025-03-31 06:47:40.404182+00
6fc987a8-78f7-4830-9a70-fd61f9855ab2,3019768356,",Internal Medicine,",West,2025-03-31 06:47:40.379143+00
6fd2d8cf-7194-440f-9e80-6e22f85a9dfd,1995137068,",Orthopedic Surgery,",West,2025-03-31 06:47:40.391406+00
6fd4d72d-2e62-424c-9840-40af3d8b6216,3025044929,",Neurology,",Northeast,2025-03-31 06:47:40.397935+00
6fdb707f-8897-417a-a934-56505345a91a,7922571276,",Cardiology,",South,2025-03-31 06:47:40.390128+00
6fdf30da-0e7b-4184-8e82-730997cd12b8,7634730493,",Internal Medicine,",Midwest,2025-03-31 06:47:40.378846+00
6fe09699-9b07-4b90-96ac-efc2acfe40c2,3371683956,",Orthopedic Surgery,",Northeast,2025-03-31 06:47:40.391414+00
6ff4e6fe-0ad2-41f8-9155-2c396a77f69f,2417238860,",Internal Medicine,",Northeast,2025-03-31 06:47:40.381367+00
6ffd2836-5a2d-40b6-9ed5-d9267a1035e7,9105307684,",Obstetrics & Gynecology,",Northwest,2025-03-31 06:47:40.381917+00
7000137e-24fd-40be-a899-9b13bff504fc,5603012697,",General Surgery,",Northeast,2025-03-31 06:47:40.387862+00
700b3f69-81d8-49ce-9c1f-555202e2cc7e,8221005420,",Anesthesiology,",South,2025-03-31 06:47:40.396534+00
7013a766-5c20-4d6f-892b-d82c1138c2b3,2036889707,",Cardiology,",West,2025-03-31 06:47:40.390604+00
7015b061-e984-4638-8749-b625c7ce636d,9388363649,",Gastroenterology,",Northeast,2025-03-31 06:47:40.400009+00
70236965-8d7f-4008-af6d-77a5f4bdf4a5,9671989317,",Orthopedic Surgery,",Northeast,2025-03-31 06:47:40.391041+00
7028169c-bbf2-4b09-ad94-bf7230c0d91d,3992820188,",Radiology,",Northwest,2025-03-31 06:47:40.395642+00
70298ec5-9607-41b7-b260-e47c6812bbfe,1468738042,",Anesthesiology,",South,2025-03-31 06:47:40.396649+00
70299660-0707-4087-80b8-f2656b58f1af,1842572532,",Anesthesiology,",Northeast,2025-03-31 06:47:40.397697+00
7034f5ad-668e-4781-bbf6-16ce1cf719f9,8917690191,",Internal Medicine,",Northwest,2025-03-31 06:47:40.376796+00
7054054d-9b9c-4a0b-9f03-11f30debf739,6121030227,",Cardiology,",Midwest,2025-03-31 06:47:40.389905+00
7068a50d-b6b1-45fe-8f04-3d6ccd6f8345,2075951553,",Internal Medicine,",Midwest,2025-03-31 06:47:40.380351+00
7070d6c4-6540-4cfe-a499-7f9cec1df155,2950534019,",Nephrology,",Northeast,2025-03-31 06:47:40.402458+00
7095f407-9280-4bc9-8b9c-c0fa069e1510,6530435108,",Obstetrics & Gynecology,",West,2025-03-31 06:47:40.381644+00
70984128-7552-41f2-85cf-662597430c73,9540341511,",Anesthesiology,",South,2025-03-31 06:47:40.396811+00
70997b68-271b-4dcb-abae-190dcbbc1e52,3433594853,",Obstetrics & Gynecology,",Northeast,2025-03-31 06:47:40.382588+00
709d8278-7061-4291-910f-e794ae3e5446,7142556880,",Anesthesiology,",South,2025-03-31 06:47:40.39659+00
709f86c8-e826-40a4-a03c-3840ac9afaf9,1056104321,",Nephrology,",South,2025-03-31 06:47:40.402396+00
70b99455-22f7-470d-a1c0-bd6e928345ad,9493344407,",Internal Medicine,",Midwest,2025-03-31 06:47:40.378688+00
70bc2345-633d-4a88-8311-2200b42a9863,8420277232,",Radiology,",South,2025-03-31 06:47:40.395844+00
70c8b850-1f38-446a-bf53-934a4925bd2c,1103236808,",Orthopedic Surgery,",Midwest,2025-03-31 06:47:40.39103+00
70d956ea-1669-4a29-abfe-cebd6f837c5c,2616967901,",Cardiology,",West,2025-03-31 06:47:40.38979+00
70dcfd19-72c3-43e5-981d-049d1a075285,1571529256,",Anesthesiology,",Midwest,2025-03-31 06:47:40.39625+00
70e6d623-20f2-4172-9d73-0bb112ea2005,8453279598,",Obstetrics & Gynecology,",Northwest,2025-03-31 06:47:40.382262+00
70e969cf-926e-49c4-92e6-df892a23f12b,4041534656,",Obstetrics & Gynecology,",Midwest,2025-03-31 06:47:40.382842+00
70ee52da-baef-4b01-aae0-b20c565912a2,4056622992,",Internal Medicine,",Northwest,2025-03-31 06:47:40.380208+00
70f29c01-3db2-4b7e-b007-aa57cf03ff7d,4074455621,",Orthopedic Surgery,",West,2025-03-31 06:47:40.391576+00
70f4aa38-94c4-4f41-8818-4d3521388552,2661921430,",Obstetrics & Gynecology,",Northwest,2025-03-31 06:47:40.381676+00
70facec9-0db9-44c3-a042-d3b165de0f34,3092032138,",Orthopedic Surgery,",West,2025-03-31 06:47:40.404275+00
7101ea87-9c56-417a-8cba-e1cbd50a6d5b,2806860410,",Cardiology,",Midwest,2025-03-31 06:47:40.389096+00
710ad625-36ac-4967-8976-b82ff60743e3,4200417365,",Psychiatry,",South,2025-03-31 06:47:40.403116+00
710c895d-c336-4133-8889-543c9fc9340f,4240805183,",Internal Medicine,",Northwest,2025-03-31 06:47:40.381408+00
710e2ced-6243-482f-95c4-971ea0f63260,7171959740,",Orthopedic Surgery,",Northeast,2025-03-31 06:47:40.391653+00
7115c3fd-645c-4d17-8027-7f8b2ce1c9c3,2481516227,",Internal Medicine,",West,2025-03-31 06:47:40.38047+00
7118f163-1f0d-4147-84a4-8a160d0f5ba2,1926468472,",Gastroenterology,",South,2025-03-31 06:47:40.400223+00
71229af0-b50f-4540-964a-b2b2dba87f89,5714479158,",Internal Medicine,",Midwest,2025-03-31 06:47:40.377379+00
712cc41e-03c9-42c5-b43b-978fd9afcaa4,9177956390,",Internal Medicine,",Northwest,2025-03-31 06:47:40.380063+00
712f6d39-70e9-446e-b748-75280f1796e2,3787328072,",Dermatology,",Midwest,2025-03-31 06:47:40.394106+00
71302664-6b29-45fd-b081-d45ba279a8a1,3171263487,",Psychiatry,",Northeast,2025-03-31 06:47:40.385897+00
7133747d-1d30-4aa8-9678-794eca6f08d4,8380916148,",General Surgery,",Northeast,2025-03-31 06:47:40.404261+00
7135fd31-3217-47bf-9c2d-25a9ae0ae43f,5010777156,",Psychiatry,",South,2025-03-31 06:47:40.385635+00
71394960-23b8-493f-931d-be955268c6aa,5030984689,",Radiology,",Northeast,2025-03-31 06:47:40.394475+00
713ac4e1-38a5-4e14-8221-50ec2f972b3a,8153016060,",Neurology,",Northwest,2025-03-31 06:47:40.397974+00
713cd7e5-1cbd-4be5-91ca-99b817d141f1,2838321816,",Oncology,",Northeast,2025-03-31 06:47:40.402794+00
713f8413-e0f5-442d-a419-0855adb07974,1571529191,",Nephrology,",Northwest,2025-03-31 06:47:40.401994+00
71591f94-1deb-4118-b77b-a309dc33812e,5538582598,",Anesthesiology,",Northwest,2025-03-31 06:47:40.397054+00
715d5295-1f86-42a8-be64-e995b5c3fe85,4486543439,",Urology,",South,2025-03-31 06:47:40.400455+00
717318bc-546c-4523-b487-1dad6500c102,7711410370,",Obstetrics & Gynecology,",Northwest,2025-03-31 06:47:40.403579+00
7177b480-6a40-4905-b81f-7139af6a8142,7259814068,",Internal Medicine,",South,2025-03-31 06:47:40.380854+00
717f9b1e-f849-4a12-bd7d-cf02b5dd0d4c,3291349983,",Anesthesiology,",Northeast,2025-03-31 06:47:40.396614+00
7185d15f-a0d1-4517-bd06-91863029f309,5852708747,",Dermatology,",South,2025-03-31 06:47:40.394048+00
7191046d-b1ec-46df-97ba-f9b44fdd76a1,7674424501,",Psychiatry,",Northeast,2025-03-31 06:47:40.385148+00
71a9be86-8245-4a56-95f3-2ae5963290f7,2995859511,",Internal Medicine,",Northeast,2025-03-31 06:47:40.403381+00
71be5657-0edd-4c19-b93a-7460bce79433,5700549587,",Orthopedic Surgery,",West,2025-03-31 06:47:40.391437+00
71c47745-3c26-451b-842c-d92dc2d18148,9766183418,",Nephrology,",Northwest,2025-03-31 06:47:40.402235+00
71c7b85a-8b61-48bf-b4e0-37c6046bfb69,4081073892,",Dermatology,",Midwest,2025-03-31 06:47:40.393206+00
71d335f3-d28d-4f71-a9e1-9a0d4ed02f3f,6078339268,",Internal Medicine,",South,2025-03-31 06:47:40.376348+00
71dc8aa6-5d6c-47c7-a21b-6d2493397e38,7123651519,",General Surgery,",Northwest,2025-03-31 06:47:40.386269+00
71f188e7-719d-4c8c-8945-96e27731a68d,5160014725,",Internal Medicine,",Midwest,2025-03-31 06:47:40.379331+00
71f73c6f-e99d-4fc5-bd33-52771f88dc04,5453123216,",Internal Medicine,",West,2025-03-31 06:47:40.381162+00
71fa42fa-11bc-4c7d-b50a-9687b7985bb8,8560673214,",General Surgery,",South,2025-03-31 06:47:40.387756+00
7207b0f1-7e4e-4768-b36c-fef586079692,8376570074,",Neurology,",Northeast,2025-03-31 06:47:40.397882+00
721280a4-20dc-4017-b8f2-47fdb4fd7648,6822555176,",Internal Medicine,",Northeast,2025-03-31 06:47:40.38137+00
72153423-e633-465a-becf-3c613549f68c,4259607533,",Internal Medicine,",West,2025-03-31 06:47:40.381009+00
7216201b-9a92-436f-9139-a6ea679be2c7,8534705381,",Internal Medicine,",Northeast,2025-03-31 06:47:40.377987+00
72179f10-0ec8-4f6f-bb9c-c36c0cd73efa,1102264943,",Psychiatry,",West,2025-03-31 06:47:40.385075+00
722546ca-e966-4af4-8c85-d0e6ceee8bb5,6111758328,",Oncology,",South,2025-03-31 06:47:40.402961+00
723b353c-a5ac-4c14-bcfe-793352b55cd2,1922107899,",Psychiatry,",South,2025-03-31 06:47:40.385858+00
72463591-9fc5-4543-9081-e1af4789e397,5341705868,",Psychiatry,",Northeast,2025-03-31 06:47:40.385995+00
725511c7-ea2f-4451-9b05-ed46a313f2b5,9054272983,",Internal Medicine,",Northeast,2025-03-31 06:47:40.3816+00
72553b88-e6df-4988-b919-98a831338ced,9128455831,",Cardiology,",South,2025-03-31 06:47:40.404047+00
725caf83-1832-4de7-a039-b72b712d704c,5876667885,",Internal Medicine,",South,2025-03-31 06:47:40.379225+00
725fddeb-aef9-4409-9153-9cb8250dbc6a,7873177996,",Cardiology,",Northeast,2025-03-31 06:47:40.389328+00
726065a2-c800-44f0-af06-6c1497c3cc1c,9505277990,",Orthopedic Surgery,",West,2025-03-31 06:47:40.391249+00
72700d44-d5fd-480e-9edd-2b885a9e678c,9182408413,",Internal Medicine,",Midwest,2025-03-31 06:47:40.381525+00
7278b8b3-e6a6-4c1c-931e-78c0140f4db6,6215235779,",Cardiology,",Northeast,2025-03-31 06:47:40.390612+00
727c44c4-6855-4c97-a3bc-dd3c9a825e4e,4627016180,",Internal Medicine,",South,2025-03-31 06:47:40.377917+00
728375de-eac9-4312-95ae-400e304cb746,3025465478,",Radiology,",Northeast,2025-03-31 06:47:40.404249+00
7286af7f-a1a5-4826-9de4-837ee1640f0c,3207690007,",Internal Medicine,",South,2025-03-31 06:47:40.379097+00
728bd7d0-e0e6-4f96-a324-11c25f493f48,9401023859,",Cardiology,",Northwest,2025-03-31 06:47:40.390131+00
7292e042-d45f-4857-b31f-df260ccbdc61,2796433968,",Psychiatry,",South,2025-03-31 06:47:40.385062+00
72a19e76-5ab9-497e-9c13-30c76c7d3f0b,9343431931,",Anesthesiology,",Northeast,2025-03-31 06:47:40.39614+00
72b0d895-6f19-4f2d-81a6-d8a3dd682556,7231431541,",Psychiatry,",Midwest,2025-03-31 06:47:40.385868+00
72b81f61-4aba-4c6a-b598-6a183e3499a0,4498701485,",General Surgery,",Midwest,2025-03-31 06:47:40.387087+00
72bc08ec-ebf7-4cf6-9c21-0dd051cdc45e,5712776170,",Cardiology,",Northeast,2025-03-31 06:47:40.389761+00
72bf83b7-f12e-4fed-8e17-a085182811c9,1029256224,",Orthopedic Surgery,",Northeast,2025-03-31 06:47:40.391587+00
72c655de-0a9f-45e2-adae-fb23ba2452bf,6463155160,",Nephrology,",Northeast,2025-03-31 06:47:40.402365+00
72c7f92c-a3e2-4bc5-b0e9-85a7c451aaa9,9287158709,",Anesthesiology,",South,2025-03-31 06:47:40.395993+00
72d3bde8-39bd-4ef6-9a5b-bf149cbdaba4,6539000757,",Cardiology,",Midwest,2025-03-31 06:47:40.389546+00
72d74edd-a7e7-4599-a083-e28ef37d9630,4466709887,",Neurology,",West,2025-03-31 06:47:40.398368+00
72d9f99e-d72d-4ca2-8b4c-ceee5c0759b0,9654899332,",Radiology,",Northwest,2025-03-31 06:47:40.394903+00
72dcf228-b48a-4a14-8535-f92dc2c6f0cd,2244766240,",Psychiatry,",Northwest,2025-03-31 06:47:40.383878+00
72eff4e9-2d0c-422d-93b1-00575d6a6848,6250689009,",Neurology,",Midwest,2025-03-31 06:47:40.398549+00
72f66934-8bf9-4a41-b992-47578a74fed3,5192661225,",Oncology,",Midwest,2025-03-31 06:47:40.402924+00
72f86bbc-0095-4591-b6c0-f005455aa112,4843064487,",Neurology,",West,2025-03-31 06:47:40.398737+00
72fb9a5a-2548-43c9-8edf-d3f8f9a20672,6721124315,",Orthopedic Surgery,",West,2025-03-31 06:47:40.392338+00
7309d9c6-9c2f-4ab0-81ca-f939b09a36c1,7160458503,",Oncology,",Midwest,2025-03-31 06:47:40.402758+00
73120e6d-966e-4d9e-b8b8-b8845e72061f,8314234603,",General Surgery,",Northeast,2025-03-31 06:47:40.403856+00
73175b04-27de-42f7-a2b8-11cd9840bcf3,4160849810,",Cardiology,",South,2025-03-31 06:47:40.389911+00
73231607-ad67-42c8-9c9c-80206ac36c3e,4532801937,",Internal Medicine,",Northwest,2025-03-31 06:47:40.381373+00
732e9777-f3f8-4e26-985f-62a9f3fa97ba,8844221158,",Pulmonology,",Midwest,2025-03-31 06:47:40.401774+00
73315fa9-d794-418c-8169-14d39c6d24ef,5946771778,",Radiology,",Northeast,2025-03-31 06:47:40.395918+00
7338d120-d1b4-4fc0-a57e-55aae7dc0b3c,9343553617,",Dermatology,",Midwest,2025-03-31 06:47:40.393834+00
7342281a-b863-454d-af53-9b2df6fe0bc7,7744989038,",Internal Medicine,",Northeast,2025-03-31 06:47:40.379085+00
7342e401-3be4-4878-a3c2-0e94d44feb8c,9338705287,",Internal Medicine,",Northeast,2025-03-31 06:47:40.379655+00
73465fea-ba2c-4fbc-8da3-14aa3f87421f,3945689118,",Obstetrics & Gynecology,",Northwest,2025-03-31 06:47:40.383455+00
7354aa1a-71bb-44bc-b491-c0ef0e75851d,9807108154,",Internal Medicine,",Northeast,2025-03-31 06:47:40.377532+00
7361d155-ea70-48e0-a902-9745d352d395,2967273390,",Radiology,",West,2025-03-31 06:47:40.394568+00
7362c8f8-be58-4011-9dc9-d02e69cded06,5101682129,",Radiology,",West,2025-03-31 06:47:40.395479+00
73634d4d-76f3-4d88-83d7-071aa2f30ee2,4092351100,",Radiology,",Northeast,2025-03-31 06:47:40.395149+00
73658f42-9e8e-48a6-b82a-e4dcafdc063b,9288871097,",Dermatology,",West,2025-03-31 06:47:40.393136+00
73676761-b2ef-47c9-9cb2-a60365b16c37,6398806351,",Cardiology,",West,2025-03-31 06:47:40.388641+00
73686446-86a9-45e9-ba57-9a891815beef,7020825197,",Oncology,",West,2025-03-31 06:47:40.403051+00
73795173-11b2-4db5-80e4-8713fe712a0c,3430817839,",Gastroenterology,",South,2025-03-31 06:47:40.399377+00
738c5cc6-2fab-4d1f-9d63-47de2e7fbb88,4443376154,",Neurology,",South,2025-03-31 06:47:40.39874+00
738f6ea5-36fc-40a8-8492-79889c8b5b13,9597569343,",Internal Medicine,",Northwest,2025-03-31 06:47:40.378027+00
73910697-0512-430b-bc35-e2a24f594e97,7069064850,",Obstetrics & Gynecology,",Northeast,2025-03-31 06:47:40.381688+00
73963242-771f-4729-8724-1ea64584699d,4323739480,",Internal Medicine,",Northwest,2025-03-31 06:47:40.380802+00
73a5cda8-c17a-4daf-8cd1-848d63723c3a,4144125600,",Neurology,",Midwest,2025-03-31 06:47:40.398647+00
73a64601-f17e-4b63-987e-07ab07557a49,6884417069,",Neurology,",Northwest,2025-03-31 06:47:40.398264+00
73a83494-c3f4-438a-86b6-54c37b30f0de,5448561315,",Anesthesiology,",Northeast,2025-03-31 06:47:40.396782+00
73a99889-cfe5-4847-94f8-d0d585c6e069,9315035121,",Radiology,",Northwest,2025-03-31 06:47:40.395279+00
73bd2eb3-0ce1-44e5-a5f9-710c04e1507b,6805528335,",Internal Medicine,",South,2025-03-31 06:47:40.378036+00
73cdcf49-e305-4e68-8439-8487ce788246,8215154708,",Obstetrics & Gynecology,",Midwest,2025-03-31 06:47:40.382606+00
73ce0051-5bac-486d-b879-9ab177bf4216,6361491138,",Obstetrics & Gynecology,",Northwest,2025-03-31 06:47:40.382703+00
73d26992-b6fa-4746-8eb4-d62d1587ee5e,6370197046,",Neurology,",Northeast,2025-03-31 06:47:40.398569+00
73d3380f-83c0-4d88-a8ed-51d99c4db39c,8480475386,",Cardiology,",West,2025-03-31 06:47:40.390242+00
73e9da06-44b8-4fbc-b27f-0d0c255f68c4,4007599112,",Neurology,",West,2025-03-31 06:47:40.398351+00
73ed3d13-525b-4f5c-8614-320dfa6b8c87,3212521603,",General Surgery,",Northwest,2025-03-31 06:47:40.387947+00
73f22654-f1e3-4017-8f12-50fb36b9dcaf,3905693943,",Internal Medicine,",West,2025-03-31 06:47:40.379494+00
73fd6ffb-d61e-408b-a8ff-60d55764fa18,3079693930,",Psychiatry,",Northwest,2025-03-31 06:47:40.385354+00
73fff8e3-8e99-4adf-baf9-924356c94a94,1038776556,",Psychiatry,",Northwest,2025-03-31 06:47:40.38527+00
7409804d-cd8f-4dab-8cba-8568b4cd21ce,9955125592,",Neurology,",Northwest,2025-03-31 06:47:40.398642+00
7421a6f4-92ea-445b-bdb4-0ef6e45fe5ca,4990341633,",Internal Medicine,",South,2025-03-31 06:47:40.377229+00
742a9048-386d-4661-a8ad-f7dc3cdbc861,9850145552,",Orthopedic Surgery,",South,2025-03-31 06:47:40.39172+00
74335a8f-b2a0-4107-a08b-4b85bc5d99b4,1893610716,",Anesthesiology,",South,2025-03-31 06:47:40.396131+00
7436f9cf-03cb-4e38-8929-39141d0af6be,7641465561,",Psychiatry,",Midwest,2025-03-31 06:47:40.384553+00
7447df67-d07d-4487-8ca1-49b7d8ab884f,3869093705,",Gastroenterology,",Northwest,2025-03-31 06:47:40.400187+00
7449fb40-54ac-43c2-9523-610c106c4be5,6931926075,",Urology,",Midwest,2025-03-31 06:47:40.400702+00
744c6fad-c7ba-4c61-8d88-aaa56fc70ef2,1800303256,",Anesthesiology,",South,2025-03-31 06:47:40.39662+00
744e65e5-0289-4e43-9c1d-6bace04dc0b5,3100452758,",Internal Medicine,",West,2025-03-31 06:47:40.376749+00
74576cb7-54d8-47d1-8c4e-cd862d73fb51,8976262811,",General Surgery,",West,2025-03-31 06:47:40.387074+00
746b45ec-4e9c-4cdb-b6c7-f4512bfde787,7933824176,",Cardiology,",Northwest,2025-03-31 06:47:40.389997+00
746f9d72-8db7-4423-83d7-25e61372e502,1605398229,",Dermatology,",Midwest,2025-03-31 06:47:40.393851+00
747619eb-c8b8-44b4-95af-908c04289125,1228764090,",Obstetrics & Gynecology,",Northwest,2025-03-31 06:47:40.383549+00
747651a7-8cc0-4d6e-aae6-08d41c541165,1077304240,",Obstetrics & Gynecology,",West,2025-03-31 06:47:40.382+00
747ebc29-a410-4335-a914-91e5a4dae54b,1620126644,",Internal Medicine,",Midwest,2025-03-31 06:47:40.376865+00
7483de66-f07a-4a8a-9953-43454acc641c,5393609506,",Cardiology,",Midwest,2025-03-31 06:47:40.388534+00
748ff776-c0f9-413b-b330-2b690194c941,5669467225,",Obstetrics & Gynecology,",South,2025-03-31 06:47:40.382409+00
7496b4ca-d61c-40b4-b927-4dcaeaafcc1e,5762472237,",Orthopedic Surgery,",Northeast,2025-03-31 06:47:40.391111+00
74973efc-b46b-45aa-a54d-7b4556b94264,2470508648,",Orthopedic Surgery,",South,2025-03-31 06:47:40.390739+00
7499999b-deb5-48d4-91ac-dda90e65c064,6551349055,",Orthopedic Surgery,",West,2025-03-31 06:47:40.391143+00
749d6496-f366-4d74-b0b4-b1b5c26fe772,9973429395,",Internal Medicine,",Northeast,2025-03-31 06:47:40.403593+00
74a75fac-9f34-4034-9cc3-b6bf4ae7b692,5057025971,",Internal Medicine,",West,2025-03-31 06:47:40.403513+00
74aaeb6a-7362-4de5-8b80-9c30b1084eeb,7567948114,",Psychiatry,",Midwest,2025-03-31 06:47:40.385328+00
74ad5c97-025d-4931-818b-67c9741ec368,2365156051,",Orthopedic Surgery,",Northeast,2025-03-31 06:47:40.391559+00
74bc031f-cecf-465f-8a10-8ea442101e20,9171674318,",Orthopedic Surgery,",Northeast,2025-03-31 06:47:40.40383+00
74bcc674-8fd1-4237-b26e-856b598421e2,5962924471,",General Surgery,",Midwest,2025-03-31 06:47:40.386134+00
74be488a-4c7a-4ad2-84eb-7e89e9a3e5c1,9241401912,",Internal Medicine,",West,2025-03-31 06:47:40.379951+00
74c3ed22-9857-4014-9fb6-056b69d0b4bd,2377050486,",Orthopedic Surgery,",Northeast,2025-03-31 06:47:40.390764+00
74cef780-b01a-416d-9d2d-011568c6300a,8765304278,",Nephrology,",Northwest,2025-03-31 06:47:40.402081+00
74cf6943-85f2-47ac-a90d-ff285c54e19b,3220653118,",Radiology,",Northwest,2025-03-31 06:47:40.394296+00
74dd7316-b021-413e-b5c1-92c717575ec4,7315974248,",Dermatology,",Northeast,2025-03-31 06:47:40.39319+00
74e0b26a-6664-4735-931f-a72d186d954a,9924632845,",Oncology,",Midwest,2025-03-31 06:47:40.402597+00
74e29e3f-3a43-4b58-89dd-53c33f80f030,9972171241,",Obstetrics & Gynecology,",Midwest,2025-03-31 06:47:40.403318+00
74ed980d-ebed-4215-8236-877f3f8eb066,5118794591,",Internal Medicine,",West,2025-03-31 06:47:40.376094+00
74f52426-4935-40f8-9fe1-83ca1dd6bb6a,9691277507,",Neurology,",Northeast,2025-03-31 06:47:40.398714+00
74f8ae48-0605-444c-9bdd-8c92f9e1027e,3967771527,",Cardiology,",Midwest,2025-03-31 06:47:40.388398+00
75115c40-c6dc-4338-9c49-5ecdbbca62d7,8971526569,",Dermatology,",Northwest,2025-03-31 06:47:40.393493+00
751634d8-afc0-4eb8-917b-4b424306ac5d,2392951701,",General Surgery,",Midwest,2025-03-31 06:47:40.38828+00
75165d2f-3e49-4e21-b8fd-1df13695302d,8830930634,",Obstetrics & Gynecology,",West,2025-03-31 06:47:40.383426+00
75175d7e-4645-4b7f-b542-f64410273ce7,4179189549,",Obstetrics & Gynecology,",Northeast,2025-03-31 06:47:40.383757+00
7517a62d-23d1-43dd-85c1-9d27ed7f4510,8857426887,",General Surgery,",West,2025-03-31 06:47:40.386475+00
752cca56-78e3-4c67-8932-d0f554fad4d8,7044420630,",Oncology,",West,2025-03-31 06:47:40.402578+00
75387d9a-6820-4516-8931-41f93e1b90a3,7129815667,",Anesthesiology,",South,2025-03-31 06:47:40.403983+00
75434873-862f-4f56-8242-4ae1f9af820a,5141687804,",Pulmonology,",Midwest,2025-03-31 06:47:40.401186+00
7546fe99-0201-4856-aac6-299afeeb2051,1444513749,",Internal Medicine,",South,2025-03-31 06:47:40.378123+00
7548d1cd-6296-40ae-b9dc-cbade87c54f9,3329561494,",Radiology,",West,2025-03-31 06:47:40.395628+00
754ab633-5555-4a11-b2dc-47082397ba35,6328113458,",Internal Medicine,",Northwest,2025-03-31 06:47:40.38071+00
75501934-6388-4a3a-9181-abf3fb78e42b,9111653512,",Pulmonology,",West,2025-03-31 06:47:40.401293+00
75596f76-9666-4921-b98a-d308ae258f1f,9819024171,",Anesthesiology,",Midwest,2025-03-31 06:47:40.39695+00
7568f3c6-fc68-4a48-b11a-44963ca88cdb,7545026818,",Obstetrics & Gynecology,",West,2025-03-31 06:47:40.383424+00
756fd73e-476c-459c-8e85-2be59c7e77ec,1766285595,",Anesthesiology,",Northwest,2025-03-31 06:47:40.396898+00
757188e6-44e8-4a52-af7d-69133faf5a4f,8300785762,",Pulmonology,",South,2025-03-31 06:47:40.401484+00
75746056-4ebb-40dd-8dc1-d1dfc1f8102a,8470844145,",Anesthesiology,",Northeast,2025-03-31 06:47:40.40357+00
757541e8-81e7-4f32-8aae-0f569f8637ce,2968776994,",Oncology,",West,2025-03-31 06:47:40.402767+00
757d9643-19c9-438a-ae39-1e5049786ee0,5158671646,",Internal Medicine,",Midwest,2025-03-31 06:47:40.381091+00
757e9a1e-982a-4b2f-b12e-bdfde1d91d74,2373031053,",Internal Medicine,",Midwest,2025-03-31 06:47:40.404381+00
758a6d15-292d-4a5d-ae61-af212f589efb,6875866423,",Neurology,",Northeast,2025-03-31 06:47:40.404622+00
7592703d-1689-4996-817f-beb69e38a22a,1288405874,",Urology,",Midwest,2025-03-31 06:47:40.403209+00
75942b4b-feb6-462d-b3d7-7d8b0776817a,5489471864,",Orthopedic Surgery,",Midwest,2025-03-31 06:47:40.391201+00
759794e4-a552-4a82-8683-8ce779bfaca0,7562181569,",Orthopedic Surgery,",Northeast,2025-03-31 06:47:40.392329+00
759bf940-a02f-4de7-b9e4-c1ee470136fb,2448910698,",Cardiology,",West,2025-03-31 06:47:40.390111+00
759e7bb3-7e6d-49f5-b633-2d59478cc251,5156826944,",Internal Medicine,",Northwest,2025-03-31 06:47:40.380849+00
75a128ff-6475-48a7-af7c-6896a2c16088,5176380941,",Gastroenterology,",South,2025-03-31 06:47:40.39995+00
75a56fef-eda7-4dbb-af08-979352859e84,3482189969,",Obstetrics & Gynecology,",Midwest,2025-03-31 06:47:40.383517+00
75a93678-d111-42a4-9d52-f94b7524fcb2,9297105035,",Internal Medicine,",West,2025-03-31 06:47:40.377935+00
75b6533c-7c6f-4d6d-af54-bf23b5a953d0,7366715296,",Anesthesiology,",Northwest,2025-03-31 06:47:40.396664+00
75bad60b-bd29-4df9-9818-d9b326acac4c,6583565206,",Obstetrics & Gynecology,",West,2025-03-31 06:47:40.382686+00
75c78a71-b2e1-44bf-a3b9-69593fccf709,5067392474,",Psychiatry,",South,2025-03-31 06:47:40.385377+00
75cb0ca1-67f9-485e-bd3d-0aca3043a572,9420649582,",Internal Medicine,",Northwest,2025-03-31 06:47:40.377294+00
75d29788-92e9-40de-b692-5a083af9f42c,8871508287,",Internal Medicine,",West,2025-03-31 06:47:40.377087+00
75d55be0-7c06-44ce-aed4-71b7afab71ab,8200973170,",Dermatology,",Midwest,2025-03-31 06:47:40.393332+00
75dcedeb-af65-4495-a6b7-4ae6ca751e37,2907134060,",Internal Medicine,",Northeast,2025-03-31 06:47:40.377205+00
75e08f57-938d-400d-8282-dd83d8b708bc,3760946166,",Dermatology,",Northeast,2025-03-31 06:47:40.39365+00
75e5f5c6-dca0-4a28-ae53-c68fca02d07f,8281327158,",Urology,",South,2025-03-31 06:47:40.400733+00
75eff8ff-5c04-42ec-8648-39adc5b0722d,6794378741,",Urology,",West,2025-03-31 06:47:40.400883+00
75f0e70a-0157-4242-be57-d1a180d9ae00,3903277349,",Cardiology,",Northwest,2025-03-31 06:47:40.390205+00
7600963e-a1f1-4155-9302-28055e6dc4da,1624030165,",Internal Medicine,",West,2025-03-31 06:47:40.379563+00
7602ed4d-b5e6-40a4-8dd9-30e8303e8d77,8001648370,",Radiology,",Midwest,2025-03-31 06:47:40.394999+00
7606e731-3d91-433f-815d-460432d736ca,2397717808,",Anesthesiology,",Midwest,2025-03-31 06:47:40.396441+00
7608e0f1-dab5-4c80-8daa-0380b74ea33c,7801325503,",Gastroenterology,",South,2025-03-31 06:47:40.399626+00
7623a932-6548-456a-83d0-e881a908520a,8486896984,",General Surgery,",South,2025-03-31 06:47:40.404301+00
76288b77-b779-4841-a205-f4dcb17ca6d3,1296616046,",Orthopedic Surgery,",Northwest,2025-03-31 06:47:40.391542+00
7628d450-1c37-40e9-8f1e-483fc9346feb,5774699161,",Orthopedic Surgery,",Midwest,2025-03-31 06:47:40.391368+00
7636e942-5a9e-4dbd-8370-c2f7efd6bbc8,9865718945,",Dermatology,",Northeast,2025-03-31 06:47:40.394011+00
7638c257-ff33-4a70-80d7-72b55cb9cd77,1554059040,",Internal Medicine,",South,2025-03-31 06:47:40.3789+00
763a6414-9aae-414f-a693-0a3c37c5ebdf,3312933875,",Pulmonology,",West,2025-03-31 06:47:40.401979+00
763c7eba-2bc9-4a90-896d-e291262cd573,7410725744,",Orthopedic Surgery,",Northeast,2025-03-31 06:47:40.392039+00
7641856f-a136-4eab-8b73-fef58ac4d0ec,3563162535,",Orthopedic Surgery,",Midwest,2025-03-31 06:47:40.392219+00
766179e2-5d3f-48c7-add5-baff8f0ce39a,2548107489,",Obstetrics & Gynecology,",Northeast,2025-03-31 06:47:40.382753+00
766b259a-d44c-42cd-a4a0-b50390c5772e,3583603099,",Internal Medicine,",Northeast,2025-03-31 06:47:40.377465+00
766c66a7-0cb6-4a07-bf8e-0cebb61f5aae,6670327534,",General Surgery,",West,2025-03-31 06:47:40.387242+00
766e587c-3822-4fd0-b8fe-aabc36e5a437,4078644705,",Anesthesiology,",Midwest,2025-03-31 06:47:40.396023+00
766f654a-47d8-4675-8c23-0a7e48d55f81,1580252317,",General Surgery,",West,2025-03-31 06:47:40.387886+00
76714603-0c31-42b5-9aeb-209db4c11745,8931240755,",Internal Medicine,",West,2025-03-31 06:47:40.378144+00
76733fe9-4423-4d11-bf5b-bcdf627fe10d,4540608132,",Internal Medicine,",Northwest,2025-03-31 06:47:40.376801+00
7680af60-bfa6-4ee4-b602-b179cc6c29a8,4089700309,",Anesthesiology,",West,2025-03-31 06:47:40.396755+00
7683d251-75bd-4ec2-adf3-d7ecda79a3be,4003293982,",Internal Medicine,",Midwest,2025-03-31 06:47:40.377058+00
76a03fdf-8020-48f5-87da-160f4f2743e6,7993713076,",Orthopedic Surgery,",West,2025-03-31 06:47:40.391246+00
76a61e1e-70ae-4b50-8e33-3759670d3807,8631522247,",Internal Medicine,",Northeast,2025-03-31 06:47:40.379094+00
76ac6f58-3b83-4ab0-bab6-643c25313d25,3996990953,",Radiology,",South,2025-03-31 06:47:40.394483+00
76b6dd63-26f8-417f-b82e-2c66660de4ff,7453869976,",Cardiology,",West,2025-03-31 06:47:40.404281+00
76ba9050-4239-4c63-81b9-bf98662f4e22,3391927547,",General Surgery,",West,2025-03-31 06:47:40.404491+00
76be591e-64f7-4e1f-a865-0a13d10f7507,1748541338,",Gastroenterology,",Midwest,2025-03-31 06:47:40.399579+00
76d58461-96c5-406c-83ba-096e8f6cabd9,6258807043,",Anesthesiology,",West,2025-03-31 06:47:40.397382+00
76d77205-3b20-48bc-88f7-3c963d09eee5,6197289735,",Internal Medicine,",Northwest,2025-03-31 06:47:40.377161+00
76d78fb4-fc5e-448b-8e4f-2edb75c64699,2887046215,",General Surgery,",Northwest,2025-03-31 06:47:40.387597+00
76f04819-3e3f-4df8-8d24-463bb4556d0b,6700443106,",Internal Medicine,",South,2025-03-31 06:47:40.378877+00
76fe5724-5bd1-41fd-bed1-65d6103fd7af,8447756867,",Internal Medicine,",Northwest,2025-03-31 06:47:40.376179+00
770dc248-dbd9-4e80-a143-3c16b87b4dab,7192992983,",Cardiology,",Midwest,2025-03-31 06:47:40.389663+00
7716fdb4-91c6-49a4-9a3e-5db447fa5985,5395013320,",Internal Medicine,",Northeast,2025-03-31 06:47:40.376063+00
771f36c2-2bf5-4292-be52-80b8454c8717,3432206472,",Urology,",South,2025-03-31 06:47:40.400676+00
772e007e-ad2a-41b5-80d4-e37e08cc25f0,9781102796,",Obstetrics & Gynecology,",Northwest,2025-03-31 06:47:40.40311+00
773887f4-ad86-423f-a5ed-d6f3b2ee5de4,5758825883,",Obstetrics & Gynecology,",Northeast,2025-03-31 06:47:40.38173+00
7739d8ed-0547-4f39-8d4b-634538c6c36f,7071605941,",General Surgery,",Northwest,2025-03-31 06:47:40.387065+00
77419d43-befb-457b-9f81-2bd3fde21fa9,3074549424,",Radiology,",Northwest,2025-03-31 06:47:40.395409+00
7746a38e-939c-4211-b879-e19cb32576a7,2026410321,",Obstetrics & Gynecology,",Northeast,2025-03-31 06:47:40.383344+00
7753950d-6d8d-40a9-943e-f8bf2743ce86,4823185622,",Oncology,",Midwest,2025-03-31 06:47:40.402906+00
7756abac-4980-4ccd-88c3-535e13abeaf4,2482751563,",Anesthesiology,",South,2025-03-31 06:47:40.396606+00
775c65be-0aae-40e8-906e-70ec2486d98f,9142421058,",Obstetrics & Gynecology,",South,2025-03-31 06:47:40.382207+00
775f8cc1-7862-4855-8782-39eb9308ffb1,9076530496,",Psychiatry,",Midwest,2025-03-31 06:47:40.385129+00
77648bd7-f713-49b4-a52d-7286a99c6330,1349323355,",Gastroenterology,",West,2025-03-31 06:47:40.400006+00
77663c43-95f2-496c-8297-7d7aee071d98,2006267365,",Anesthesiology,",Northwest,2025-03-31 06:47:40.396487+00
776c3bed-c1f0-4a91-950d-613cc9c279d5,5420275358,",Obstetrics & Gynecology,",Midwest,2025-03-31 06:47:40.382328+00
776eab3c-0a18-4bdc-a4c8-4106163b1a13,4707665198,",Psychiatry,",Northeast,2025-03-31 06:47:40.383921+00
77784cdf-121f-46d0-a2fc-b62136edb7c9,7531946428,",General Surgery,",Northeast,2025-03-31 06:47:40.386955+00
777ebc63-40d2-47ba-a53b-fe960831fdb8,1551450565,",Obstetrics & Gynecology,",Northeast,2025-03-31 06:47:40.381882+00
777efa60-f573-4257-9e08-53548ade3251,6330247623,",General Surgery,",South,2025-03-31 06:47:40.404035+00
77802b02-be2e-4071-b225-96429098529e,8278395810,",Cardiology,",Midwest,2025-03-31 06:47:40.388837+00
778b96ff-50b2-41d8-aea7-19b461af012e,1618007085,",Gastroenterology,",Midwest,2025-03-31 06:47:40.399451+00
779f69b4-dc37-4c84-8d37-1b23dadcbe25,9854780683,",Cardiology,",West,2025-03-31 06:47:40.388973+00
77a0a9fd-052a-44a8-8905-8a85ff64259b,7264237251,",Internal Medicine,",Northeast,2025-03-31 06:47:40.3791+00
77a2f3e3-a6aa-45d4-9616-04373bd4bdd5,4116490252,",Neurology,",Northwest,2025-03-31 06:47:40.404662+00
77a4cabd-89a3-42c2-bbf7-1660df8a7dda,2280950349,",Internal Medicine,",Northeast,2025-03-31 06:47:40.38053+00
77aa534f-1a4d-49e7-9145-5c852760d5ef,3515885743,",Cardiology,",Northeast,2025-03-31 06:47:40.388764+00
77aaced2-5c2c-4c2d-ab88-6334dfa90319,3720411191,",Cardiology,",South,2025-03-31 06:47:40.389331+00
77b30f2c-0d67-42a8-8932-e331d2cf3561,5269619462,",Dermatology,",West,2025-03-31 06:47:40.394148+00
77b595ba-2925-4916-b8ef-45aba980cda3,9543672873,",Internal Medicine,",Northeast,2025-03-31 06:47:40.381486+00
77b7dde1-65ee-42e4-9498-0b9469398ac0,1272109101,",General Surgery,",Northwest,2025-03-31 06:47:40.387791+00
77ca4a73-f777-4a46-96c0-5579f1ac1d00,6748670153,",Psychiatry,",Midwest,2025-03-31 06:47:40.40437+00
77cbecf3-502f-4b58-be04-1d9bc11deeb1,9563958420,",Orthopedic Surgery,",Northeast,2025-03-31 06:47:40.391732+00
77ccbd01-cc23-4b55-ab23-f1903ccd2570,1642092656,",Nephrology,",Midwest,2025-03-31 06:47:40.402132+00
77cfa4f4-c33c-4ffb-a1b2-3b9dbb391be6,7790607784,",Neurology,",West,2025-03-31 06:47:40.398828+00
77d92a03-8f14-4397-a278-e92142ff1327,1965704898,",Pulmonology,",Northwest,2025-03-31 06:47:40.401408+00
77edd867-8bab-4af8-accc-89e9b481619c,3825767452,",Obstetrics & Gynecology,",South,2025-03-31 06:47:40.381633+00
77ef7df1-6840-44ba-b183-d8ad882e11af,4529088443,",Orthopedic Surgery,",West,2025-03-31 06:47:40.390676+00
77f0926b-1c49-4e98-b648-df29a3292c14,6174798468,",Neurology,",Midwest,2025-03-31 06:47:40.39789+00
77f191b3-9dee-45a3-bc65-464f8fae7cc0,2732761038,",Internal Medicine,",Northeast,2025-03-31 06:47:40.403963+00
77f7b674-9841-428e-ad67-f3914bba788c,9473907299,",Orthopedic Surgery,",Northeast,2025-03-31 06:47:40.39183+00
77fbd5c8-d3a2-4176-beb2-45d43e407fe5,2138956058,",Neurology,",West,2025-03-31 06:47:40.398608+00
780e4a1d-7f4c-479e-841f-4a01c3e3edec,3916142604,",Dermatology,",Northeast,2025-03-31 06:47:40.393788+00
78120ee1-cdd1-4b6f-a7b5-ebe7af7eaee9,7679363333,",Psychiatry,",Northwest,2025-03-31 06:47:40.384505+00
7812d853-9855-4c8a-8ac8-c5e0161a02b1,2598689926,",Internal Medicine,",Midwest,2025-03-31 06:47:40.379737+00
781d729c-79fe-4b8a-a6c4-4efedad0f410,9996251833,",Internal Medicine,",Northwest,2025-03-31 06:47:40.381145+00
7822911f-7126-4488-b492-6d881687d03f,8868042001,",Psychiatry,",West,2025-03-31 06:47:40.386021+00
78234fe6-4512-4579-9d9e-43966cda4484,3953707190,",Anesthesiology,",South,2025-03-31 06:47:40.396692+00
784351fd-74d4-4ef7-9907-2b939ffe8fb8,9334861755,",Radiology,",Northeast,2025-03-31 06:47:40.403649+00
7851452f-c922-43a0-9de1-99b15d08e8ea,3512685637,",Cardiology,",West,2025-03-31 06:47:40.388356+00
78636be4-c102-4946-bc20-d36a5f592b72,8984017028,",Internal Medicine,",Northeast,2025-03-31 06:47:40.403598+00
78677fb7-8ad7-45f4-9ba3-6ac14e2d185a,7642793945,",Neurology,",Midwest,2025-03-31 06:47:40.398822+00
78765201-8801-4a55-a7c0-b9267bba955a,5312409986,",Neurology,",Northwest,2025-03-31 06:47:40.399035+00
78829d5e-84c6-435f-bbd8-633eb5af6027,3228162148,",Orthopedic Surgery,",Midwest,2025-03-31 06:47:40.390876+00
7884eb9e-f70c-4357-b38a-44c1e88f0359,4711850253,",Anesthesiology,",West,2025-03-31 06:47:40.397705+00
788bd96a-83ca-47b4-b79a-0f8e9236c9e4,8495531112,",Radiology,",Midwest,2025-03-31 06:47:40.395889+00
78940041-26e4-4010-abec-839f0f7d3cbf,2525209388,",Psychiatry,",West,2025-03-31 06:47:40.384276+00
78998e06-5717-4c0a-ab1e-e82dcfe13289,9738407280,",Psychiatry,",South,2025-03-31 06:47:40.384033+00
78a407e8-cab0-4c0a-a69f-60b0df92b533,3824322987,",Internal Medicine,",Northeast,2025-03-31 06:47:40.379289+00
78b8cbb4-a899-4637-9a78-7639eb1c4ebe,9548572472,",Internal Medicine,",West,2025-03-31 06:47:40.378181+00
78bf14bc-c800-4159-bd5a-b2bc8ab40b58,4088868647,",Neurology,",West,2025-03-31 06:47:40.398371+00
78c26c54-858e-4107-8edf-3019476b6a8a,4226253247,",Obstetrics & Gynecology,",Midwest,2025-03-31 06:47:40.383179+00
78c5fe4a-3948-4121-ba20-7ef9ed601b59,3562110878,",Psychiatry,",South,2025-03-31 06:47:40.38601+00
78c8b7e5-eb52-4ac2-9443-3e9ad6601b27,5163767512,",Anesthesiology,",West,2025-03-31 06:47:40.396225+00
78d49ef4-b22d-44f2-a769-9e0d6300b855,8635575583,",Internal Medicine,",Midwest,2025-03-31 06:47:40.380129+00
78db1633-13ae-4066-b70d-f0dcb2d1ba5f,1911678373,",Orthopedic Surgery,",Northwest,2025-03-31 06:47:40.403226+00
78e605f0-de6e-4845-987c-a860231cbce5,3606753598,",Obstetrics & Gynecology,",West,2025-03-31 06:47:40.382132+00
78e7117d-0806-47d7-a0f3-573349e21241,3119861933,",Internal Medicine,",South,2025-03-31 06:47:40.380391+00
78f62f20-e5ca-4672-a96b-480e3dd29e1e,8943648855,",Obstetrics & Gynecology,",Northeast,2025-03-31 06:47:40.382135+00
7908568b-d51f-4622-b619-a3d09a262f9a,5728190567,",General Surgery,",South,2025-03-31 06:47:40.388033+00
790bb013-9067-4281-ad15-62dfcbdb39ec,3292053660,",Internal Medicine,",West,2025-03-31 06:47:40.378691+00
7911a9dd-bb9f-4be4-aa9a-1458c20d7a3d,9716686426,",General Surgery,",Northwest,2025-03-31 06:47:40.388261+00
7916e8ad-a720-47c8-a701-c36bc2a6f104,8145204759,",General Surgery,",Northeast,2025-03-31 06:47:40.386804+00
791ebdb2-5956-4aa5-8ca9-56ce30e3f46a,9081088931,",Gastroenterology,",Northwest,2025-03-31 06:47:40.399274+00
792f926b-47dd-477a-a6fb-c9e402a7842b,8734379218,",Urology,",West,2025-03-31 06:47:40.400996+00
79333258-0b97-4a48-94e3-6c7d5d778ae9,9631196897,",Radiology,",West,2025-03-31 06:47:40.394325+00
79339da4-54eb-4166-a758-7304c0f0bd65,8345897974,",Anesthesiology,",Midwest,2025-03-31 06:47:40.396138+00
79352d11-a80a-4fdf-b961-fc3fae056fb8,8090207632,",Cardiology,",South,2025-03-31 06:47:40.389738+00
7938e344-a9d0-483a-ab3d-520a78c69734,7568377041,",Internal Medicine,",Northwest,2025-03-31 06:47:40.381125+00
793f567e-02cc-40fd-9fcd-e64a1e5253aa,7314733688,",Internal Medicine,",Northeast,2025-03-31 06:47:40.379407+00
79463daf-87da-434d-afcb-7ce0e72f6da9,1314865432,",Urology,",South,2025-03-31 06:47:40.400911+00
7956c84c-5895-4b47-8616-566e513b8bd2,6283941050,",Cardiology,",West,2025-03-31 06:47:40.388915+00
795a7ee9-4df0-4d75-9057-3ccf17cc9597,9958078156,",Cardiology,",West,2025-03-31 06:47:40.390313+00
7964c2b8-59fe-4783-8f57-d398e8d3fe9e,9563941194,",Orthopedic Surgery,",South,2025-03-31 06:47:40.392495+00
7968d0f6-9771-49d8-bb90-3c29e6d3a654,7601824802,",Obstetrics & Gynecology,",South,2025-03-31 06:47:40.383646+00
796b2b47-80cc-4c7e-8eac-c21a5ca01e86,4860979335,",Cardiology,",West,2025-03-31 06:47:40.389914+00
796be2d1-61a2-402f-9e77-76c1d2d9b5ed,7061777489,",Anesthesiology,",South,2025-03-31 06:47:40.403494+00
796fb5af-597f-4f18-9d63-d7a90e93ea51,4298284258,",Orthopedic Surgery,",South,2025-03-31 06:47:40.391976+00
797f324b-e0b8-44f1-927a-85c8ff60d8ea,2290494246,",Radiology,",South,2025-03-31 06:47:40.394703+00
7980bdd4-b9aa-4db0-899d-4afa6c200482,9706866318,",Cardiology,",West,2025-03-31 06:47:40.389512+00
79832397-a8bf-4ced-bb22-885e5b3d496a,1286964280,",General Surgery,",Northwest,2025-03-31 06:47:40.386592+00
79840620-2126-4d9f-8fa1-7c80ce72d01d,1525460422,",Internal Medicine,",Northeast,2025-03-31 06:47:40.377305+00
7987253c-5be8-4e97-95ad-5763a4442c5e,8772725548,",Orthopedic Surgery,",South,2025-03-31 06:47:40.39107+00
798b63ad-e68b-4459-988a-0d213424056d,4642736742,",Internal Medicine,",Midwest,2025-03-31 06:47:40.380211+00
798d1b04-40fe-4d7a-991d-51a14822ef31,2260119924,",General Surgery,",Northwest,2025-03-31 06:47:40.386438+00
798e8c0d-d442-441f-baa8-49746c315d10,3150162284,",Internal Medicine,",Northeast,2025-03-31 06:47:40.380311+00
79a288dd-aec7-4b60-aef1-da4eef82995b,5321283640,",General Surgery,",West,2025-03-31 06:47:40.387681+00
79b1ad5d-3bc4-41f2-aab5-78819817b0cb,7037825255,",Internal Medicine,",Midwest,2025-03-31 06:47:40.377374+00
79b854fe-7368-4d83-a1e5-c5f3f6361a2c,2520228107,",Obstetrics & Gynecology,",Northwest,2025-03-31 06:47:40.404103+00
79c1f30c-5024-49f5-a82e-33ab46d5e79e,1118098892,",Internal Medicine,",Northwest,2025-03-31 06:47:40.378164+00
79d13d74-1377-40cf-bf07-817e62d5d820,1038082230,",Internal Medicine,",Northeast,2025-03-31 06:47:40.380679+00
79d563d2-fe52-431a-b5e3-3259628e681b,3700787026,",General Surgery,",West,2025-03-31 06:47:40.38629+00
79d5ef83-4bc4-4ed9-9920-2d147c52d97f,6773485372,",Radiology,",Midwest,2025-03-31 06:47:40.395832+00
79d71e90-e781-40da-8e69-ca4a93c62a31,8910616248,",Obstetrics & Gynecology,",South,2025-03-31 06:47:40.404179+00
79d892b4-e046-469d-a844-9be56f238333,3214018627,",Psychiatry,",Northwest,2025-03-31 06:47:40.38534+00
79d9deb1-57e5-4180-8b73-88e7fd60be7b,5898083244,",Anesthesiology,",West,2025-03-31 06:47:40.396907+00
79e42dae-81a6-4e10-9333-5e5586736694,9909707794,",Radiology,",West,2025-03-31 06:47:40.394249+00
79f80ab5-d350-478e-9b51-24bbc18c6555,3909448505,",Neurology,",Northeast,2025-03-31 06:47:40.398489+00
79ff4e44-dcc0-493a-aa4d-5e5799e19f3c,9657366366,",Internal Medicine,",Midwest,2025-03-31 06:47:40.381242+00
7a0d9bdd-6bd2-42cd-a377-40333c2ce60d,2457537845,",Dermatology,",South,2025-03-31 06:47:40.393698+00
7a11c1fc-e375-4a04-88b9-97c9c8869140,7987564681,",Neurology,",Midwest,2025-03-31 06:47:40.39811+00
7a1552fd-907b-4e85-bafe-466d62c0d097,9483788653,",General Surgery,",West,2025-03-31 06:47:40.386365+00
7a19ac03-0935-446d-9d6e-5d5b615a79c5,1319717354,",Gastroenterology,",Midwest,2025-03-31 06:47:40.399539+00
7a1d9760-2a81-49a0-ac0d-1e64d8d8fc1c,8046451089,",Urology,",Midwest,2025-03-31 06:47:40.400551+00
7a2023ee-c55a-4acd-90c5-559cb79dfad6,1149963501,",Gastroenterology,",Northeast,2025-03-31 06:47:40.399972+00
7a223fd3-57bc-4526-97a2-3eb1d7bf4b37,8151715207,",General Surgery,",West,2025-03-31 06:47:40.403938+00
7a262403-1ea7-47d2-9d87-24afffb06849,8267469658,",Radiology,",Northwest,2025-03-31 06:47:40.403131+00
7a3896cc-ee05-4d1f-80fd-cfb4bb29602a,9518094482,",Internal Medicine,",Northeast,2025-03-31 06:47:40.37831+00
7a44dbbf-5a6e-4588-82ed-b15cfdd04397,2723433844,",Obstetrics & Gynecology,",Northwest,2025-03-31 06:47:40.383466+00
7a465dfa-dd62-4055-90c0-f655542746b7,6524204559,",Dermatology,",South,2025-03-31 06:47:40.393419+00
7a4b303c-7084-4d30-8f28-c2eddbba6ee2,5748726985,",Internal Medicine,",South,2025-03-31 06:47:40.380615+00
7a553254-89d6-46f5-92df-339063a45f35,2173928800,",Urology,",Northwest,2025-03-31 06:47:40.400909+00
7a5af1f9-1c3c-43e3-b70d-d5571833c975,9430164793,",Oncology,",Northeast,2025-03-31 06:47:40.402611+00
7a5e3c4e-ad56-4770-9a7d-5cf5b4b9e43d,4892771003,",Cardiology,",West,2025-03-31 06:47:40.390442+00
7a60b76e-0eea-48c3-9b28-7973911dd2be,8136839267,",Psychiatry,",Midwest,2025-03-31 06:47:40.38425+00
7a6ce3f0-ecea-4068-b1ed-5e147c766f74,1205735266,",Cardiology,",Northeast,2025-03-31 06:47:40.388689+00
7a6d0c20-b395-4ded-a561-4667bad0e803,8599488470,",Anesthesiology,",Northwest,2025-03-31 06:47:40.39751+00
7a747569-9edc-410d-9c6d-04a0ed1a0d63,3491250409,",Orthopedic Surgery,",South,2025-03-31 06:47:40.391178+00
7a79a9f6-bdc5-409a-9687-bfd1422a173d,1366230899,",Internal Medicine,",South,2025-03-31 06:47:40.378287+00
7a7e40a9-e6ee-4971-a3a0-da9d80104c29,3882767769,",Internal Medicine,",South,2025-03-31 06:47:40.379446+00
7a891036-67dd-48be-84d5-10be0406dea6,1789347885,",Orthopedic Surgery,",South,2025-03-31 06:47:40.392002+00
7a92b198-82fa-459e-8480-ca505dde84ec,7306129467,",General Surgery,",West,2025-03-31 06:47:40.387301+00
7a9dd721-4f31-4c49-a307-1fec6193e494,9003819187,",Obstetrics & Gynecology,",Northeast,2025-03-31 06:47:40.382282+00
7a9ecb07-c380-47bf-a5d8-746cb4b82701,3115826301,",Internal Medicine,",South,2025-03-31 06:47:40.376415+00
7aa0038f-4734-44e3-b3df-75dfc8835b62,5055990915,",Cardiology,",Northwest,2025-03-31 06:47:40.404442+00
7aaaf92d-1a81-4ec4-b5f3-451385f569ae,7951306676,",General Surgery,",West,2025-03-31 06:47:40.38633+00
7aad08ae-8874-480f-8d0f-41f52861ff73,7317429073,",Internal Medicine,",South,2025-03-31 06:47:40.380955+00
7ac4b103-6a45-4d77-855f-05300b96040d,3513147900,",Oncology,",South,2025-03-31 06:47:40.402738+00
7ad62ce0-a575-42e0-8d7a-f5167f0c820b,8571141978,",Cardiology,",Midwest,2025-03-31 06:47:40.389292+00
7ad7e293-8838-46a2-acd2-fc478afa65d1,5777060140,",Internal Medicine,",Northeast,2025-03-31 06:47:40.380753+00
7ae86199-98ed-45a9-aa63-29bcc80b5450,2769721575,",Internal Medicine,",West,2025-03-31 06:47:40.377477+00
7aeef8bf-56c2-45d0-a6a8-d87fdfd57c3c,7104776645,",Radiology,",Northeast,2025-03-31 06:47:40.394644+00
7af3506b-1ba7-4bac-b73b-b439cd22a4c0,1155120888,",Oncology,",South,2025-03-31 06:47:40.403034+00
7af67ce5-02f4-4722-ac5a-b5d67162fec5,6120431130,",Internal Medicine,",West,2025-03-31 06:47:40.380429+00
7af742e4-da12-4194-8cb9-e81b40bef4a0,3143294294,",Gastroenterology,",Northwest,2025-03-31 06:47:40.399297+00
7af9cc26-628d-4125-89c2-16a87315f0e6,3955578324,",Psychiatry,",Northeast,2025-03-31 06:47:40.383926+00
7afb8cbe-7d9e-4ee0-97e8-3f0a048723ce,1478721937,",Neurology,",West,2025-03-31 06:47:40.398743+00
7b00d340-d403-40fb-bfa3-c73cf4cddffd,8315499090,",Obstetrics & Gynecology,",Northwest,2025-03-31 06:47:40.38382+00
7b07e0f7-3785-471c-8dac-23b3b4e6c60f,4521583952,",General Surgery,",Northwest,2025-03-31 06:47:40.386501+00
7b0d219a-b93a-4b1a-8546-8085d73889e9,4318970075,",Psychiatry,",Northwest,2025-03-31 06:47:40.383909+00
7b152a4c-8c57-429f-a582-ac0c26c3e92e,9579050545,",Orthopedic Surgery,",Midwest,2025-03-31 06:47:40.391462+00
7b182dca-be1f-46f5-a24b-2bb870229b59,8296632666,",Anesthesiology,",Northwest,2025-03-31 06:47:40.397515+00
7b19960b-e5b7-4b6e-89ba-7f88f309ba49,3569652002,",Gastroenterology,",Northwest,2025-03-31 06:47:40.399716+00
7b248ad0-2ad5-44d8-923b-3926a871d5f5,3975130265,",Radiology,",South,2025-03-31 06:47:40.394554+00
7b2a71b1-a70c-416d-b34b-a6e9aa958d1f,8351743818,",Internal Medicine,",Northeast,2025-03-31 06:47:40.380603+00
7b2cb555-974d-4652-93a8-2b5f9bf900ba,4919717874,",Obstetrics & Gynecology,",Midwest,2025-03-31 06:47:40.38376+00
7b320c02-8612-4b43-9c33-ee898703fae4,9024295600,",Cardiology,",South,2025-03-31 06:47:40.388364+00
7b3b9f23-d3c8-47a4-a10f-3df5e06a0fe0,9384094091,",Gastroenterology,",West,2025-03-31 06:47:40.399253+00
7b417121-0c7a-4dea-8091-94c95ce4271e,8528799072,",Cardiology,",Midwest,2025-03-31 06:47:40.388664+00
7b5039e6-ce29-499d-a47b-18d4e6a8b807,3674772428,",Orthopedic Surgery,",West,2025-03-31 06:47:40.390938+00
7b51ede7-9f0c-4c85-a405-42c87ab37e45,2749029303,",Dermatology,",West,2025-03-31 06:47:40.394234+00
7b5e829f-d7ea-49ba-b671-1f0b99b9b815,3945622702,",Internal Medicine,",South,2025-03-31 06:47:40.376199+00
7b657fd0-520c-40e3-b1a9-8ee9a4082647,9307926537,",Internal Medicine,",Midwest,2025-03-31 06:47:40.4033+00
7b6eabd3-6dd9-40e3-9f5a-22336fd6311f,5379714266,",Anesthesiology,",West,2025-03-31 06:47:40.397196+00
7b7c2879-ba5f-45a9-a63d-01c95dad4d6c,2401179331,",Internal Medicine,",West,2025-03-31 06:47:40.403929+00
7b7f3653-3432-4999-b17a-9d4d9d518952,6332705226,",Dermatology,",Northwest,2025-03-31 06:47:40.392692+00
7b878e04-5068-4d05-afed-f8298afcb096,9132977440,",Radiology,",South,2025-03-31 06:47:40.394877+00
7b8a1f8f-2a22-47b9-ab89-b8fafdccab50,9389071950,",Pulmonology,",South,2025-03-31 06:47:40.401285+00
7b934a2d-06e3-4323-a59b-86bed4eca330,4200131568,",Pulmonology,",Northwest,2025-03-31 06:47:40.401526+00
7b9c1b83-8264-4b98-a987-101fff1ecb17,1030594777,",Pulmonology,",Northeast,2025-03-31 06:47:40.401363+00
7ba1d8ec-c069-4db6-b14b-8b8eb037eca7,5479484310,",Internal Medicine,",West,2025-03-31 06:47:40.378818+00
7bade172-7e9b-4863-a701-91cf038ff13a,6434157374,",Dermatology,",Northeast,2025-03-31 06:47:40.392618+00
7bb96f74-99f5-41b3-8e7f-0d7f0613dce4,8836793329,",Internal Medicine,",Northeast,2025-03-31 06:47:40.376526+00
7bbf2a74-5fc8-4ba4-ac9d-75e4cd49b39e,4887646569,",Anesthesiology,",South,2025-03-31 06:47:40.397225+00
7bc23104-55c6-473b-a31f-346b0ea58aa2,9863236417,",Cardiology,",Northwest,2025-03-31 06:47:40.388964+00
7bc4f614-f6f6-4035-be3e-d7745966e9a6,3656169812,",Radiology,",Northwest,2025-03-31 06:47:40.394805+00
7bca827c-d743-43e7-97b5-0a6fb9b8f7a3,4596500568,",Psychiatry,",Midwest,2025-03-31 06:47:40.38585+00
7bd70ca7-fc3a-40d6-9f0f-1e590b5b59f6,3250672447,",Neurology,",West,2025-03-31 06:47:40.398331+00
7be22162-bf18-4242-862e-d96124a43b7a,9924139665,",Radiology,",South,2025-03-31 06:47:40.394749+00
7bf777c6-3ef7-4e7a-95a0-6d983850a7d1,3335387866,",Radiology,",Northeast,2025-03-31 06:47:40.395603+00
7bf8bddd-0064-46df-a772-87cfe251c272,7507028022,",Obstetrics & Gynecology,",South,2025-03-31 06:47:40.381743+00
7bfaa582-50f8-4687-8470-720d3a7ea712,7436149960,",Orthopedic Surgery,",South,2025-03-31 06:47:40.392523+00
7bfd8782-ed46-491a-a0e9-13b1ae29f2b8,5167618382,",Dermatology,",West,2025-03-31 06:47:40.393096+00
7c02686c-7279-46e3-9589-cf3c640d3aa9,7750763475,",Orthopedic Surgery,",Northwest,2025-03-31 06:47:40.391319+00
7c032d9f-bd63-4cc9-8c2e-da0d4aaff29a,4344531589,",Pulmonology,",Midwest,2025-03-31 06:47:40.401747+00
7c07ab4d-9d8b-4506-9cef-b4176e06c673,5520877176,",Urology,",South,2025-03-31 06:47:40.400425+00
7c13ec2c-cb93-42b5-856e-ee6580720365,9484619818,",Psychiatry,",South,2025-03-31 06:47:40.384786+00
7c155ff0-12ff-476c-8a1b-fd0bf581a1de,8734429827,",Neurology,",Northwest,2025-03-31 06:47:40.398972+00
7c1b4a71-8e67-45fc-aaaa-0e4aacd61d51,8892840635,",Dermatology,",South,2025-03-31 06:47:40.392915+00
7c247e7a-c7e9-4915-b6e4-ff9ee83ac8dc,1953246993,",Internal Medicine,",West,2025-03-31 06:47:40.378045+00
7c337d92-4c5d-443a-ad7b-f90ee5fb7288,2344078337,",Internal Medicine,",South,2025-03-31 06:47:40.380305+00
7c3b970f-c53c-4a0b-af61-27171d3d5e34,1832016934,",Urology,",Northeast,2025-03-31 06:47:40.403635+00
7c4bcfa7-768a-411d-bb9a-bed8d628fb09,7301174753,",Nephrology,",Midwest,2025-03-31 06:47:40.402075+00
7c4e9e0b-adc6-4566-8ce1-82ee1f048a8b,8038719145,",Urology,",Northeast,2025-03-31 06:47:40.400894+00
7c4fcd4e-c1cf-4013-aaac-e6de5e0a6a5a,2809304582,",Dermatology,",Midwest,2025-03-31 06:47:40.393777+00
7c595e51-2383-4441-af98-06d11a2f2e4b,7175508825,",Nephrology,",West,2025-03-31 06:47:40.402036+00
7c5bfd78-4fc9-469c-a4ec-2205838a17d1,1305829255,",Internal Medicine,",Northwest,2025-03-31 06:47:40.3779+00
7c6e121c-8d08-4d9e-9d84-0a9850f0cffa,7510353427,",General Surgery,",Northeast,2025-03-31 06:47:40.387729+00
7c7723f7-bbb6-4017-ab9d-5eb209b2a4b3,9773521223,",Cardiology,",West,2025-03-31 06:47:40.388824+00
7c7dcfa0-f25a-4629-a9ed-f1fdccd3c453,8830610301,",Psychiatry,",Northwest,2025-03-31 06:47:40.384025+00
7c819e8f-92ae-4a77-a5cf-6ac89c0959d5,6186857522,",Internal Medicine,",Northwest,2025-03-31 06:47:40.38069+00
7c82013d-ab75-4012-b94c-8d7b768798a4,7434150963,",Neurology,",South,2025-03-31 06:47:40.39841+00
7c86c3cb-6537-4b84-89d7-a5011ef64926,8778067010,",Anesthesiology,",West,2025-03-31 06:47:40.396467+00
7c880b94-e9c4-4d4c-8d4d-c7fd6a5d343e,9441999412,",Psychiatry,",Northwest,2025-03-31 06:47:40.385742+00
7c8863a8-4164-4712-b6c5-67ef6426017e,6191191903,",Psychiatry,",Midwest,2025-03-31 06:47:40.384647+00
7c89e682-88ec-4e09-b4ce-199a595c3680,9410361504,",Oncology,",Midwest,2025-03-31 06:47:40.402606+00
7c997a88-ce1c-4ddc-9589-eafd11d275c1,3411030468,",Gastroenterology,",West,2025-03-31 06:47:40.400193+00
7ca1abfe-da34-47f6-b612-6744a4e2d27b,2905383856,",Internal Medicine,",South,2025-03-31 06:47:40.377462+00
7caa32f9-e1a9-47bc-a1da-9b27590a83bc,7205851746,",Radiology,",South,2025-03-31 06:47:40.394439+00
7cbdbcd3-f9f4-4ded-9cfc-d3a56af186a0,1581083896,",General Surgery,",Midwest,2025-03-31 06:47:40.386659+00
7cce24c6-ef0a-4d7f-8173-0859a68432ad,6473628953,",Anesthesiology,",Midwest,2025-03-31 06:47:40.397136+00
7cce2649-780f-41ce-8f9e-457b3de3c923,7685566528,",General Surgery,",Midwest,2025-03-31 06:47:40.38616+00
7cd2ea84-0d09-4382-9a95-7451c5b3934d,5412944279,",Psychiatry,",South,2025-03-31 06:47:40.385936+00
7cd973b2-45b1-49b6-b937-796ce9d1c1aa,1006752172,",General Surgery,",West,2025-03-31 06:47:40.387894+00
7cdd5e61-68e4-415d-afee-59292d73d3da,8089093095,",Orthopedic Surgery,",Midwest,2025-03-31 06:47:40.390713+00
7cdf9e96-e1f8-4901-9e0a-cf6bdfa441eb,3166254447,",Dermatology,",Northeast,2025-03-31 06:47:40.393624+00
7cdfc041-3e6e-4cd6-8a94-727daa0f839a,1788517273,",Psychiatry,",Northeast,2025-03-31 06:47:40.385779+00
7cf03bc1-9556-47b5-a001-965f8677ac14,6625918655,",Dermatology,",South,2025-03-31 06:47:40.403818+00
7cf7ef85-b54d-4714-94e4-748461c34498,3005286523,",Obstetrics & Gynecology,",South,2025-03-31 06:47:40.383008+00
7d07c463-af09-44e6-ab33-4384c8d0449a,1553612485,",Internal Medicine,",West,2025-03-31 06:47:40.378885+00
7d148d34-ebd9-4e31-91d7-e5c0c0f0f8a5,7153126602,",Urology,",Midwest,2025-03-31 06:47:40.400713+00
7d152796-6399-4f7c-9a80-f422c4a813d2,3388399863,",Internal Medicine,",Northwest,2025-03-31 06:47:40.381131+00
7d1aa7e6-5eba-4869-9dec-7ea303f5e338,7115372935,",Internal Medicine,",Northwest,2025-03-31 06:47:40.404707+00
7d1cdb86-0e73-476a-847a-2f6398a2023e,6261403455,",Internal Medicine,",West,2025-03-31 06:47:40.376774+00
7d1dea7f-7ec9-42fe-8a64-e19b28adbff9,2300058491,",Neurology,",West,2025-03-31 06:47:40.398969+00
7d1f5783-7af1-4d3a-8c6e-936a4d778760,1976888677,",Internal Medicine,",Midwest,2025-03-31 06:47:40.378474+00
7d26dcfa-8d8d-4240-bffa-34c44c520fa5,7050681917,",Internal Medicine,",Northeast,2025-03-31 06:47:40.376484+00
7d27c90a-0eb0-4673-9611-dbb5767d170b,2032703157,",Cardiology,",South,2025-03-31 06:47:40.390586+00
7d285710-abe3-425e-b134-30eed33bf649,8112497128,",Obstetrics & Gynecology,",South,2025-03-31 06:47:40.403223+00
7d32e06e-3779-41cc-b96c-2fb21800aaab,8837269619,",Internal Medicine,",West,2025-03-31 06:47:40.37854+00
7d3715c7-1694-49ad-990f-9f3f1616c466,2098079502,",Cardiology,",Northwest,2025-03-31 06:47:40.388959+00
7d42283e-fe3c-4c06-b9b9-339e6b213f13,8905031350,",General Surgery,",West,2025-03-31 06:47:40.387738+00
7d469423-9dd7-4aec-a77c-577f23fa5555,8953926967,",General Surgery,",Northwest,2025-03-31 06:47:40.386486+00
7d527be4-ae3d-4087-af2e-755ed183ee20,5848363757,",Radiology,",South,2025-03-31 06:47:40.395757+00
7d67e771-8b45-4dfd-96dd-ac9de39b4f32,2620618924,",Radiology,",South,2025-03-31 06:47:40.394282+00
7d6cee3b-2203-483f-972b-8b32148b0e62,4908945523,",Oncology,",South,2025-03-31 06:47:40.402622+00
7d6dcc34-a84f-4c94-844c-85db61879037,5134053224,",Radiology,",West,2025-03-31 06:47:40.394305+00
7d7d8b1e-dade-4421-9d6f-0e919a304036,4812834100,",Radiology,",Midwest,2025-03-31 06:47:40.394755+00
7d809457-2223-4861-b053-1fac0cea0f88,7357337900,",Cardiology,",West,2025-03-31 06:47:40.389258+00
7d8b141b-9c0e-4372-8a81-eff83e3b78e4,9406180973,",Pulmonology,",West,2025-03-31 06:47:40.401934+00
7d8f142e-6388-4fd3-b66b-c9da064e54d0,5805557892,",Internal Medicine,",Northwest,2025-03-31 06:47:40.379322+00
7d92cdef-5cf4-4796-94d1-21f8655e53cc,3056698664,",Neurology,",Midwest,2025-03-31 06:47:40.403501+00
7d967a6c-650b-45d9-939a-167bca627539,4798700302,",Pulmonology,",West,2025-03-31 06:47:40.401759+00
7d9f3224-4c0b-4c02-94d4-db927d77d0d5,7548023573,",Radiology,",Northwest,2025-03-31 06:47:40.394263+00
7da7658e-c931-4380-a3ee-03243afdb742,2280496586,",Radiology,",Northwest,2025-03-31 06:47:40.394522+00
7da7c42c-beb4-4126-a159-4276630047bc,5975141518,",General Surgery,",South,2025-03-31 06:47:40.387008+00
7dac133f-530f-4b71-9899-5e87ba7440ca,7785041245,",General Surgery,",Northeast,2025-03-31 06:47:40.387527+00
7dace13d-5855-4ae8-938f-509217d34c2f,2968745166,",Internal Medicine,",Midwest,2025-03-31 06:47:40.380266+00
7dbab60e-03cd-47a2-b920-e3938126c0ed,8678914941,",Neurology,",Northwest,2025-03-31 06:47:40.398028+00
7dbc23a0-d579-4991-914a-3ff7b5bc41eb,7763984641,",Orthopedic Surgery,",West,2025-03-31 06:47:40.390861+00
7dc31038-375d-485e-9815-1d727b009dd7,4075665257,",Orthopedic Surgery,",South,2025-03-31 06:47:40.391408+00
7dc6e845-02e4-493c-92bb-25d84fcfc885,9205212577,",Internal Medicine,",South,2025-03-31 06:47:40.378344+00
7dc94612-09e4-4872-bec3-8545edb451d0,7733502888,",Psychiatry,",Midwest,2025-03-31 06:47:40.385624+00
7dcfea5b-88a8-4cc5-802d-e4924eeb3ac3,4180065629,",Cardiology,",Northeast,2025-03-31 06:47:40.389535+00
7dd1fbb8-7630-4078-8034-c19dc585c096,9596871890,",Gastroenterology,",Northeast,2025-03-31 06:47:40.399503+00
7ddbd9c3-3b44-411a-8841-22ee6bf33200,1851382551,",Nephrology,",Northwest,2025-03-31 06:47:40.404439+00
7dded9f1-18ed-4021-9e1e-06b6aaf92964,8059135894,",Obstetrics & Gynecology,",Northeast,2025-03-31 06:47:40.383358+00
7df506da-955f-4365-84e9-e3c33bbacc5c,4266213785,",Internal Medicine,",South,2025-03-31 06:47:40.377727+00
7e04e19f-2479-44c6-a8b9-76898efb5fe5,7074150560,",Anesthesiology,",Northeast,2025-03-31 06:47:40.3967+00
7e06be82-1b4b-460f-bcbf-a9ea3c11b848,2025894383,",Dermatology,",Northwest,2025-03-31 06:47:40.393612+00
7e07d44e-a6e6-4bba-9e0d-5ba252acea5a,6774473420,",Orthopedic Surgery,",Midwest,2025-03-31 06:47:40.391999+00
7e083221-7c46-48b6-bc63-b70d5e1e131d,9593014340,",General Surgery,",Midwest,2025-03-31 06:47:40.387145+00
7e14e872-b0d0-47e8-9bf1-e036fc5cd171,5566590444,",Urology,",West,2025-03-31 06:47:40.401007+00
7e16e3d8-da5b-4685-a492-a2d5544d934b,9447811891,",Cardiology,",South,2025-03-31 06:47:40.39058+00
7e1f3f6d-f74d-42c0-9d9a-89e677894431,3783586336,",Psychiatry,",Midwest,2025-03-31 06:47:40.383964+00
7e3735c1-05f9-40ca-8714-26ef53cd2a5c,7066040590,",Cardiology,",South,2025-03-31 06:47:40.389199+00
7e3ab1b5-1fd9-4ff8-a2a2-29ddf6547635,6901530384,",Internal Medicine,",Northwest,2025-03-31 06:47:40.404+00
7e3f3764-c5d2-49fd-a72e-21c4f11c12fc,5403081619,",Dermatology,",Midwest,2025-03-31 06:47:40.393997+00
7e5cc6b7-8032-4322-a193-01d4814b8c2d,4327813015,",Dermatology,",Midwest,2025-03-31 06:47:40.392598+00
7e640daa-c3b4-4419-bb62-d7e4ad847916,6268444891,",Orthopedic Surgery,",West,2025-03-31 06:47:40.392402+00
7e64416d-d20f-4c48-9a1d-1137d2614ea0,1980390738,",Orthopedic Surgery,",Northeast,2025-03-31 06:47:40.39212+00
7e688485-3653-4013-88e8-8cdff29837d7,9670121816,",Psychiatry,",Northwest,2025-03-31 06:47:40.383932+00
7e6ca6e6-c707-4ef1-85e2-eae8c92191d6,9809744381,",General Surgery,",Northeast,2025-03-31 06:47:40.388013+00
7e730234-d53d-433a-83d7-c18cff1206dc,4836331047,",Internal Medicine,",Northeast,2025-03-31 06:47:40.378071+00
7e79645d-22a3-4d8f-b71e-9e0d4cd7986d,6276249392,",Pulmonology,",Northeast,2025-03-31 06:47:40.401534+00
7e7adf55-4d59-42b6-b558-2c9772dfa7b4,9103109777,",Psychiatry,",West,2025-03-31 06:47:40.384877+00
7e80cc0a-6d41-44cb-8b1d-0747cc4d92a8,2208091216,",Internal Medicine,",West,2025-03-31 06:47:40.379767+00
7e86ce9c-44c9-456a-a5c8-83890dd07bd1,4097969022,",Internal Medicine,",South,2025-03-31 06:47:40.379503+00
7e8c2bb1-1d16-48cf-a09b-c1fba85ce204,9125680291,",Dermatology,",Midwest,2025-03-31 06:47:40.393442+00
7e8de554-9462-45fe-8ff1-ceb89a3242bc,8718973720,",Gastroenterology,",South,2025-03-31 06:47:40.400087+00
7ea3b094-de44-40d2-bfbc-f150bd49fcee,7104729072,",General Surgery,",Northwest,2025-03-31 06:47:40.386844+00
7ea99036-bd0e-41ad-adbd-0d075a37b99e,6695026347,",General Surgery,",South,2025-03-31 06:47:40.387171+00
7ec0cb59-824d-49d6-bf30-dae73f995c8b,5070641691,",Dermatology,",West,2025-03-31 06:47:40.393924+00
7ec12591-d233-4434-93e3-fd9d47684483,7277870861,",Internal Medicine,",Northwest,2025-03-31 06:47:40.380385+00
7ec20ca9-4fe0-45c5-bd59-1efa960aacbd,3741875504,",Radiology,",Northwest,2025-03-31 06:47:40.395412+00
7ec45822-4a2e-4782-a0bf-a62538d037bc,9322260188,",Radiology,",Northwest,2025-03-31 06:47:40.394436+00
7ecf0bc6-b3c5-4560-a93b-269a95832b93,1174474007,",Oncology,",Midwest,2025-03-31 06:47:40.402967+00
7edc3e23-e45b-4537-8d7d-57dabbe970d2,3998449374,",Internal Medicine,",Midwest,2025-03-31 06:47:40.378991+00
7ee5b1fc-7b19-4623-9224-ad56cd11348b,4586599377,",Internal Medicine,",West,2025-03-31 06:47:40.376239+00
7eea460f-4139-4d1b-b71e-a3d9b175d5f5,3745902819,",Orthopedic Surgery,",South,2025-03-31 06:47:40.392486+00
7eead03d-ad85-463b-a978-8e65e944158f,8656612878,",Internal Medicine,",South,2025-03-31 06:47:40.380652+00
7ef08f56-6830-42ac-91a3-9671f2cf6e80,5496614791,",Orthopedic Surgery,",Midwest,2025-03-31 06:47:40.392205+00
7ef34c73-056a-476f-9c96-1f387e1b3541,8786569587,",Internal Medicine,",Northeast,2025-03-31 06:47:40.380719+00
7f04803f-d2f1-4856-b935-00056515ddec,8323550212,",Radiology,",Midwest,2025-03-31 06:47:40.395343+00
7f050d51-b8f9-4bd6-ac34-024745a0b55a,5638342911,",General Surgery,",Northwest,2025-03-31 06:47:40.386322+00
7f101f14-ef59-4cf2-8586-2801a8a36a25,5819048906,",Cardiology,",Northwest,2025-03-31 06:47:40.390385+00
7f1428e0-5322-4565-9a51-f828d1c7c832,7243945896,",Internal Medicine,",Midwest,2025-03-31 06:47:40.380473+00
7f1ce297-0b89-4d97-b5a2-52ae55e77080,6844498879,",Psychiatry,",Northwest,2025-03-31 06:47:40.384803+00
7f249a53-2462-4d8d-9928-01e51e3454c8,8945271094,",Orthopedic Surgery,",Midwest,2025-03-31 06:47:40.391853+00
7f290e90-44f6-4854-9df9-8f09ce768523,4777763124,",Internal Medicine,",Northeast,2025-03-31 06:47:40.379954+00
7f29b1f9-af5f-4ce4-8282-67eb7b4d3d1b,1082281707,",General Surgery,",Midwest,2025-03-31 06:47:40.387825+00
7f303b7d-d7ef-4044-8ba8-4d127a01d296,5984518021,",Orthopedic Surgery,",West,2025-03-31 06:47:40.391312+00
7f347e1e-00ae-4fc3-9130-b82c424fbbb2,7380955073,",Radiology,",West,2025-03-31 06:47:40.394494+00
7f458721-869e-43b8-9d63-43e19768fad0,5629230107,",Orthopedic Surgery,",Midwest,2025-03-31 06:47:40.3923+00
7f4b77b0-22b3-4d56-a6b1-c29c5868e947,6276518430,",General Surgery,",Northwest,2025-03-31 06:47:40.386998+00
7f4fcf8a-7441-486e-bf36-67f0ce31aa3a,8661508638,",Internal Medicine,",Northeast,2025-03-31 06:47:40.377943+00
7f5879f2-306d-42de-840b-cdf72e95d932,4496539342,",Orthopedic Surgery,",Northwest,2025-03-31 06:47:40.392085+00
7f5aaff7-ae8b-4486-bcb9-8ab760541d91,1049657187,",Internal Medicine,",Northeast,2025-03-31 06:47:40.381444+00
7f5c8901-49b3-42e8-a10a-7921611b8ca1,3316721961,",Neurology,",Northwest,2025-03-31 06:47:40.398978+00
7f5e176e-1419-4c2a-bd90-cbe98274110c,7517107694,",Obstetrics & Gynecology,",Midwest,2025-03-31 06:47:40.383868+00
7f64fcf6-6536-431b-8691-8d3f88571a58,2979614961,",General Surgery,",Northeast,2025-03-31 06:47:40.38772+00
7f6df733-5383-4da9-b919-f265bb28a759,2197265248,",Dermatology,",South,2025-03-31 06:47:40.393208+00
7f71ba4a-6522-4891-a66b-6f77f3cd618b,5005840373,",Urology,",South,2025-03-31 06:47:40.400368+00
7f842ba8-fcbd-44b9-8264-eb131c8e15d6,6258777951,",Urology,",South,2025-03-31 06:47:40.400477+00
7f87deb1-6449-447c-9e22-207d5de77ead,1496825832,",Anesthesiology,",Midwest,2025-03-31 06:47:40.397064+00
7f88e46e-3d95-4f9f-8825-504fbb5c44e7,4995775160,",Internal Medicine,",South,2025-03-31 06:47:40.381359+00
7f8a05eb-1570-4eef-8250-eb3aaf36d3b3,9164718693,",Urology,",Northeast,2025-03-31 06:47:40.400685+00
7f91cc98-0f76-4ddc-a59a-dfee29053509,6762361623,",Internal Medicine,",Northwest,2025-03-31 06:47:40.377391+00
7f949311-e499-4d8d-96bb-aa0e0dcd92c0,2426306018,",Internal Medicine,",West,2025-03-31 06:47:40.37773+00
7f96d348-a19d-40a8-8c53-1fc11a5e421d,6100414065,",Gastroenterology,",Northwest,2025-03-31 06:47:40.40369+00
7f9c348b-c1c4-4eff-806c-c46d013c1bd5,5840407563,",Orthopedic Surgery,",South,2025-03-31 06:47:40.391154+00
7fa42392-75c1-4b65-af7a-6f0c5d123956,6538487140,",Nephrology,",Midwest,2025-03-31 06:47:40.40253+00
7fa95a84-d2ad-4f1f-92ca-eb19ceebaae5,4519238510,",Internal Medicine,",Northeast,2025-03-31 06:47:40.380393+00
7faa0559-b7f7-4c0c-b098-a28879a733bb,3486208551,",Cardiology,",West,2025-03-31 06:47:40.404445+00
7fabf5fe-8508-45a6-a74d-14d4d6ffe006,7763892579,",Internal Medicine,",South,2025-03-31 06:47:40.376181+00
7fad2ae7-d670-43c2-b8ae-62e542e82cb0,6445324102,",Internal Medicine,",West,2025-03-31 06:47:40.379334+00
7fb85d3b-faf4-4755-be79-ec13ca0afe20,9799058406,",Dermatology,",West,2025-03-31 06:47:40.392968+00
7fc0fa72-6a2a-4f11-b605-24ca1d2230b1,4387597312,",Orthopedic Surgery,",West,2025-03-31 06:47:40.391687+00
7fc23d95-c8fb-47bb-ba04-bdcd36b4f876,6526130741,",Cardiology,",Northeast,2025-03-31 06:47:40.389443+00
7fc2aee0-88e8-4558-b16b-cee1db3b3ac0,4577517352,",Obstetrics & Gynecology,",Northwest,2025-03-31 06:47:40.383115+00
7fc38d16-cc9b-44cd-86b0-664e9ed1fb1b,7531135825,",Oncology,",Midwest,2025-03-31 06:47:40.402803+00
7fd1621d-6ea2-40e1-888c-78d1e3a145b4,6196068428,",Internal Medicine,",Northeast,2025-03-31 06:47:40.378894+00
7fd32d2b-136c-4235-83d7-fb0eebc5156d,5838906966,",Internal Medicine,",Northeast,2025-03-31 06:47:40.379111+00
7fdb35c3-c868-414f-8fbd-2c37342bb333,1379393731,",Obstetrics & Gynecology,",Northeast,2025-03-31 06:47:40.403272+00
7ffa916b-9f67-42bb-80d9-4280f2ac616e,4289204246,",Internal Medicine,",Midwest,2025-03-31 06:47:40.37931+00
7ffd5e9a-ab37-4ffd-95aa-702898ac7741,3798646432,",Cardiology,",West,2025-03-31 06:47:40.390123+00
7ffda31b-b1f9-4526-8eb0-d5a3ea286388,6725824630,",Anesthesiology,",West,2025-03-31 06:47:40.396242+00
7ffef9f3-ddba-4942-b3e8-712a8c7cd45a,9770715149,",Internal Medicine,",South,2025-03-31 06:47:40.381501+00
8002a057-08b7-4880-bc04-41d107143673,7360013228,",Internal Medicine,",Northwest,2025-03-31 06:47:40.378059+00
800f7be9-c6af-4621-b984-0dffa9f9b120,6434114540,",Orthopedic Surgery,",Midwest,2025-03-31 06:47:40.392056+00
80122154-f6cc-4084-a30a-09ba4a4ec568,5866451335,",Oncology,",Midwest,2025-03-31 06:47:40.402927+00
80149868-cbe1-4f08-99aa-0da47f967eb7,8701076984,",Obstetrics & Gynecology,",Northwest,2025-03-31 06:47:40.38372+00
801536c7-4479-4e12-97e7-87a4a78df1d6,4380747376,",Psychiatry,",Midwest,2025-03-31 06:47:40.384404+00
802bc5a6-eb97-40dd-932f-6268e0f84252,6276215470,",Gastroenterology,",West,2025-03-31 06:47:40.399288+00
8039cca2-8fd1-4372-a739-393f27838bde,2269599392,",Dermatology,",West,2025-03-31 06:47:40.39376+00
803b3f45-537d-4bec-bfde-6ba37964afdb,3491035022,",Pulmonology,",South,2025-03-31 06:47:40.401902+00
803ba4d4-8164-4cac-b0e4-df80789fcd0f,5616387964,",Internal Medicine,",West,2025-03-31 06:47:40.379337+00
803ba579-136f-4928-805b-99006cb156a4,6562176619,",Psychiatry,",Northeast,2025-03-31 06:47:40.38431+00
803d90f1-c212-479c-bed6-7462e5146447,1444905371,",Orthopedic Surgery,",Midwest,2025-03-31 06:47:40.390784+00
804d5283-756f-4eae-be4d-8ae106a49361,7532875700,",Internal Medicine,",West,2025-03-31 06:47:40.378427+00
804e679c-988e-4dcd-ba87-4a19f78edb6f,1496205349,",Cardiology,",Northeast,2025-03-31 06:47:40.39027+00
805123f2-41df-4afa-9d81-785361c969aa,3886955525,",Obstetrics & Gynecology,",Midwest,2025-03-31 06:47:40.382453+00
80520484-75ec-4d41-9083-8114712a70fb,5403371592,",Psychiatry,",South,2025-03-31 06:47:40.386035+00
80526ad9-ba68-495e-aac3-6492cfd07782,6823726440,",Anesthesiology,",Midwest,2025-03-31 06:47:40.396846+00
8052fb46-eace-4b82-a00d-37ff6eed3446,9488968819,",Neurology,",Northwest,2025-03-31 06:47:40.397764+00
805c6a56-ae2b-4986-a5bc-533f370e3c40,5660184267,",Internal Medicine,",South,2025-03-31 06:47:40.380699+00
805f9ef9-147a-460f-ab16-0544dc041c9e,6610223772,",Orthopedic Surgery,",Northwest,2025-03-31 06:47:40.39134+00
80601383-4135-40ff-b752-98f60ec9146a,8522739724,",Psychiatry,",West,2025-03-31 06:47:40.385638+00
8063a7c2-1489-4e84-b753-b86faab9da30,3036125715,",Anesthesiology,",Northeast,2025-03-31 06:47:40.397342+00
806dd9c5-1c2d-4f5a-be4f-7c6c263581d7,4756260967,",General Surgery,",Northwest,2025-03-31 06:47:40.386404+00
806e608c-2e08-4932-8518-2c8c48b4fd36,2964574134,",Neurology,",Midwest,2025-03-31 06:47:40.398529+00
8078c6bc-4186-4b4c-86b3-8bfa91bae41c,9222888042,",Orthopedic Surgery,",Northeast,2025-03-31 06:47:40.392506+00
807cf99e-d051-44ad-bbc1-4c4c22841d77,2573894655,",Psychiatry,",West,2025-03-31 06:47:40.385539+00
808419e1-8c91-43ba-b6a2-6223090f606d,6048193674,",Gastroenterology,",West,2025-03-31 06:47:40.399617+00
8087803d-d49f-4b22-8848-3dbe3d081d6d,3909805743,",Nephrology,",Northeast,2025-03-31 06:47:40.40217+00
808c5d35-3abe-4361-8ebb-5d939a59c34d,9639189838,",Internal Medicine,",South,2025-03-31 06:47:40.381481+00
8094829f-2334-4178-8f80-eb64703a9ca2,9691710115,",Psychiatry,",West,2025-03-31 06:47:40.385965+00
809e4b23-5491-42d8-af58-7d1ad878bc60,9554764487,",Obstetrics & Gynecology,",Midwest,2025-03-31 06:47:40.383632+00
80a9bb90-3a7d-47de-ac27-8dba9fad3e2e,5868245717,",General Surgery,",Midwest,2025-03-31 06:47:40.387477+00
80aeea9c-c40f-4130-ad7e-197a9a25ab3d,9937012439,",Obstetrics & Gynecology,",Northeast,2025-03-31 06:47:40.381788+00
80b48957-4580-4694-8ad2-7401d7862fee,2387110931,",Cardiology,",Midwest,2025-03-31 06:47:40.388528+00
80bb6ad2-8835-414e-bb5d-d0b6597f272e,8744705320,",Psychiatry,",West,2025-03-31 06:47:40.3859+00
80c72164-2521-4d1a-b499-fc31a073dd61,3074585891,",Internal Medicine,",Northwest,2025-03-31 06:47:40.381478+00
80c8ac06-8de0-4ef5-9872-cf5ea0cce111,8279860811,",Internal Medicine,",Midwest,2025-03-31 06:47:40.379443+00
80c91cfe-50be-4f44-bfa0-7bab72865de3,5554499072,",Internal Medicine,",West,2025-03-31 06:47:40.380496+00
80cea5da-e8cf-443c-afe1-80b86e2455d7,3169254322,",Anesthesiology,",Midwest,2025-03-31 06:47:40.396835+00
80d01efd-72fb-42fc-9fee-1fc8c4359ee0,7443812560,",Internal Medicine,",Northeast,2025-03-31 06:47:40.377064+00
80d8e879-433c-4182-b5a2-85bd0748beee,9762113365,",Gastroenterology,",Midwest,2025-03-31 06:47:40.404252+00
80eda0ee-aca5-4c25-9aa6-43ee8bae1770,3943916745,",Internal Medicine,",Northeast,2025-03-31 06:47:40.404095+00
80f14808-0c4b-4341-87f6-befd68c98eed,3806866034,",Orthopedic Surgery,",Northeast,2025-03-31 06:47:40.391445+00
80fcb14e-bff9-4766-b540-89208d6e258f,5112338252,",Obstetrics & Gynecology,",South,2025-03-31 06:47:40.383158+00
81055600-0c95-4ece-9257-b9f5b55afa80,4744021439,",General Surgery,",West,2025-03-31 06:47:40.404503+00
811438c4-8e4a-420a-8caf-a24bfc66d4dd,4272972117,",Gastroenterology,",Midwest,2025-03-31 06:47:40.399915+00
81349633-b7b7-49cb-95fe-134f167f0200,3484913166,",Cardiology,",Midwest,2025-03-31 06:47:40.39016+00
8135e317-33b1-4d51-ac81-345df189c3fe,7162339674,",Internal Medicine,",Northwest,2025-03-31 06:47:40.378062+00
8136f852-dfe3-4b9d-a854-9c7bb15875ad,1685687546,",Anesthesiology,",West,2025-03-31 06:47:40.397188+00
81409355-3081-4a18-b0a1-98f722dc09e5,8950148935,",General Surgery,",Northwest,2025-03-31 06:47:40.387594+00
814cfc97-9d81-40b6-8a03-cec17a32ecb1,5402623262,",Nephrology,",Northwest,2025-03-31 06:47:40.401997+00
8158ac83-ff8d-43ab-a0c3-972b3c23ad94,9335510635,",Anesthesiology,",Northwest,2025-03-31 06:47:40.40394+00
815addb5-008d-45a6-8d97-fe65b17c3626,6055155293,",Neurology,",Midwest,2025-03-31 06:47:40.398783+00
8160e2da-5394-4c5e-b069-b8f747206d00,5012298744,",Dermatology,",Northeast,2025-03-31 06:47:40.393519+00
8161fedc-36c4-4e73-833c-2e20598fb965,7208527040,",Pulmonology,",West,2025-03-31 06:47:40.401549+00
8163d308-5ddd-41c0-ae84-adeeb171a73f,1471330317,",Anesthesiology,",West,2025-03-31 06:47:40.404313+00
816bfc4b-fd14-4533-9541-581ba6fc88f1,2471562694,",Psychiatry,",Midwest,2025-03-31 06:47:40.38405+00
8182c439-1e52-4e1b-881f-f997386aaf31,1018808350,",Obstetrics & Gynecology,",South,2025-03-31 06:47:40.382574+00
81849a51-dbd5-443e-8774-0f5ec1dc022e,7287996064,",Anesthesiology,",West,2025-03-31 06:47:40.397079+00
818f63b3-4b3f-4d1d-908a-93fcece05cba,7866732238,",Internal Medicine,",Northeast,2025-03-31 06:47:40.377249+00
81909f83-98e2-4b6b-b926-56c1cd5a829c,8017536640,",Psychiatry,",Midwest,2025-03-31 06:47:40.385578+00
8195e5b6-6296-4700-b337-1b8c27bdcb69,9942399571,",Nephrology,",Midwest,2025-03-31 06:47:40.402515+00
8199d8a9-c1bc-4c29-87d1-fe04f6e6500b,7997492332,",Internal Medicine,",South,2025-03-31 06:47:40.37887+00
819b8ec8-6e23-46a9-869a-a003ee42def3,5387874765,",Anesthesiology,",Midwest,2025-03-31 06:47:40.396496+00
819c1e6f-e06b-419b-95a3-35b7c383724d,6504219322,",Neurology,",Midwest,2025-03-31 06:47:40.398062+00
81a057ec-a7c5-4ada-b891-117be5336f17,8038665903,",Cardiology,",Midwest,2025-03-31 06:47:40.389319+00
81a43392-59ef-440d-bd21-5fab6aa36c91,1826758336,",General Surgery,",West,2025-03-31 06:47:40.387014+00
81abd83a-b13d-4c72-8bd9-b9eefb2e678c,3348686869,",Psychiatry,",West,2025-03-31 06:47:40.385703+00
81ccfe51-9351-4b8d-95cb-1e8f2bef43ce,5245633977,",Neurology,",Northeast,2025-03-31 06:47:40.39814+00
81cd13ba-428a-4587-8269-7435d6083d06,3249170422,",General Surgery,",Midwest,2025-03-31 06:47:40.387267+00
81d461f2-2ae6-498e-b657-91ca926e92d8,4183621479,",Anesthesiology,",South,2025-03-31 06:47:40.396419+00
81d73cf0-6473-411c-95f5-91fa00135c41,5835903080,",Anesthesiology,",Northwest,2025-03-31 06:47:40.397694+00
81e1a1ab-fb4b-452b-a693-9265d8e1805f,4130071384,",Psychiatry,",Northwest,2025-03-31 06:47:40.385661+00
81eda647-eb7b-4795-8937-f2de1255cbfc,6241062349,",Obstetrics & Gynecology,",Northeast,2025-03-31 06:47:40.383402+00
820111f1-3e5c-4f30-96b9-347cee156996,9584270385,",Anesthesiology,",South,2025-03-31 06:47:40.403448+00
82011595-be2c-4ca0-b0f8-727e0259df9d,9584227130,",Anesthesiology,",South,2025-03-31 06:47:40.396455+00
820910f9-f370-4c81-a5b5-4dee33b458bc,6347685808,",Radiology,",West,2025-03-31 06:47:40.395579+00
820c6da5-d22d-4462-82ea-1b9c1da0be43,4156143586,",Psychiatry,",South,2025-03-31 06:47:40.385528+00
820e8ee9-4b58-494d-ae06-c25d7191bd01,6107303336,",Obstetrics & Gynecology,",Northwest,2025-03-31 06:47:40.383483+00
821b1bd7-60df-454b-b7a4-a5a0b587a5c6,6130368772,",Neurology,",Northwest,2025-03-31 06:47:40.398702+00
821beb07-0310-435f-8016-48fd41bd0a06,3857155858,",Radiology,",South,2025-03-31 06:47:40.403122+00
821c99cc-3f98-4809-b4d0-25daf63c5f83,8351288845,",Radiology,",South,2025-03-31 06:47:40.394797+00
821ea366-52e3-451d-8cb3-54e11479ef47,2779621437,",Orthopedic Surgery,",Northwest,2025-03-31 06:47:40.403086+00
82287a3b-0815-462f-be3d-39ed38534c4f,5585931958,",Orthopedic Surgery,",West,2025-03-31 06:47:40.392045+00
822a2cb4-b772-495f-a1b9-671fcc26b545,9119796208,",Psychiatry,",West,2025-03-31 06:47:40.385888+00
82338113-23a0-466c-913a-2195aedf06f0,6370871025,",Psychiatry,",West,2025-03-31 06:47:40.385956+00
8236fe78-77bd-4f9a-9411-3e80073318de,9838908464,",Dermatology,",Northeast,2025-03-31 06:47:40.393831+00
823a81f6-5dff-4b00-9b84-087161e5177b,7042479436,",Psychiatry,",West,2025-03-31 06:47:40.386045+00
824544c8-f9f6-46ba-a68b-4cafb9832b20,7664971848,",Neurology,",Northwest,2025-03-31 06:47:40.398102+00
8245496e-938a-4ed6-93ba-9a2dceba4578,4024758327,",Cardiology,",Northwest,2025-03-31 06:47:40.389529+00
824bbc97-7d4f-43f7-bb47-1af8102ca51e,6860641896,",Obstetrics & Gynecology,",Northwest,2025-03-31 06:47:40.382768+00
8258b269-79c9-4f72-8b0c-6d23273eff42,5486250718,",Cardiology,",Northwest,2025-03-31 06:47:40.389896+00
825feccb-c409-4fe5-a4e8-116e33522bc0,5278952555,",Dermatology,",Midwest,2025-03-31 06:47:40.393306+00
826a3c76-0443-41cc-81cf-8a4d8e63c384,4939044429,",Internal Medicine,",West,2025-03-31 06:47:40.377238+00
826a5b7c-65fe-4d00-a0fa-741adcf1dcf1,3256042664,",Dermatology,",South,2025-03-31 06:47:40.392684+00
82724351-ba4f-4ee3-be02-ed92e84886e8,2875723257,",Cardiology,",Midwest,2025-03-31 06:47:40.389715+00
82765eda-6bc7-4bcb-adef-474ee581394d,2211197211,",Obstetrics & Gynecology,",Northeast,2025-03-31 06:47:40.383201+00
82785492-955e-401d-bdac-3715d162216f,8548469586,",General Surgery,",Northwest,2025-03-31 06:47:40.387822+00
8287c6d4-a9c4-49e0-af76-72ac192edeb6,5964247971,",Psychiatry,",South,2025-03-31 06:47:40.385644+00
828bb690-137c-4ce3-853f-fcbac5f1be49,4775361169,",Gastroenterology,",Northeast,2025-03-31 06:47:40.400184+00
828e92c4-0d9a-458f-bb2d-73140a4f427b,7938743236,",Radiology,",Midwest,2025-03-31 06:47:40.394726+00
8290bc28-1153-4b94-8822-b5c612ce9606,7743280632,",Internal Medicine,",South,2025-03-31 06:47:40.380288+00
829b8ab0-c795-439b-ad9d-94ccbb230828,8801427019,",Psychiatry,",South,2025-03-31 06:47:40.384114+00
829c0f33-c4f8-4d6f-903a-b756223f21a9,8342092911,",Internal Medicine,",Midwest,2025-03-31 06:47:40.378927+00
82a27ce5-acc7-4353-a611-3827d68278fa,1563698627,",Internal Medicine,",Northwest,2025-03-31 06:47:40.37904+00
82ab982b-ea54-4144-9f76-b4fef4704bb7,1045257918,",Cardiology,",Northeast,2025-03-31 06:47:40.38927+00
82acc982-b749-4017-8d23-0632d0dee872,7407174033,",Dermatology,",South,2025-03-31 06:47:40.393786+00
82af6096-932b-4c9c-89a1-379cd52316b3,1797573824,",General Surgery,",Northeast,2025-03-31 06:47:40.387373+00
82b47624-595d-4771-a605-f27ccaf5e553,2480979328,",Oncology,",South,2025-03-31 06:47:40.402667+00
82c9fcae-12d0-4b1d-a527-308b5a69f937,7087654995,",Cardiology,",Northeast,2025-03-31 06:47:40.389879+00
82d2026e-0c4d-4548-9528-8249f57d4bea,4383547445,",Internal Medicine,",Midwest,2025-03-31 06:47:40.377226+00
82d38297-f260-44b4-bc83-acf83e3a4390,3200624628,",General Surgery,",Northeast,2025-03-31 06:47:40.388244+00
82d8906a-8ae4-4725-9a76-eeb7db3ed147,8188786122,",Psychiatry,",South,2025-03-31 06:47:40.384287+00
82e2f4d6-6143-4786-812f-15573533089b,8803943713,",Cardiology,",West,2025-03-31 06:47:40.38881+00
82e51eeb-eab1-47fa-bbd4-749bb9df187d,5130893810,",Pulmonology,",Northeast,2025-03-31 06:47:40.401948+00
82ea29d4-f982-4d50-a543-b3cb9b076b92,7733042664,",Urology,",Northeast,2025-03-31 06:47:40.4008+00
82f1772d-6f71-4de2-998c-96ace922eda4,8839602991,",Neurology,",Northwest,2025-03-31 06:47:40.398308+00
82f81fa3-7e01-4049-a2d0-8656370c891a,3131095023,",Obstetrics & Gynecology,",Midwest,2025-03-31 06:47:40.382247+00
83001a7b-de14-468b-8201-4b147892fc70,3581745672,",Radiology,",Midwest,2025-03-31 06:47:40.394698+00
830246cd-7a6d-4ec7-a7dd-d3e97297ac5e,6223399166,",Internal Medicine,",Northwest,2025-03-31 06:47:40.377403+00
8305a271-cf1c-4efa-85d6-8855726a84b0,4764763617,",Psychiatry,",West,2025-03-31 06:47:40.385452+00
83066069-0a9e-442e-82b2-75f275922738,9866487808,",Anesthesiology,",South,2025-03-31 06:47:40.397325+00
830d7330-45e3-4f39-8644-c5e7a0d25793,5184054736,",Radiology,",South,2025-03-31 06:47:40.395265+00
8310e700-f513-486a-8277-ba3bf04d024d,6742436790,",Internal Medicine,",Northeast,2025-03-31 06:47:40.378132+00
8319806d-98f0-4ae6-b35d-97b8e610c6c7,4442073207,",Obstetrics & Gynecology,",Northeast,2025-03-31 06:47:40.382776+00
831aa964-eb11-4ef1-b3fb-1eccee3bc860,4431934027,",Orthopedic Surgery,",Northeast,2025-03-31 06:47:40.39067+00
832b263e-00bd-484b-8331-e5c8d102709b,8888680076,",Urology,",Midwest,2025-03-31 06:47:40.400798+00
8334a665-bcd4-449d-80c0-2c0a5d5af32b,4670572519,",Oncology,",Midwest,2025-03-31 06:47:40.402782+00
8336b5bd-b59f-40f4-ae4a-a0109b992428,5605171053,",General Surgery,",Midwest,2025-03-31 06:47:40.387768+00
8339eb79-9c97-41a3-ba17-1764000c21c2,5636279245,",Internal Medicine,",Midwest,2025-03-31 06:47:40.378167+00
8348c78c-6f34-4f66-a785-e9475db91ddf,1043628297,",Dermatology,",Northeast,2025-03-31 06:47:40.393689+00
835fc139-785c-4833-838b-915bc989333e,4154903644,",Psychiatry,",West,2025-03-31 06:47:40.384475+00
8360c50d-fee4-464e-87ec-854999373b8a,6874617728,",Cardiology,",Northwest,2025-03-31 06:47:40.389958+00
8362a007-64d7-4807-bb5c-b3eadc7127da,1660406802,",Urology,",Northeast,2025-03-31 06:47:40.400903+00
83718385-b4d0-4b44-8ff3-3dd3e630727e,7984903053,",Internal Medicine,",Northeast,2025-03-31 06:47:40.3811+00
8375a349-7a41-4f7f-a9f8-69796699e1d3,5274698361,",Cardiology,",Midwest,2025-03-31 06:47:40.388701+00
83792506-f599-4c6a-910a-74f72ec16965,5853321243,",Dermatology,",South,2025-03-31 06:47:40.392678+00
837fcd73-f820-48ac-9ac3-8d2382643993,9855255901,",Radiology,",West,2025-03-31 06:47:40.395322+00
8389ae9d-09ad-4812-81ff-4ddccb6bf54b,5355358034,",Neurology,",Northwest,2025-03-31 06:47:40.398693+00
838ac4dc-ca8e-429b-a393-c8184f519d2c,3848644264,",Anesthesiology,",Midwest,2025-03-31 06:47:40.395981+00
83963ae1-57c6-41d2-825f-1ee69b543eeb,7172812702,",Gastroenterology,",Midwest,2025-03-31 06:47:40.399165+00
83977b3b-7661-4d61-b062-c3c62ddc3993,3848475240,",Internal Medicine,",South,2025-03-31 06:47:40.37645+00
83a1213d-4b0f-4ba7-96f4-e29a570f125f,9313016347,",General Surgery,",South,2025-03-31 06:47:40.387492+00
83a8bb11-f683-48e7-978d-25337083183b,8927955472,",Urology,",Midwest,2025-03-31 06:47:40.400442+00
83b79745-6e9e-4116-b8f4-c67c6386056b,8775667111,",Cardiology,",South,2025-03-31 06:47:40.389518+00
83bd3906-3612-43b5-b8f5-7eb2a35f199a,5733958957,",Gastroenterology,",Midwest,2025-03-31 06:47:40.399672+00
83c083d0-5214-4e3a-b7ee-41f12407e857,1053715473,",Gastroenterology,",Northwest,2025-03-31 06:47:40.399689+00
83cd7fbe-16ef-40a4-8f02-99f6c1e3beba,7288439821,",Orthopedic Surgery,",Northeast,2025-03-31 06:47:40.392183+00
83d04969-b113-4aa5-8df5-d5ff68490a85,4513783102,",Internal Medicine,",Northwest,2025-03-31 06:47:40.378979+00
83d5ff85-7436-4b3b-96e7-8c0cdb4d194a,7487194330,",Cardiology,",Northeast,2025-03-31 06:47:40.388987+00
83dc5298-ae75-49a6-9849-64093c7721c3,5567524462,",Dermatology,",Northeast,2025-03-31 06:47:40.394131+00
83de19b7-cd9b-4945-8479-70ec359d5569,1418282558,",Nephrology,",Midwest,2025-03-31 06:47:40.402323+00
83e0cf14-5289-4434-bb85-11617cd10713,3463497508,",Neurology,",Midwest,2025-03-31 06:47:40.398455+00
83e806b6-daea-42ea-af37-ced743a18ba4,5529698639,",Internal Medicine,",South,2025-03-31 06:47:40.378353+00
83ffd4fc-8af8-4cad-8213-c5b78bc8011a,4761732432,",Psychiatry,",Midwest,2025-03-31 06:47:40.38463+00
84052b87-f9ae-4b79-8738-b14c21a46d38,1938193008,",Dermatology,",South,2025-03-31 06:47:40.393921+00
840dee3f-04c8-4104-8994-e2d0e1f01a85,3253844196,",Internal Medicine,",Northeast,2025-03-31 06:47:40.378838+00
8411ffac-d28b-4884-838c-97ffa6ad05b3,2385666316,",Neurology,",Midwest,2025-03-31 06:47:40.398946+00
8412cfec-c6f6-47ac-9d54-c544642777de,8869123941,",Nephrology,",Northeast,2025-03-31 06:47:40.402427+00
841e0d48-6eff-49b6-bfd3-5d9f3b8b1801,7919799704,",Obstetrics & Gynecology,",South,2025-03-31 06:47:40.382296+00
8424f263-2221-466d-beea-20714070582d,9606253502,",Gastroenterology,",Northwest,2025-03-31 06:47:40.40024+00
8435c128-7eda-486b-82bb-9d86739b31b8,9221282874,",Internal Medicine,",Midwest,2025-03-31 06:47:40.381312+00
844906ce-3f70-4bd6-8251-717d27bb2036,8574837940,",Oncology,",Northeast,2025-03-31 06:47:40.402546+00
844e453b-3c34-4d6b-8df8-5c1ece270b13,2942167303,",Psychiatry,",Midwest,2025-03-31 06:47:40.385827+00
844e7ecc-66a2-4b1d-8cba-3cf2f0942b2f,4665399447,",Orthopedic Surgery,",Northeast,2025-03-31 06:47:40.391625+00
845fe264-60cb-48a1-85b5-b3560c0903a2,8988329703,",Internal Medicine,",Northwest,2025-03-31 06:47:40.377501+00
8462deb8-f56a-4fc1-8eee-fd39fd1e81b2,6511660223,",Internal Medicine,",Northwest,2025-03-31 06:47:40.37944+00
84633bb9-16c5-4249-a4a3-8ebb9ab7251c,7923111694,",Cardiology,",South,2025-03-31 06:47:40.388577+00
84698617-e62d-4b2f-97f1-bd16e4a7bb33,5044341359,",Radiology,",Northwest,2025-03-31 06:47:40.395366+00
846b07eb-084d-4e81-a246-0301a87dd4d8,4441420454,",Psychiatry,",West,2025-03-31 06:47:40.384998+00
846b9e38-5e62-4b9b-bb01-366e0d239094,2104483089,",Internal Medicine,",West,2025-03-31 06:47:40.379646+00
846d0dc6-4b7e-44c4-b1d8-dcc36d82409f,7532243279,",Radiology,",Northwest,2025-03-31 06:47:40.394537+00
84703dfe-0d80-4c0a-9b29-3fc8732a3971,8623137712,",Cardiology,",Northeast,2025-03-31 06:47:40.390085+00
847090c6-b504-4c53-9130-1569a7c8b150,7139298344,",Gastroenterology,",Northwest,2025-03-31 06:47:40.399577+00
8476a1cb-3901-4b0d-a653-b5b3b0464d17,3148453796,",Psychiatry,",South,2025-03-31 06:47:40.385466+00
848331f6-3556-4c6d-9b3e-3f5baa2918f5,1280803000,",Dermatology,",South,2025-03-31 06:47:40.393992+00
8485dd09-7942-4c42-86dd-05a0c7e62eb0,5598233390,",Psychiatry,",South,2025-03-31 06:47:40.385131+00
8487f64c-1f44-4341-953d-e8e13671c320,8915657094,",Psychiatry,",South,2025-03-31 06:47:40.385559+00
84902719-69e9-469e-9944-5c344dec109a,4457488981,",Internal Medicine,",Midwest,2025-03-31 06:47:40.377394+00
8491a4ab-c47b-410f-8a89-3397a39f0298,2896836995,",Internal Medicine,",West,2025-03-31 06:47:40.380953+00
84938c94-cc8c-4b40-95ef-180e528bcb36,6515892575,",Internal Medicine,",West,2025-03-31 06:47:40.380049+00
84a5db52-25a9-4fe0-9658-6395aa991cf0,9149662726,",Radiology,",South,2025-03-31 06:47:40.394767+00
84ab3bdf-6697-4ac4-a61b-7f64d1e5fdc8,2275560361,",Gastroenterology,",South,2025-03-31 06:47:40.399606+00
84ae530e-d3f2-4790-bf2f-75442af71172,9092533958,",Internal Medicine,",South,2025-03-31 06:47:40.403681+00
84b4447e-6836-46dc-9aa3-95ec29fd0770,8810063869,",Anesthesiology,",Northeast,2025-03-31 06:47:40.397302+00
84b68f7b-2cc8-4bfd-a1a0-56283df77735,5339917130,",Internal Medicine,",Northeast,2025-03-31 06:47:40.377405+00
84bde823-6f09-4aa7-b556-7425a4f1caa7,5725816351,",Orthopedic Surgery,",Midwest,2025-03-31 06:47:40.390904+00
84c2341e-c54e-4b57-acd9-a4eca75eaeff,7246200642,",Anesthesiology,",Northwest,2025-03-31 06:47:40.396373+00
84c32007-323d-4aa3-9a99-04c73e83e235,5557772773,",Cardiology,",South,2025-03-31 06:47:40.389065+00
84dc22a0-5986-497b-bb01-bd072b9d6e58,9880788944,",Internal Medicine,",Northwest,2025-03-31 06:47:40.378682+00
84dcde81-ea0a-47af-925f-c34caa0613c9,3501559958,",Orthopedic Surgery,",South,2025-03-31 06:47:40.391562+00
84e33903-6ffe-4730-b65f-ca4c7e264de3,9618738701,",Obstetrics & Gynecology,",South,2025-03-31 06:47:40.383379+00
84e3ecfa-4999-41a3-a335-364f37c7b6a6,2685508823,",Anesthesiology,",South,2025-03-31 06:47:40.396976+00
84f4fa5a-c5aa-4539-8a16-685592fb58f2,9050684898,",Internal Medicine,",South,2025-03-31 06:47:40.377377+00
84fcc9df-9650-47bd-a588-5260287dccc6,5815848251,",Dermatology,",West,2025-03-31 06:47:40.393638+00
851858c4-446c-4788-a763-4df1388ee319,1796500851,",Orthopedic Surgery,",South,2025-03-31 06:47:40.391004+00
8518e804-7172-4667-bdf5-35c75e8c102d,7369932435,",Urology,",Midwest,2025-03-31 06:47:40.400486+00
852b9c8f-99a4-4eac-b64f-eb3a630e8cfd,1371723252,",Orthopedic Surgery,",South,2025-03-31 06:47:40.392082+00
852c43c1-fdc9-4f6c-98c0-22ee2c1a9775,6682119931,",General Surgery,",Northeast,2025-03-31 06:47:40.388277+00
8535e5aa-6492-4b11-9ad8-c3977522eebc,1969666591,",Internal Medicine,",Midwest,2025-03-31 06:47:40.380993+00
8538bbab-7230-45c7-b4dd-e038acf5aff6,6898333658,",Cardiology,",Northwest,2025-03-31 06:47:40.389424+00
853c9a75-dceb-4892-8ff3-8d2164796c90,6208416643,",Oncology,",Northwest,2025-03-31 06:47:40.402675+00
85615028-2b81-4cdc-bf42-09b45778da8e,4377748190,",Urology,",West,2025-03-31 06:47:40.400651+00
856afabd-c77d-4ba9-9709-811ab2b1e31d,8627328009,",Radiology,",Midwest,2025-03-31 06:47:40.395526+00
856d2fcd-b256-45b3-83b2-d979c53035e8,5953467702,",Cardiology,",West,2025-03-31 06:47:40.390641+00
8570017b-43a9-458d-b43a-9df84cadef6b,5722039214,",Gastroenterology,",Northwest,2025-03-31 06:47:40.399643+00
8572b901-dce9-4309-84e8-cc942704b432,2820535027,",Radiology,",Northwest,2025-03-31 06:47:40.394548+00
85741a90-59ec-4c64-a958-c300e9fa4e6e,2006280638,",Cardiology,",Northeast,2025-03-31 06:47:40.389466+00
85769f54-fe6b-42c0-9fa4-12647c326418,1211235479,",Nephrology,",West,2025-03-31 06:47:40.402376+00
857e1f59-4465-4cb4-ba98-4f0ba7353c58,8093168480,",Oncology,",South,2025-03-31 06:47:40.402672+00
858cd526-fcbb-4f77-a509-ad45ca27e9e2,1132397329,",Psychiatry,",South,2025-03-31 06:47:40.384979+00
8590645d-9949-4b26-bbc8-345a94b3939b,9824406356,",Dermatology,",South,2025-03-31 06:47:40.392866+00
859d85fb-a5c0-4e8f-a95d-1669717c7f3d,5818617190,",Pulmonology,",Midwest,2025-03-31 06:47:40.401104+00
85a39756-3260-44d4-ae36-81ffb91b856e,6623366224,",Psychiatry,",Midwest,2025-03-31 06:47:40.384458+00
85a59897-5112-4f50-897b-6e24e33abaa5,2215241617,",Gastroenterology,",West,2025-03-31 06:47:40.399285+00
85b4b76f-f12c-4a02-a869-b5f3372e641d,9502516367,",Radiology,",Northeast,2025-03-31 06:47:40.395547+00
85c8ad6b-3049-4a60-8c38-71e765b0d380,1894175359,",Internal Medicine,",Midwest,2025-03-31 06:47:40.37785+00
85d5e523-77bd-455f-9fd3-11791204ba67,4573048663,",General Surgery,",Northwest,2025-03-31 06:47:40.388057+00
85d995a7-174e-40bd-8a6c-e69faa693ea7,1957853684,",Cardiology,",Midwest,2025-03-31 06:47:40.404326+00
85e132f6-9131-4b5b-803b-d71d5b74dc16,7701330784,",Cardiology,",West,2025-03-31 06:47:40.388767+00
85efb775-d1dc-43c8-af0f-17f14fafcfe2,6854490552,",Gastroenterology,",South,2025-03-31 06:47:40.400075+00
86073ddc-a845-42f3-86d5-1235f7804488,9974037082,",Dermatology,",Northwest,2025-03-31 06:47:40.39351+00
86074a7c-8abd-4a3d-9e63-60effa067007,7005973869,",Obstetrics & Gynecology,",Northwest,2025-03-31 06:47:40.381615+00
8607ba20-a1ff-425a-9c87-22e13cb7a936,4256204582,",Pulmonology,",South,2025-03-31 06:47:40.401498+00
860de73f-02cd-4633-9df5-576105657202,5585683978,",Cardiology,",West,2025-03-31 06:47:40.389558+00
861df1bc-aab4-47e1-ace0-a15070cb740d,3530570872,",Cardiology,",South,2025-03-31 06:47:40.38944+00
8626ccc6-fa57-4a3b-a199-21989eef8570,8831074656,",Obstetrics & Gynecology,",West,2025-03-31 06:47:40.382166+00
8627bfb7-2b00-4005-88d3-c43f5f5e60b5,1121891009,",Gastroenterology,",Midwest,2025-03-31 06:47:40.399308+00
86298596-f8d4-4324-982e-d9899c5683d1,3065386921,",Obstetrics & Gynecology,",Northwest,2025-03-31 06:47:40.382436+00
86311ae8-9d08-4d09-9583-543cf75ff7fa,6609368920,",Internal Medicine,",Northwest,2025-03-31 06:47:40.380759+00
86313892-0527-465d-8560-eefadef7b079,2366088189,",Anesthesiology,",Northeast,2025-03-31 06:47:40.395972+00
86438a7e-3c1e-495f-9603-7e40edc71703,5443597136,",Anesthesiology,",West,2025-03-31 06:47:40.396475+00
86441e5d-0db2-457c-a76b-a855db85edc2,2989892215,",Gastroenterology,",Northeast,2025-03-31 06:47:40.399565+00
8644f6da-cda9-4dc7-a05d-b5b7dba5c851,8082935229,",Cardiology,",Northwest,2025-03-31 06:47:40.389744+00
8656033e-bfb7-45b0-a60e-2466f286e872,2173458405,",Nephrology,",South,2025-03-31 06:47:40.402115+00
865d49b7-e360-4531-ae46-7aa373015b41,8663134277,",Pulmonology,",Northeast,2025-03-31 06:47:40.401467+00
8667cb38-ee13-4ea8-8c8e-05c1608ed4c0,3515865369,",Internal Medicine,",West,2025-03-31 06:47:40.376298+00
8678aa26-a161-4cc1-8ce6-6302d6816414,4056293589,",Internal Medicine,",Northwest,2025-03-31 06:47:40.380771+00
868178d3-27f6-48a9-9003-a4255c5dca4c,9510341894,",Internal Medicine,",West,2025-03-31 06:47:40.376318+00
868b03d9-016f-4926-b573-cb701002549b,1806721495,",Pulmonology,",South,2025-03-31 06:47:40.40147+00
86a02482-434c-4ebc-8eb3-83ad3a79bcb3,5888040120,",Nephrology,",West,2025-03-31 06:47:40.402362+00
86a37228-117e-4a70-b380-2a8a2e624e8a,1315619761,",Radiology,",West,2025-03-31 06:47:40.395544+00
86b8b2e6-8408-4b69-a93c-662414b945df,8040845533,",Urology,",Northwest,2025-03-31 06:47:40.400466+00
86ba16c9-753e-4078-ae18-4fe6c2ad15f7,6861246275,",Internal Medicine,",South,2025-03-31 06:47:40.379437+00
86be4c38-98f8-4fcd-9e2f-94749ad34fd2,5996669410,",Anesthesiology,",South,2025-03-31 06:47:40.397429+00
86bea007-b075-4faa-83a0-9fb28b5cf4ea,9746062746,",General Surgery,",Midwest,2025-03-31 06:47:40.387296+00
86c20d4d-8fe8-489d-9ff5-3e53da80a0df,6193535432,",General Surgery,",Northeast,2025-03-31 06:47:40.387376+00
86d17f56-73ba-446d-811e-7b0955bb5086,6280282153,",Urology,",Northeast,2025-03-31 06:47:40.400428+00
86d9b3bf-aebd-4d6c-b66f-824435719eba,4725469815,",Anesthesiology,",West,2025-03-31 06:47:40.396265+00
86d9df70-87e3-41b2-821c-8a5257dce5ad,4080690629,",Internal Medicine,",Northeast,2025-03-31 06:47:40.380912+00
86dab618-9b37-476c-9eab-ecd1202ca47c,7456692000,",Internal Medicine,",Midwest,2025-03-31 06:47:40.379818+00
86dc4241-4743-47ff-b934-cacd54bd06bd,9830295842,",Psychiatry,",Midwest,2025-03-31 06:47:40.384508+00
86ddc50d-2080-4c22-bd44-2161dca518b0,7184823268,",General Surgery,",Northeast,2025-03-31 06:47:40.386685+00
86e53315-fefa-4707-bf52-5967bcfb4f94,4335418539,",Internal Medicine,",Midwest,2025-03-31 06:47:40.379091+00
86f268fc-3ea5-406d-9504-727583b4f8ed,6251417390,",Dermatology,",Northeast,2025-03-31 06:47:40.393228+00
86f4808b-c858-4ac6-b3e7-d242778bef19,5387103952,",Psychiatry,",South,2025-03-31 06:47:40.385182+00
86f54819-f4f0-4e3c-b340-7bc5fa8bce15,9047710198,",Internal Medicine,",West,2025-03-31 06:47:40.380197+00
86f54906-8d67-42aa-8443-f5d7f193668f,9878640776,",General Surgery,",Northwest,2025-03-31 06:47:40.38674+00
87164359-02ca-4975-8196-8b41ada9acb0,4146077865,",Anesthesiology,",Midwest,2025-03-31 06:47:40.396593+00
8717965e-f5ce-4494-97bc-0db6a14239ac,2198746799,",Psychiatry,",Northeast,2025-03-31 06:47:40.384279+00
871efb62-02fd-440f-9e5d-0a521bf0b316,1773041227,",Psychiatry,",Northwest,2025-03-31 06:47:40.384788+00
8720b737-ac9e-416c-94d4-9cd3d788fdb9,4119310803,",Orthopedic Surgery,",West,2025-03-31 06:47:40.404064+00
872276d2-a058-47d4-8965-462529df07a8,5461761747,",Psychiatry,",South,2025-03-31 06:47:40.384219+00
8724ccf4-4ff9-48be-a8f2-20c38abe7dc0,5029359711,",Internal Medicine,",Northwest,2025-03-31 06:47:40.376368+00
87349206-fba2-44a1-b1ae-f7babd36ea5a,5289554797,",General Surgery,",South,2025-03-31 06:47:40.387635+00
87372573-74cf-4ebe-84e2-371c1881f604,8487757441,",Dermatology,",Midwest,2025-03-31 06:47:40.39261+00
873ba3ca-d06b-43d0-ac48-59f810910c95,6463653220,",Dermatology,",Northeast,2025-03-31 06:47:40.393585+00
87484559-439a-4c69-ab15-dae4d75f7745,2305629082,",Radiology,",Midwest,2025-03-31 06:47:40.394342+00
874898f1-c3ed-4809-88f0-f808e39179d9,5270789179,",Dermatology,",South,2025-03-31 06:47:40.393898+00
876516a1-5a27-414a-a183-b656e661e3d9,3195895709,",Dermatology,",Northeast,2025-03-31 06:47:40.392973+00
8786325b-ba16-45b8-8900-928215990011,7567120692,",Urology,",West,2025-03-31 06:47:40.400605+00
8787285f-6244-4ec1-82e8-51c8ef001fdf,7324442833,",Dermatology,",West,2025-03-31 06:47:40.393461+00
8794455b-1255-46fb-a081-83f3a3886291,5293142020,",Urology,",West,2025-03-31 06:47:40.400273+00
87a76468-bf61-4f6c-82e6-149c7a4dd413,2184869617,",Psychiatry,",Midwest,2025-03-31 06:47:40.385143+00
87af3efe-02df-469c-9a7f-329ffc95d979,8045164605,",Radiology,",Northeast,2025-03-31 06:47:40.394929+00
87c7907e-327b-4325-ad8c-4ce43cdee6d6,8114987657,",Radiology,",Northeast,2025-03-31 06:47:40.395316+00
87c99f1b-d5cf-4689-b18e-c97b16246549,5490138766,",Cardiology,",Northwest,2025-03-31 06:47:40.389595+00
87cafa59-0ba6-4953-bae7-66269424a5ae,6334332757,",Cardiology,",West,2025-03-31 06:47:40.389741+00
87cc3a2b-92b1-46c2-ad0c-d28b979e0c0f,9714747406,",Internal Medicine,",Midwest,2025-03-31 06:47:40.380135+00
87cd6009-38b9-46a3-bda2-7d41e7f9a524,1046149564,",Psychiatry,",Midwest,2025-03-31 06:47:40.384151+00
87d1d0ae-a778-4c49-a1aa-3685a9498727,5719011844,",Psychiatry,",South,2025-03-31 06:47:40.3851+00
87f3697e-54fa-4c2c-9900-68ff997f3810,6514996490,",Dermatology,",Northwest,2025-03-31 06:47:40.392723+00
87f65d89-13dd-4384-a110-4a7016cc960d,4122607418,",General Surgery,",West,2025-03-31 06:47:40.388155+00
87f89bfe-af8d-42bb-ab6a-7742c36dc92f,7877176650,",General Surgery,",Northeast,2025-03-31 06:47:40.38702+00
87fc7dcd-3986-4802-8641-aaacf9b1067b,3779577854,",Cardiology,",West,2025-03-31 06:47:40.403189+00
87fe7ed6-9b77-4118-8064-517c90a0fa44,3199179121,",Neurology,",Midwest,2025-03-31 06:47:40.39884+00
87fecc03-cc45-495d-8052-62284beb70e5,4771612502,",Pulmonology,",South,2025-03-31 06:47:40.401437+00
8807f14f-70ce-4f4e-bd94-f0a52f8247f3,1316008117,",Internal Medicine,",South,2025-03-31 06:47:40.378628+00
880bf723-acbf-40b6-934d-99ae45525e10,6383971772,",Obstetrics & Gynecology,",Northwest,2025-03-31 06:47:40.38245+00
880cb929-71f7-435c-88e2-ec6d88ebfb54,3963878353,",Internal Medicine,",Northeast,2025-03-31 06:47:40.378891+00
880e5c72-b982-41ca-87f9-22b72092d400,5376256767,",Orthopedic Surgery,",Northwest,2025-03-31 06:47:40.391076+00
88183e58-028b-4b4f-acd0-058693c2ba19,5408120679,",Psychiatry,",Midwest,2025-03-31 06:47:40.384733+00
8822c97a-f7bf-4cde-a474-f8354be0745d,2323670957,",Dermatology,",Northeast,2025-03-31 06:47:40.393941+00
8825ae40-b5e3-42bc-9f16-42e390b99998,1018345525,",Internal Medicine,",Northwest,2025-03-31 06:47:40.379983+00
882c98c8-765c-4eb7-96dc-393edd91edd2,7925490044,",Cardiology,",Northeast,2025-03-31 06:47:40.389145+00
88315717-2193-4339-8c78-af94545904ea,2973380580,",Cardiology,",Midwest,2025-03-31 06:47:40.388912+00
883bffdd-901c-4074-bf39-48717c9af380,1062249110,",Psychiatry,",Northeast,2025-03-31 06:47:40.385314+00
88476114-5f53-45cd-99ba-e7204986cfef,1333703118,",Pulmonology,",Northeast,2025-03-31 06:47:40.40142+00
8848702e-fc85-44ff-b7b9-55f013aaba58,7707488200,",Radiology,",Midwest,2025-03-31 06:47:40.394633+00
8853fcb8-0352-4752-8c63-0ab9fe53bd3c,7403182469,",Obstetrics & Gynecology,",Midwest,2025-03-31 06:47:40.383446+00
8855da1a-ea72-4041-a49a-df4600af2152,7859503404,",Internal Medicine,",West,2025-03-31 06:47:40.379713+00
885ec82f-2a2c-4731-96e9-83a96b1487d1,6329897060,",Psychiatry,",South,2025-03-31 06:47:40.385689+00
885f9148-cf08-4ceb-acd6-b8fed403b0f8,3009881801,",Internal Medicine,",Northeast,2025-03-31 06:47:40.37875+00
886a7e80-1b13-4d7b-b7dd-20e71650855e,9146891301,",Obstetrics & Gynecology,",West,2025-03-31 06:47:40.381702+00
886ba6f9-f3f3-4910-8a4d-0af1ec2f0967,1758607173,",Dermatology,",Northwest,2025-03-31 06:47:40.393539+00
886d02c6-a2ed-4f5e-93e3-cb2a24553a8c,2507683316,",Dermatology,",Midwest,2025-03-31 06:47:40.392763+00
88774987-2bf6-4e2d-a361-1953ff7bba9c,6384691345,",Internal Medicine,",Northwest,2025-03-31 06:47:40.37703+00
887ac11c-328f-47c2-ad86-9e0b45e5311e,1514377117,",Anesthesiology,",Northwest,2025-03-31 06:47:40.396608+00
8895973d-0b02-4662-a0fe-9d883a7a98f0,3293562801,",Cardiology,",Midwest,2025-03-31 06:47:40.390046+00
889c3e55-2d3f-412e-9c21-5388223fadb8,9367115543,",Pulmonology,",Midwest,2025-03-31 06:47:40.401417+00
88c3597e-d0a4-4cfd-98a5-9d3e1b7d032c,4812150505,",Orthopedic Surgery,",South,2025-03-31 06:47:40.391712+00
88c7980b-de86-4f32-a0b1-3382e72e0be2,7423448074,",Psychiatry,",Midwest,2025-03-31 06:47:40.384157+00
88cb3b64-40a0-4280-86c9-43c4faf90828,4490354446,",Internal Medicine,",West,2025-03-31 06:47:40.377911+00
88cc1cdc-089a-411c-b33e-ae0f19b0106f,1054146880,",Psychiatry,",Midwest,2025-03-31 06:47:40.38555+00
88d6f64b-9d83-4123-8f5f-d4a87237b4da,6565483577,",Internal Medicine,",West,2025-03-31 06:47:40.380285+00
88dafa5b-10ee-430c-a0d0-fc6ab6a264bb,6495146097,",Dermatology,",West,2025-03-31 06:47:40.394203+00
88df7e2e-8ad9-4f32-a644-44d599f60f73,9202879131,",Internal Medicine,",Northeast,2025-03-31 06:47:40.378944+00
88e1c1c8-0091-46f4-ae55-a03487d486c7,6005412932,",Neurology,",South,2025-03-31 06:47:40.397984+00
88e41a09-8e32-49bf-865c-395cf5827147,8702200640,",Internal Medicine,",Northwest,2025-03-31 06:47:40.376312+00
88e7a775-b187-4a4a-9454-77594737bd12,3125886704,",Dermatology,",Northeast,2025-03-31 06:47:40.393193+00
88e81f10-3434-4baa-bacd-8bc67a8f26fa,4264548526,",Obstetrics & Gynecology,",West,2025-03-31 06:47:40.383393+00
88f17183-56f2-4046-84e1-1b6b08c610e8,8220655155,",Anesthesiology,",West,2025-03-31 06:47:40.39734+00
88f6dcd7-7e91-44d0-bd26-c82cf68f69f0,6845481008,",Internal Medicine,",Northeast,2025-03-31 06:47:40.380905+00
88f848a9-87a7-49f9-9df7-887a4c2835c5,3646335945,",Orthopedic Surgery,",Midwest,2025-03-31 06:47:40.392384+00
8900dc3e-7aed-4118-ab15-a7ee73e8bc49,7665993678,",Anesthesiology,",West,2025-03-31 06:47:40.397593+00
8905730e-2c75-413a-880e-8191faea6575,7283566543,",Internal Medicine,",Northwest,2025-03-31 06:47:40.379017+00
89065096-879a-4283-98f6-f8c769a97294,9459510020,",Cardiology,",Northwest,2025-03-31 06:47:40.389802+00
8908c389-ee62-465f-9153-e10e87e60bae,8840855632,",Neurology,",South,2025-03-31 06:47:40.398042+00
890e176d-c37f-459d-bdb4-7d47d58f06c8,2735047141,",Psychiatry,",Northeast,2025-03-31 06:47:40.403347+00
89145676-c680-48c3-bbf6-06344d34baad,6897676732,",Obstetrics & Gynecology,",South,2025-03-31 06:47:40.383629+00
891d1713-867f-4e2d-8538-e7fbf3562e2d,3190202048,",Cardiology,",Northwest,2025-03-31 06:47:40.388571+00
8922cfd6-b649-49e1-a229-97a2b334c2ba,2567730210,",General Surgery,",West,2025-03-31 06:47:40.387906+00
892acaa9-9a6c-408c-a7d7-e25dd1665a86,2732894349,",Obstetrics & Gynecology,",Midwest,2025-03-31 06:47:40.381946+00
893702b6-df46-4105-bc24-06fa27c32900,7005004890,",Oncology,",South,2025-03-31 06:47:40.402822+00
893e5150-6cae-454c-8ef4-3a85f80b488b,5277953030,",Pulmonology,",South,2025-03-31 06:47:40.401672+00
894069f0-cbe3-4504-b2eb-f395903fed2e,1889347996,",Cardiology,",West,2025-03-31 06:47:40.390293+00
89411421-cf6c-4fec-bb7a-54cc6e1097bf,3210170160,",Obstetrics & Gynecology,",Northwest,2025-03-31 06:47:40.383769+00
894c093a-29f3-4fcc-85d3-74a410b1110d,8934292253,",Orthopedic Surgery,",South,2025-03-31 06:47:40.391656+00
8950170d-22ac-423e-9f39-434e04d1fe87,9491498345,",Internal Medicine,",Northwest,2025-03-31 06:47:40.378257+00
8951c9b7-e711-4160-9e43-c436e2cbaa96,4199831515,",Neurology,",South,2025-03-31 06:47:40.397865+00
895a9a39-081a-4441-81f4-7d656d2ab393,8339498779,",Pulmonology,",Northwest,2025-03-31 06:47:40.401487+00
8962bc39-66ae-4cfa-8bc2-8f3da7b71d94,2687470457,",Internal Medicine,",West,2025-03-31 06:47:40.380606+00
896c0998-cd86-444b-af3b-553eace6d201,7613747328,",Anesthesiology,",Northeast,2025-03-31 06:47:40.396764+00
8974c32c-223a-477a-97a1-e58d600c09cf,9225213265,",Obstetrics & Gynecology,",Northeast,2025-03-31 06:47:40.381849+00
897a11ce-37dc-4399-a821-dd4b2ccd1c1d,4189869964,",Neurology,",Northeast,2025-03-31 06:47:40.398486+00
89813353-066a-47e0-82e0-56cf9a3d73ae,3868802577,",Anesthesiology,",South,2025-03-31 06:47:40.396557+00
89832413-6b52-40cc-ac73-de13073c7b9e,5639330551,",Psychiatry,",Northeast,2025-03-31 06:47:40.384082+00
89867e17-1bed-4f31-9271-902836588f9f,7059000632,",Psychiatry,",South,2025-03-31 06:47:40.384047+00
8987ca28-d689-4044-871a-5008f6ee957e,1337185615,",Radiology,",Northeast,2025-03-31 06:47:40.404341+00
89884d41-d14d-48bb-b69f-b72bc5bf03cc,6722828423,",General Surgery,",South,2025-03-31 06:47:40.386187+00
89a7641d-fc99-454a-81e9-e3acb555bcbd,2996080045,",Cardiology,",South,2025-03-31 06:47:40.388858+00
89b614a0-a490-45cd-9b23-bfac51f1462f,1245813758,",Dermatology,",West,2025-03-31 06:47:40.393376+00
89b658b0-f108-4e8b-93d2-395d136f82cf,8410826409,",Psychiatry,",Northwest,2025-03-31 06:47:40.38399+00
89ba5fd8-0de0-4ccf-bf1d-ece6b5b797a1,1048567099,",Pulmonology,",Midwest,2025-03-31 06:47:40.40185+00
89c2f066-ed20-4f39-b35d-40c1af076ff3,6902739795,",Oncology,",Northeast,2025-03-31 06:47:40.402664+00
89d2b331-9743-423d-a361-3b7fabe40edc,7532494907,",Internal Medicine,",Northwest,2025-03-31 06:47:40.379802+00
89d789e2-149c-4305-a3f5-fdb693e8a219,8840095562,",Internal Medicine,",Midwest,2025-03-31 06:47:40.377198+00
89fcc388-5efb-48a2-8835-a8c77155e3c6,6197914462,",Neurology,",Midwest,2025-03-31 06:47:40.398278+00
8a0e486d-60f4-47cb-9857-9fd690d18c4a,4474159076,",Internal Medicine,",West,2025-03-31 06:47:40.404433+00
8a0facd6-eb56-4268-bcf9-ba0fec198c19,3800151742,",Internal Medicine,",Northwest,2025-03-31 06:47:40.379131+00
8a16656b-fb51-4b58-a55d-f27a783775d5,3948058819,",Pulmonology,",Northeast,2025-03-31 06:47:40.401366+00
8a168f72-e0d9-467a-b74a-4b6ac90677a7,7988504387,",Orthopedic Surgery,",Northeast,2025-03-31 06:47:40.391642+00
8a2231a3-c4d8-49b7-877f-81371b6a7441,5171005522,",Neurology,",Midwest,2025-03-31 06:47:40.40367+00
8a22f085-c2b9-4653-b4f1-6b572f7bcb26,1272935048,",Radiology,",Northeast,2025-03-31 06:47:40.39477+00
8a2cbc30-f5cc-4cec-9ea3-2211a833d704,2627685693,",Cardiology,",Northwest,2025-03-31 06:47:40.389706+00
8a33d860-00ac-47a0-8db2-08063ea09f14,2348490633,",Nephrology,",Northwest,2025-03-31 06:47:40.402249+00
8a36b673-cf6d-45a9-872c-b540789458e3,9401140027,",Gastroenterology,",Midwest,2025-03-31 06:47:40.400164+00
8a410376-af39-423d-b967-c3c0e30d6639,8796232838,",General Surgery,",South,2025-03-31 06:47:40.386569+00
8a4672d3-9806-4f7b-970e-7e271b7c96b8,4880153607,",Internal Medicine,",South,2025-03-31 06:47:40.37792+00
8a4e1d49-db03-4e5f-bd3b-e6d1b11b7ba6,3657068871,",Oncology,",West,2025-03-31 06:47:40.402661+00
8a4e682c-b83d-4f6a-83a8-51f2d6e806ee,8522101889,",Cardiology,",West,2025-03-31 06:47:40.389362+00
8a4fc385-5d61-4f06-bd48-ec0761ff8544,8404623971,",Internal Medicine,",Northeast,2025-03-31 06:47:40.381464+00
8a529fe9-5657-4c15-bc33-d5ccf81fcd95,2804891141,",Obstetrics & Gynecology,",Northwest,2025-03-31 06:47:40.382819+00
8a66525b-0ace-463b-957a-2e34c0abe1b4,9389931268,",Orthopedic Surgery,",South,2025-03-31 06:47:40.391047+00
8a66a7c3-bc65-4379-8703-52603f693726,6748863002,",Psychiatry,",West,2025-03-31 06:47:40.385575+00
8a67c7b7-5ce5-498f-8553-8feecff0d920,2802947711,",Radiology,",West,2025-03-31 06:47:40.395597+00
8a681e91-e6e0-4db0-a535-131e6cd4cf38,6475209021,",Anesthesiology,",West,2025-03-31 06:47:40.396367+00
8a7225b6-2606-4031-9fe8-1d10ac5132ab,9655130898,",Radiology,",West,2025-03-31 06:47:40.394331+00
8a74b1f2-9f67-4d9c-8f82-8b767eed0006,2587252085,",Obstetrics & Gynecology,",Northeast,2025-03-31 06:47:40.383529+00
8a7be674-3d7c-46d5-8939-906ce40f08af,5248704370,",General Surgery,",Midwest,2025-03-31 06:47:40.386901+00
8a7bf17d-63d1-4108-b3af-95917866b3f8,6832698180,",Anesthesiology,",Midwest,2025-03-31 06:47:40.397453+00
8a7cc979-0f93-4210-87be-437d13471675,3157541923,",Neurology,",West,2025-03-31 06:47:40.398765+00
8a821a0d-0b7f-4959-a81e-d4fdc68ab667,6302368780,",Nephrology,",West,2025-03-31 06:47:40.402382+00
8a889813-21a2-4ec0-bbcb-27e02d4aa038,7929726833,",Internal Medicine,",West,2025-03-31 06:47:40.380097+00
8a8ef3bd-d4b8-4c17-a4ff-6a2aa75e3bf5,2306360124,",Internal Medicine,",South,2025-03-31 06:47:40.378997+00
8a902de1-fd7c-453e-a307-0c7006e6abdc,2186790605,",Urology,",South,2025-03-31 06:47:40.400984+00
8a95b2e4-195a-4bd5-9c71-3731e738eaef,8505279019,",Orthopedic Surgery,",South,2025-03-31 06:47:40.390996+00
8a9f3e97-327a-4b3b-a9ac-5f056db73944,9562362799,",Dermatology,",West,2025-03-31 06:47:40.393431+00
8aa796b8-428c-418c-b844-182782727d66,4618007634,",Cardiology,",Northeast,2025-03-31 06:47:40.39049+00
8ab3a356-74d7-49d0-a44b-eae332327528,7330538173,",Obstetrics & Gynecology,",Northwest,2025-03-31 06:47:40.383664+00
8abe1795-15c6-4e6f-b729-6ebe08c30fb9,7844951005,",Orthopedic Surgery,",South,2025-03-31 06:47:40.391145+00
8ad21d62-f5cc-493f-822d-c29a22eea8d4,1135096544,",Orthopedic Surgery,",Northeast,2025-03-31 06:47:40.392425+00
8ad6298d-c297-40e9-b794-ad012b180e4a,2595712127,",Psychiatry,",South,2025-03-31 06:47:40.385191+00
8adb41fb-22db-40b0-aa40-fab43f80bcd7,6107179957,",Anesthesiology,",Northeast,2025-03-31 06:47:40.397616+00
8adea344-c19c-4751-9cc0-1143f67e3da4,6034402518,",Cardiology,",Northeast,2025-03-31 06:47:40.388484+00
8ae0c9ba-472a-4f0c-989c-bdfd63526299,9397902427,",Dermatology,",South,2025-03-31 06:47:40.392783+00
8ae34807-8341-4682-88cc-d6471c6366a8,7872559342,",Urology,",South,2025-03-31 06:47:40.400923+00
8ae3b2b9-4574-4750-b875-a1857bc5d44e,5581636795,",General Surgery,",Northwest,2025-03-31 06:47:40.388232+00
8aee7d0f-d753-40eb-813c-d20f9ffd740e,4607664372,",Anesthesiology,",Midwest,2025-03-31 06:47:40.396006+00
8af50547-2437-4f95-a712-1d3bd98fbaef,8755953717,",Urology,",West,2025-03-31 06:47:40.400846+00
8afc9e3a-55d1-498a-89d7-4fc6e170ae60,9908203906,",Obstetrics & Gynecology,",Northwest,2025-03-31 06:47:40.383846+00
8b00539b-1485-410e-a84f-23a331b63e4e,9554351588,",Gastroenterology,",West,2025-03-31 06:47:40.399128+00
8b0a5871-77f5-4401-97da-b47a7358b8d7,4420867094,",Internal Medicine,",Northwest,2025-03-31 06:47:40.378815+00
8b16aacb-e526-4208-aa61-d05e4438d503,7035349951,",Neurology,",West,2025-03-31 06:47:40.398682+00
8b17d711-cdb9-4503-8ac9-923e51a23cf1,5146905025,",Obstetrics & Gynecology,",Northeast,2025-03-31 06:47:40.382816+00
8b185f52-a193-4bd8-bf11-96db520ca997,8244514196,",Cardiology,",Midwest,2025-03-31 06:47:40.390025+00
8b1b34ea-405a-4eb6-b729-b079fb12c86d,5969281835,",Orthopedic Surgery,",West,2025-03-31 06:47:40.392016+00
8b200752-28c5-49c4-a530-178d12673667,8786828204,",Internal Medicine,",Northeast,2025-03-31 06:47:40.377906+00
8b20b581-24ce-4b1c-847f-23a8035f5d23,3977485451,",Psychiatry,",Midwest,2025-03-31 06:47:40.403528+00
8b24672e-0b7c-4b48-a8a0-217488c2c127,7518883548,",Psychiatry,",West,2025-03-31 06:47:40.384142+00
8b2866d6-291c-4d64-9f94-5e87ac1ce039,9921386154,",Dermatology,",West,2025-03-31 06:47:40.392855+00
8b2bb78b-3b2d-44ee-be05-ed07f0dc53b2,3801142049,",Dermatology,",Northwest,2025-03-31 06:47:40.39335+00
8b2c9e2a-4a58-434c-96ae-cf58bd47ca0f,4155773059,",Obstetrics & Gynecology,",West,2025-03-31 06:47:40.382996+00
8b2f95ec-95c5-4294-9032-1c3510a86834,4127233728,",Internal Medicine,",Northwest,2025-03-31 06:47:40.37952+00
8b2f9918-9b9c-4bc6-91a5-9d7b05d0d973,9320893980,",Internal Medicine,",South,2025-03-31 06:47:40.378358+00
8b32df76-5212-4d12-82e2-03ab880791ee,4696618951,",Obstetrics & Gynecology,",Northwest,2025-03-31 06:47:40.383265+00
8b39c66e-7cf3-40b0-b47e-5b78d13fb756,1618816550,",Internal Medicine,",South,2025-03-31 06:47:40.381111+00
8b44db75-4bdf-4ceb-b13b-ee7ccb6e50dd,4782052441,",Orthopedic Surgery,",Northeast,2025-03-31 06:47:40.391783+00
8b4d5756-9c2c-448c-b6fb-0dfe973cb748,7782026980,",Psychiatry,",Northwest,2025-03-31 06:47:40.3849+00
8b51acd3-c1a2-481e-9498-2a2fd5de4a16,9523099570,",General Surgery,",Northwest,2025-03-31 06:47:40.387214+00
8b572613-5a0e-4f51-ae35-14b9cc3fe7e7,1182852834,",Internal Medicine,",Northeast,2025-03-31 06:47:40.376328+00
8b57c90c-9212-4c5e-b491-a5d686922566,6923811969,",Pulmonology,",Northeast,2025-03-31 06:47:40.401516+00
8b5f35d6-49a9-41ec-9fd4-332535834a74,9408947410,",General Surgery,",Northwest,2025-03-31 06:47:40.38624+00
8b5fde12-b5da-474e-87a3-5cb4b0ccd4d2,8836999385,",Gastroenterology,",Midwest,2025-03-31 06:47:40.399342+00
8b625a58-dae1-4109-8349-b3b48af6dac9,8542895911,",Obstetrics & Gynecology,",Northeast,2025-03-31 06:47:40.382433+00
8b692bf6-4062-4b69-89c7-5cea959c157c,5382727060,",Internal Medicine,",South,2025-03-31 06:47:40.376967+00
8b6c46fd-221a-4cf7-a23d-2b46218e3f9d,4444443569,",Psychiatry,",Northeast,2025-03-31 06:47:40.386024+00
8b6cf7b4-a05b-47f2-a9a8-a33aa06228a3,4453787297,",Anesthesiology,",South,2025-03-31 06:47:40.403859+00
8b8d77ee-9072-44ea-8b11-26fe301c6817,3130123280,",Obstetrics & Gynecology,",West,2025-03-31 06:47:40.382473+00
8b8e9789-d998-4e02-bcd9-fa6653c8c47f,9863938316,",Oncology,",West,2025-03-31 06:47:40.402811+00
8b8fff94-3089-4d90-9685-2894f544f507,8694169034,",Pulmonology,",Northeast,2025-03-31 06:47:40.401297+00
8b91d537-3d5a-4935-acbd-a1423a0f61de,7004705268,",Anesthesiology,",Northeast,2025-03-31 06:47:40.396134+00
8b950d52-1479-42bb-9f63-3ae0b00873fc,7456747014,",Internal Medicine,",Northwest,2025-03-31 06:47:40.378336+00
8b98b4d3-01d8-413e-b3c3-55f453325ebd,9757483560,",General Surgery,",Midwest,2025-03-31 06:47:40.386061+00
8b9a631e-e7ec-4aa7-ab9e-217d0c148005,2748582389,",Internal Medicine,",Northeast,2025-03-31 06:47:40.380014+00
8ba0ff4e-cec6-4906-ab34-06ef87a8b15b,5251258567,",Radiology,",Midwest,2025-03-31 06:47:40.394857+00
8ba64555-4f0b-4ce4-8505-071d8971fd8d,7564894291,",General Surgery,",West,2025-03-31 06:47:40.386114+00
8bb1c44e-960b-40bf-9af7-84e4eed157e8,8064554203,",Cardiology,",Northwest,2025-03-31 06:47:40.388742+00
8bb3cc28-aa80-4ca6-8a05-93eda06472bd,9114662784,",Internal Medicine,",Northwest,2025-03-31 06:47:40.380551+00
8bb4f77e-268b-438f-8604-492da8bc76d8,4382292495,",Radiology,",South,2025-03-31 06:47:40.394488+00
8bb9dd3f-6e64-434f-97f8-268417651c1c,2165695495,",Obstetrics & Gynecology,",West,2025-03-31 06:47:40.383271+00
8bc1c490-5848-4225-9485-a82899180b10,1252855051,",General Surgery,",South,2025-03-31 06:47:40.388182+00
8bc9165d-3c6a-4ffb-86e5-4d9137a45b1a,3130416629,",General Surgery,",West,2025-03-31 06:47:40.386552+00
8bda4666-b86e-444e-aa87-8d83204083f6,5437857286,",Orthopedic Surgery,",Northwest,2025-03-31 06:47:40.391035+00
8be6fd79-773a-4cb7-a747-93d1bdc20043,3817018257,",Internal Medicine,",West,2025-03-31 06:47:40.378962+00
8be7b3b4-25df-4ee0-a81b-914b22230b36,6932748304,",Orthopedic Surgery,",West,2025-03-31 06:47:40.39091+00
8bf3558a-3a46-4fc6-a3c4-104fd0c0520a,7325011385,",Internal Medicine,",South,2025-03-31 06:47:40.377144+00
8bf8842d-0b6c-4238-abb1-e4f9b297932d,9776714049,",General Surgery,",Northwest,2025-03-31 06:47:40.386777+00
8c0238a8-7e4a-441b-a826-8a8f985e34ae,9382685353,",Dermatology,",Midwest,2025-03-31 06:47:40.393252+00
8c0ad162-4ed7-47f5-acd7-adf0afbe53c0,3724734039,",Orthopedic Surgery,",West,2025-03-31 06:47:40.392253+00
8c0b9500-b36a-4de8-8a20-b89b46214ef4,6787875271,",Internal Medicine,",Northwest,2025-03-31 06:47:40.376088+00
8c0c809e-9b0f-430f-a12e-ffa19cbafc3d,9717834671,",Neurology,",West,2025-03-31 06:47:40.39876+00
8c0efc0d-af6d-416e-b400-c64dbc0a3046,6812033884,",Obstetrics & Gynecology,",Northeast,2025-03-31 06:47:40.382559+00
8c1e933a-3c71-4378-a33a-6fab77ff4064,3934500516,",Orthopedic Surgery,",West,2025-03-31 06:47:40.39194+00
8c221686-9f52-4855-884b-a48ac1b45ecc,7348816268,",Orthopedic Surgery,",West,2025-03-31 06:47:40.391354+00
8c248f3a-0176-41df-b221-ab65eacd059f,6524459537,",Cardiology,",West,2025-03-31 06:47:40.388626+00
8c25dabd-2b29-4157-92ca-db2ece0d1fc1,5794680569,",Dermatology,",South,2025-03-31 06:47:40.393504+00
8c320aef-bfe1-480a-8b57-e337d43e5cda,1320135403,",Dermatology,",Northwest,2025-03-31 06:47:40.394163+00
8c55285b-f04f-4003-b35c-8b8f6295b974,6994941019,",Dermatology,",Midwest,2025-03-31 06:47:40.393598+00
8c5be4b4-7b71-49d0-8b71-7ad7eec079fd,1117344467,",Internal Medicine,",Midwest,2025-03-31 06:47:40.378356+00
8c5e36e0-404f-40a5-9778-46264c80ee23,9469088530,",Psychiatry,",Northwest,2025-03-31 06:47:40.385712+00
8c64ad9b-c7d1-456d-9449-36ad68dd5677,8345945238,",Internal Medicine,",South,2025-03-31 06:47:40.379359+00
8c6929a4-94a4-455a-a872-477f425d1391,1302534682,",Anesthesiology,",Northwest,2025-03-31 06:47:40.397259+00
8c6a0322-3e53-4de8-8df0-95f73b5a2c09,3433005905,",Obstetrics & Gynecology,",South,2025-03-31 06:47:40.382908+00
8c6dd23b-ee32-4883-876c-f7c6658f8d51,2704382558,",Cardiology,",Midwest,2025-03-31 06:47:40.390034+00
8c6e1fe1-f6cc-45d6-b573-623518541a78,7774406867,",Dermatology,",Midwest,2025-03-31 06:47:40.39272+00
8c7ebb84-0b58-45a5-a76c-112a32eed8fa,2619774970,",Dermatology,",West,2025-03-31 06:47:40.393915+00
8c808d51-c15c-4584-831e-83db460027fe,3208772899,",Internal Medicine,",Midwest,2025-03-31 06:47:40.378605+00
8c836ccc-7946-414d-8c0f-738df016d4ed,3486989235,",Obstetrics & Gynecology,",South,2025-03-31 06:47:40.383245+00
8c86f0ec-23bc-49c7-ae84-7fd53d8c6767,4093488202,",Orthopedic Surgery,",Northeast,2025-03-31 06:47:40.392447+00
8c88f656-a9ec-4b11-82de-86262440e60a,4617746359,",Urology,",Northwest,2025-03-31 06:47:40.40084+00
8c8ffec9-2a8f-40df-8656-0996d3232ad8,3707900357,",Gastroenterology,",West,2025-03-31 06:47:40.399383+00
8c906ad9-328b-4eef-be28-537381881457,2973737493,",Gastroenterology,",Northeast,2025-03-31 06:47:40.400231+00
8c94d3fe-859f-4c8a-b30f-0d915b5111c4,8384513051,",Internal Medicine,",Northeast,2025-03-31 06:47:40.3785+00
8ca3e7e8-d47d-4851-aaec-6e44343b1404,9090151074,",Radiology,",Northeast,2025-03-31 06:47:40.404009+00
8ca74fef-012d-46b1-a240-96b1511295b1,1930081099,",Orthopedic Surgery,",Northwest,2025-03-31 06:47:40.392258+00
8cb7969c-6f8f-4ac9-8a62-414ec43d03c1,3649349199,",Pulmonology,",West,2025-03-31 06:47:40.401431+00
8cc005de-ad5e-4627-98a2-1b274ed0fcca,5792362868,",Orthopedic Surgery,",Northwest,2025-03-31 06:47:40.391684+00
8ccb9a69-8714-4e7d-be24-e9b379cb9185,5781397906,",Psychiatry,",Northeast,2025-03-31 06:47:40.385853+00
8ccf6536-f76d-4459-a489-8fe2e778f01b,5763954598,",Psychiatry,",South,2025-03-31 06:47:40.384633+00
8cd4ddb0-a54c-457d-b4b9-782e887fbeca,1753379218,",Neurology,",Midwest,2025-03-31 06:47:40.398395+00
8cd68e56-5c44-4f94-8539-a6a3b09193d3,9789325792,",Oncology,",Northeast,2025-03-31 06:47:40.4029+00
8ce1c8ba-c29d-42cf-9d3d-713b33a356f7,7063639965,",Neurology,",Northwest,2025-03-31 06:47:40.397873+00
8cec5574-c7e8-4b2a-89ca-5d6e60a02364,7929601440,",Internal Medicine,",West,2025-03-31 06:47:40.378503+00
8cf4e233-7ee3-475b-8a68-3266aae76a46,8446011723,",Dermatology,",South,2025-03-31 06:47:40.393062+00
8cfb92dc-9bb6-4da6-86bf-93d7a9f53f02,5743747498,",Cardiology,",Northeast,2025-03-31 06:47:40.389787+00
8d00ee38-27d5-4255-bd9b-57b3d9cedffa,5337082566,",Internal Medicine,",Midwest,2025-03-31 06:47:40.377269+00
8d135f87-a466-455c-a221-375db32a255c,8243716828,",Dermatology,",Midwest,2025-03-31 06:47:40.392992+00
8d15688f-d7b3-46ff-af3c-edd0089b2992,8427575352,",Orthopedic Surgery,",Northeast,2025-03-31 06:47:40.403482+00
8d19e4d9-43bb-4537-8077-af6b4a3d005a,3811620617,",Obstetrics & Gynecology,",Northeast,2025-03-31 06:47:40.383863+00
8d1c210d-ea03-431b-adac-3f2d99b3fda0,9124464094,",Gastroenterology,",West,2025-03-31 06:47:40.399348+00
8d1cd21b-34db-42a8-a2a3-8c242682200e,6585732852,",Urology,",Midwest,2025-03-31 06:47:40.404079+00
8d1fed2e-08e7-4252-b100-b835ea2f1dd5,5451792309,",Internal Medicine,",Northwest,2025-03-31 06:47:40.37846+00
8d207b50-bdde-44d6-9e6a-922b30ba4491,5624467774,",General Surgery,",West,2025-03-31 06:47:40.386789+00
8d2a336a-776d-4e74-8e47-38b00ac3bfea,7915347877,",Gastroenterology,",Midwest,2025-03-31 06:47:40.399901+00
8d2b4a80-7884-495d-a74d-49dbda4be4ff,5003002674,",Anesthesiology,",South,2025-03-31 06:47:40.396356+00
8d353aa5-8204-4a81-8a2f-0e4e1dfd1f22,2296692112,",Internal Medicine,",Northwest,2025-03-31 06:47:40.380624+00
8d3bf156-528f-4281-ba32-4b1993a69d2a,4048671381,",Internal Medicine,",South,2025-03-31 06:47:40.380728+00
8d40b364-d968-47b2-9847-99991f340d90,9935686931,",Radiology,",Northeast,2025-03-31 06:47:40.39582+00
8d449ed1-e9ef-4476-9bbb-9bcaa401a198,9805386623,",Obstetrics & Gynecology,",South,2025-03-31 06:47:40.383623+00
8d46b8c2-a74c-4b28-8e44-01b39f377601,5524622663,",Orthopedic Surgery,",Northeast,2025-03-31 06:47:40.391391+00
8d496f95-04f9-4484-ae28-4aeb0d0b86ff,8982335947,",Urology,",West,2025-03-31 06:47:40.400518+00
8d521639-3e44-4853-98a3-1b4f7cddfa30,9540571439,",Pulmonology,",West,2025-03-31 06:47:40.401329+00
8d59a425-0c1c-439f-9589-ef002b91e578,6466941890,",Radiology,",South,2025-03-31 06:47:40.394843+00
8d6210c8-cd37-42cd-bf15-3b45ab39749a,9044867887,",Orthopedic Surgery,",South,2025-03-31 06:47:40.391897+00
8d725177-1d39-4595-a339-8f7a232a8899,9972499726,",Neurology,",West,2025-03-31 06:47:40.399061+00
8d80472d-b7b8-41ee-a816-20921f6a87ec,4924893605,",Neurology,",South,2025-03-31 06:47:40.403171+00
8d82536e-def0-4e6b-8e7e-61fc737888b4,8291396965,",Obstetrics & Gynecology,",Northwest,2025-03-31 06:47:40.383435+00
8d8b4bff-8a19-4466-a843-f2572e34a9bc,7201550478,",General Surgery,",West,2025-03-31 06:47:40.387367+00
8d8da1ac-3ff8-4b38-b614-9a12c5c4a04b,3145269614,",Obstetrics & Gynecology,",Midwest,2025-03-31 06:47:40.383696+00
8d9822a7-e251-4ea0-b3a0-1bf4b06ec9aa,7815604345,",Obstetrics & Gynecology,",Northeast,2025-03-31 06:47:40.382623+00
8dab7c6c-131d-4dbf-949d-19b9bffe6a3c,9963378640,",Psychiatry,",South,2025-03-31 06:47:40.385621+00
8dba47db-73b9-4899-a219-ba901a435509,1304751167,",Dermatology,",South,2025-03-31 06:47:40.394154+00
8dc4b9fb-f39d-44ed-a50e-16d5cb228b9b,3801499105,",Radiology,",South,2025-03-31 06:47:40.395532+00
8dd72388-b84f-4029-a631-3f41569a5e6f,1831143525,",Internal Medicine,",Midwest,2025-03-31 06:47:40.379566+00
8dda4cad-782a-4a01-a02f-db6788f01f6c,7120270725,",Internal Medicine,",South,2025-03-31 06:47:40.378074+00
8deee2ec-fe3a-456f-bb3a-4f5bc7c74068,8472499173,",Neurology,",West,2025-03-31 06:47:40.398337+00
8df267d4-ace8-47da-a1dc-df765ade34c0,3924472500,",Anesthesiology,",Northeast,2025-03-31 06:47:40.396517+00
8e034607-fe3e-430e-8c36-1741ae1bdba1,3755944496,",Psychiatry,",Midwest,2025-03-31 06:47:40.385403+00
8e082fd5-408a-4d01-a55c-c9057a33cc5b,6683003211,",Psychiatry,",Northwest,2025-03-31 06:47:40.384989+00
8e0bf75e-919d-4118-8b89-0d8d67098a6c,2796767276,",Dermatology,",West,2025-03-31 06:47:40.393757+00
8e10efde-9e4e-4706-b685-ac5c14c2f33b,8176211419,",Oncology,",Northeast,2025-03-31 06:47:40.402616+00
8e1897ec-5db4-4589-9e0f-d92d30d0ca35,8110370091,",General Surgery,",South,2025-03-31 06:47:40.387084+00
8e1f6068-8a11-4275-bc53-a42060abb5e3,9929551574,",Psychiatry,",Northwest,2025-03-31 06:47:40.383978+00
8e22a2a0-a332-41cd-b148-5a9d8a80b777,7992255787,",Urology,",Northeast,2025-03-31 06:47:40.40086+00
8e46da08-a6b7-487d-a53f-28eda2eb7644,5284903316,",General Surgery,",West,2025-03-31 06:47:40.387497+00
8e47197d-14a6-4ee9-bba6-e5b4a0e589ce,5802545723,",Radiology,",Northwest,2025-03-31 06:47:40.404576+00
8e5aa755-52ee-458d-9ea8-d9bf917b8fe1,8846418168,",Pulmonology,",West,2025-03-31 06:47:40.401169+00
8e738c9f-2e70-4922-9d23-24072fe3b3d3,2274096660,",Psychiatry,",Northeast,2025-03-31 06:47:40.384599+00
8e7f0b64-7c05-4e94-b897-bccafd973ebe,4050795223,",Pulmonology,",Midwest,2025-03-31 06:47:40.401878+00
8e825edc-fbb2-4038-b85d-ed46ee4604b3,7420306796,",Cardiology,",South,2025-03-31 06:47:40.389575+00
8e88bcbf-35bb-40c4-9be3-0c69c1841b72,5007327257,",Internal Medicine,",West,2025-03-31 06:47:40.380308+00
8e8bef37-bbb1-4f85-9211-5155fb1392b6,4214650542,",Obstetrics & Gynecology,",South,2025-03-31 06:47:40.382603+00
8e8cad97-2699-4552-8c69-b6bdd8190b0b,3607628934,",General Surgery,",Midwest,2025-03-31 06:47:40.386281+00
8e8dbeac-5ce1-463c-b2d8-4a707031149f,1112640908,",Anesthesiology,",West,2025-03-31 06:47:40.396236+00
8e9ed844-5093-40fb-b2f1-bdaccd45ad4f,9335704629,",Obstetrics & Gynecology,",South,2025-03-31 06:47:40.383711+00
8ea83c4f-78a4-4026-821a-190eaf8dc6c8,3872177944,",Dermatology,",Midwest,2025-03-31 06:47:40.39267+00
8eb08bbd-c783-4bbf-b181-7a8332b5212c,4712949246,",Psychiatry,",Northwest,2025-03-31 06:47:40.40427+00
8ebcb2c7-436d-475e-9503-0ffd33eb52b5,7719044409,",Internal Medicine,",Midwest,2025-03-31 06:47:40.376129+00
8ed1db4b-dcd2-4788-b8a6-f7873c6f0591,4258211282,",Radiology,",Northwest,2025-03-31 06:47:40.394794+00
8ed3e962-1eb1-4bca-9408-be78a96e16e6,4999571291,",Urology,",Northwest,2025-03-31 06:47:40.400292+00
8edd2339-37c1-4ff0-b30c-9673f7118794,2307967576,",Neurology,",Midwest,2025-03-31 06:47:40.398244+00
8ee21c87-eb34-450d-b760-479c5c2e0a72,2713384130,",Anesthesiology,",Northwest,2025-03-31 06:47:40.396985+00
8ee2649d-bdf9-434d-8349-5b255260f7a3,3413806915,",Psychiatry,",West,2025-03-31 06:47:40.385649+00
8ee776a0-93cb-42e7-811a-15c3068c196b,3014221360,",Obstetrics & Gynecology,",South,2025-03-31 06:47:40.382209+00
8eea559d-df0d-4b3c-ab5d-82d0ef3a76a3,7361889627,",Cardiology,",Northeast,2025-03-31 06:47:40.389955+00
8f02ac01-c003-4678-8105-6247a9e2c78e,5480573764,",Internal Medicine,",West,2025-03-31 06:47:40.379219+00
8f0374c9-aa53-4940-ba2f-17508afefa8b,5870916159,",Urology,",Northeast,2025-03-31 06:47:40.400344+00
8f0a9cc5-776d-46cd-aaa7-d51401c15e51,3750633295,",Radiology,",Midwest,2025-03-31 06:47:40.394294+00
8f0b9d3a-7e31-4bc3-a2f4-6ad061a569a3,8151942315,",Internal Medicine,",Midwest,2025-03-31 06:47:40.376473+00
8f2ceea4-056d-4ac6-b85e-493464b2892c,8252452174,",Urology,",South,2025-03-31 06:47:40.400857+00
8f2dd106-2a9c-4817-a34c-3886ec2224ee,3927456385,",Gastroenterology,",South,2025-03-31 06:47:40.399426+00
8f2fdd6c-ea1a-4fb8-a6fe-88d111989990,9301471211,",Obstetrics & Gynecology,",Midwest,2025-03-31 06:47:40.38192+00
8f30a79e-2089-4ea1-b760-7bab8f3d849d,8081118153,",Internal Medicine,",West,2025-03-31 06:47:40.37647+00
8f34eddd-a763-4d46-aa6f-bb7cd62a0e18,6634220266,",Internal Medicine,",Northeast,2025-03-31 06:47:40.378321+00
8f4ae765-a709-4353-9fa4-703e2e5c4ef2,5862906523,",Anesthesiology,",Northeast,2025-03-31 06:47:40.397108+00
8f547810-d7ca-472a-862c-6befd74d53e4,3893558291,",Psychiatry,",South,2025-03-31 06:47:40.385927+00
8f574387-55ba-40c0-b582-3edec65fdc67,7499673166,",Radiology,",South,2025-03-31 06:47:40.395716+00
8f5f6917-ae4c-4e1f-bd4c-13fe37dd904d,4178921060,",General Surgery,",Northeast,2025-03-31 06:47:40.386246+00
8f66e884-472e-44d1-8997-54417d4a4ca8,6534855657,",Neurology,",Midwest,2025-03-31 06:47:40.398746+00
8f685082-3c1d-43ca-b876-66c32e762370,9656298233,",Nephrology,",Midwest,2025-03-31 06:47:40.402285+00
8f746c4f-2e2d-4537-a76c-d404f3c4e4d3,7383188973,",Internal Medicine,",Northwest,2025-03-31 06:47:40.378293+00
8f8b32e9-9ec7-4473-a4f8-20c47bb04460,9952290751,",Anesthesiology,",Northeast,2025-03-31 06:47:40.397087+00
8f8d0b26-1fb1-4392-856f-60136807f7f3,4747712095,",Gastroenterology,",West,2025-03-31 06:47:40.399654+00
8f9a14c3-223c-488e-81d5-8c0669e1e45e,3565738076,",Internal Medicine,",Northwest,2025-03-31 06:47:40.376719+00
8fb2dab2-35a6-46d0-aa89-33b2423f1939,8724272159,",Internal Medicine,",Midwest,2025-03-31 06:47:40.37819+00
8fbbe18b-13d6-409e-a69b-b3dadf488ff5,4747888432,",Cardiology,",South,2025-03-31 06:47:40.388427+00
8fbf8bcc-5673-45bc-9881-68d87c2e4860,9022060058,",Internal Medicine,",West,2025-03-31 06:47:40.381382+00
8fc2eb33-37a5-4eea-958a-4af99ceb30d4,7913700163,",Radiology,",Northeast,2025-03-31 06:47:40.395696+00
8fc5a278-c4ca-4806-9cce-13fee899ed77,5789004228,",Internal Medicine,",Northeast,2025-03-31 06:47:40.403291+00
8fd87953-fb7b-48b3-94cb-745689edcb1d,7591310405,",Internal Medicine,",West,2025-03-31 06:47:40.380217+00
8fdccc1f-4942-49e1-aa40-7b11d7c88132,3213594261,",Internal Medicine,",Northwest,2025-03-31 06:47:40.379245+00
8fdd07d9-74c8-40f4-ab36-ec75f425df97,4710637160,",Cardiology,",West,2025-03-31 06:47:40.38847+00
8fe22db2-5eb1-49d2-8038-fbdcde453ee7,7190659046,",Cardiology,",Northwest,2025-03-31 06:47:40.389844+00
8feb3b0f-4883-4632-bdb4-e745bc0b3b40,5392461306,",Cardiology,",Northwest,2025-03-31 06:47:40.388507+00
8fec51bc-264d-46f4-89ca-0d1a79cb2f00,8006635486,",General Surgery,",Northeast,2025-03-31 06:47:40.38704+00
8fef662f-7f2d-4685-823a-3e4bfd89e811,4454806225,",Obstetrics & Gynecology,",Northeast,2025-03-31 06:47:40.382876+00
8ff52912-c44b-4f68-a5ef-da0e9bd639c2,9647394760,",Radiology,",Northeast,2025-03-31 06:47:40.3956+00
8ff7ccbd-1069-4464-af58-302ee4d10136,7994703230,",Psychiatry,",Midwest,2025-03-31 06:47:40.384511+00
90065105-40d7-4da5-a142-1cde59659e70,9484128800,",Orthopedic Surgery,",Midwest,2025-03-31 06:47:40.39159+00
900ea879-763b-4b6a-afee-f1aec5fa5f65,2591376682,",Urology,",Northeast,2025-03-31 06:47:40.40045+00
900f8134-a803-4777-9a14-f26670b285e0,6671464156,",Psychiatry,",Northwest,2025-03-31 06:47:40.38538+00
901127e7-464a-4278-9bd7-186854eb272b,6990661728,",Dermatology,",West,2025-03-31 06:47:40.392886+00
9014cfcb-2675-49e9-9407-59d3875d2d86,1765713073,",Obstetrics & Gynecology,",Northeast,2025-03-31 06:47:40.383804+00
901b8d78-449b-4cbd-96e6-5ddd7a58635c,6009733157,",Internal Medicine,",Northwest,2025-03-31 06:47:40.377158+00
902978aa-a3ba-49c9-99c6-9807068e89f6,3417649156,",Orthopedic Surgery,",Northwest,2025-03-31 06:47:40.391206+00
902d9dba-72f3-41e8-a0a3-b5c52c5d25f0,4863135793,",Neurology,",South,2025-03-31 06:47:40.398967+00
903077f6-c705-44ef-b935-90de335b4bac,3749145286,",Neurology,",Northwest,2025-03-31 06:47:40.398357+00
903b9212-58fc-422a-b82a-f30bf20256b4,6305128890,",Obstetrics & Gynecology,",West,2025-03-31 06:47:40.3835+00
9042a7b6-d024-4a43-9eac-cd52f3dbda5b,9406546164,",Internal Medicine,",Northeast,2025-03-31 06:47:40.379284+00
9043cca3-8da3-4f86-a473-49c71055387d,6112355155,",Orthopedic Surgery,",Northeast,2025-03-31 06:47:40.390932+00
90443a1d-462f-429c-b97f-548d0c1041f6,4151804013,",Psychiatry,",Northwest,2025-03-31 06:47:40.385962+00
9060f096-fb28-4ae7-8d4e-2f059519090a,7764130518,",Cardiology,",Midwest,2025-03-31 06:47:40.390196+00
9062f804-5a4d-4eb1-8a9d-c55ff21cc706,4924547239,",Gastroenterology,",Northeast,2025-03-31 06:47:40.400142+00
906deeda-ae49-403f-86a0-883300de1150,5048299551,",Internal Medicine,",Midwest,2025-03-31 06:47:40.378364+00
906e48ed-aeb7-4b8d-b87b-ddcfe65dd3c8,1098246042,",Anesthesiology,",South,2025-03-31 06:47:40.397251+00
906f6660-a5bc-426e-9a03-8edac431944e,6350855878,",General Surgery,",Northeast,2025-03-31 06:47:40.386142+00
9077cc47-72db-47fa-8c3a-af7fda36a238,6290852679,",Neurology,",Midwest,2025-03-31 06:47:40.39845+00
907d87c3-41bf-4478-ab5c-b28425ffd844,3960300781,",Oncology,",South,2025-03-31 06:47:40.402877+00
90824da4-7e6e-4039-b9b6-6c41845c18ed,2683445073,",Obstetrics & Gynecology,",Northeast,2025-03-31 06:47:40.383381+00
90839b98-d4e5-42c3-bb60-183fb10f6c23,3661744602,",Psychiatry,",West,2025-03-31 06:47:40.385351+00
9090b8e5-8032-4e16-834d-4e28ea529cc6,3967310887,",Orthopedic Surgery,",Northeast,2025-03-31 06:47:40.392458+00
90a9e2c5-0dba-4a7c-8fbe-d5f0e48d0bfd,9700403898,",Internal Medicine,",Northwest,2025-03-31 06:47:40.380331+00
90b63351-2204-4a66-9ef7-f1bbecab082f,7598129813,",General Surgery,",West,2025-03-31 06:47:40.38758+00
90b910a0-c359-4928-b8a2-392e47ce7564,5346388237,",Internal Medicine,",Northeast,2025-03-31 06:47:40.37822+00
90b9ff70-0655-4a13-a7b8-458fc459cf14,4293474442,",Internal Medicine,",West,2025-03-31 06:47:40.379797+00
90c342b2-f556-4ee9-9d53-2f201f0ae02f,7897610214,",Orthopedic Surgery,",West,2025-03-31 06:47:40.39216+00
90d1a1ec-945f-42af-b3ea-8f0a4ec24feb,2361638193,",Psychiatry,",West,2025-03-31 06:47:40.384903+00
90d5732f-e6ab-4674-9220-3c4d46e6fd4e,8487060725,",Obstetrics & Gynecology,",Midwest,2025-03-31 06:47:40.382541+00
90d6701f-92d8-463d-9195-1f8377fa0697,1554921020,",Neurology,",South,2025-03-31 06:47:40.398005+00
90de61ce-eb22-4f62-9277-614ad44473b5,8484134181,",General Surgery,",Northeast,2025-03-31 06:47:40.387717+00
90e5e52d-d9cd-4cb2-8acc-f44c377210d0,3081715811,",Cardiology,",South,2025-03-31 06:47:40.390077+00
90ea2ce0-90d0-4479-a97c-41aa551dd7f1,1183851649,",Radiology,",West,2025-03-31 06:47:40.394351+00
90f007f2-fd53-4ddf-920a-df7aefd436e5,3036368483,",Anesthesiology,",Midwest,2025-03-31 06:47:40.396758+00
90f1007b-66ab-4e14-9b3e-ac649d77a602,9009262915,",Internal Medicine,",West,2025-03-31 06:47:40.37803+00
90f1e39f-fead-4ac1-9ad9-57c8757caba6,9656486939,",Orthopedic Surgery,",South,2025-03-31 06:47:40.391238+00
90f7b337-69b0-4221-b6fe-a36d289456a9,5590719084,",Anesthesiology,",Midwest,2025-03-31 06:47:40.396404+00
9109b6e1-90b0-4c81-a7c8-0deb1ff2e813,1920782198,",Obstetrics & Gynecology,",Midwest,2025-03-31 06:47:40.38197+00
910fb678-4db2-493d-9e83-47b5fc605e27,2311834909,",Psychiatry,",Northeast,2025-03-31 06:47:40.384162+00
91131ef8-db6c-497b-b844-0d0f3a779214,6896471678,",Internal Medicine,",Northwest,2025-03-31 06:47:40.376475+00
911afc78-6a04-4f8a-8ec6-11b49eeb6840,1704927351,",Gastroenterology,",Northwest,2025-03-31 06:47:40.400015+00
911e1d52-63eb-49eb-a7ae-19ddb3828a67,7728144686,",Urology,",Midwest,2025-03-31 06:47:40.40107+00
9122ebeb-7ba6-437d-90d8-6739be3b7020,7276828037,",Dermatology,",West,2025-03-31 06:47:40.392883+00
9129bfed-c91f-4e57-ba9b-03a50c2d4c53,2862216226,",Anesthesiology,",West,2025-03-31 06:47:40.397714+00
9132cf3b-d801-4926-a5b5-04a1b0368231,5741854831,",Dermatology,",South,2025-03-31 06:47:40.394037+00
9137efd5-5d8b-4f2b-8e3f-e057ca95f622,2699181853,",Obstetrics & Gynecology,",Northeast,2025-03-31 06:47:40.383702+00
913f686a-b7e8-4b32-ad70-95c480f354ec,2985486830,",Internal Medicine,",Midwest,2025-03-31 06:47:40.380171+00
9140790c-f249-4aea-af8e-fe7dd03c289a,7679092267,",Radiology,",Midwest,2025-03-31 06:47:40.395588+00
915a3eeb-89b1-49b0-8b10-ed2405961135,4241435535,",Obstetrics & Gynecology,",Northeast,2025-03-31 06:47:40.382087+00
915d76d4-7bff-4789-8ac7-177d531880ba,5341685819,",Urology,",Midwest,2025-03-31 06:47:40.400783+00
9167298c-4faf-48f5-be52-b9b783a62ca9,2142111577,",Psychiatry,",West,2025-03-31 06:47:40.385089+00
916e067e-e0a2-425e-a1ee-2cafa06bc851,2655949324,",Psychiatry,",Northeast,2025-03-31 06:47:40.38575+00
9178785d-4234-4841-a1a3-050230edbb68,4181023937,",Neurology,",Midwest,2025-03-31 06:47:40.398878+00
91859df0-eaa2-47f8-8764-ba59e01972bc,4174906708,",Obstetrics & Gynecology,",Northwest,2025-03-31 06:47:40.38328+00
918dcf4a-5ada-492e-b3c9-3fd3ec4fe46e,3134869452,",Internal Medicine,",Northeast,2025-03-31 06:47:40.377328+00
919188cf-02f8-4977-99a9-9619ae511052,5675474601,",Dermatology,",Northwest,2025-03-31 06:47:40.392607+00
91a1a5b5-54ed-4962-a598-ad03dbd9edce,6453574825,",Neurology,",Northwest,2025-03-31 06:47:40.398557+00
91a4a737-9d7f-480c-a7b6-9bee495d7319,4797124016,",Neurology,",Northwest,2025-03-31 06:47:40.397987+00
91ac7f1b-7835-4006-a8b7-abdd5d5a6dcc,1394235376,",General Surgery,",South,2025-03-31 06:47:40.386252+00
91b82144-834f-4354-8f85-03c82f06718b,5627340076,",Cardiology,",West,2025-03-31 06:47:40.39012+00
91b97210-2681-48e6-a2af-4183aa8c08e0,8606720106,",Neurology,",West,2025-03-31 06:47:40.397862+00
91c17acc-7e59-4a2b-acf1-d98067aad5be,1937588337,",Psychiatry,",Northwest,2025-03-31 06:47:40.385479+00
91c22e88-42a3-4692-8030-bdaca87ee471,4959482779,",Oncology,",Northwest,2025-03-31 06:47:40.402603+00
91c43864-3931-4eef-850e-03555d7c8d93,6051299848,",General Surgery,",West,2025-03-31 06:47:40.387208+00
91cdc97d-aa36-4a4d-b5ab-81d054e7a475,6140969585,",Psychiatry,",Northwest,2025-03-31 06:47:40.385021+00
91d53421-5109-435b-96a8-b0c6ba434bf9,2651013302,",Internal Medicine,",Midwest,2025-03-31 06:47:40.378657+00
91d6c477-e786-486e-93ce-178dabc4b976,3238603951,",Psychiatry,",Northwest,2025-03-31 06:47:40.386039+00
91db6a26-f3b4-4fe5-a59d-6f6500718197,7004437224,",General Surgery,",Midwest,2025-03-31 06:47:40.387051+00
91dc59f9-c9e6-4977-a197-f1dc3a525cb0,8982680291,",Pulmonology,",South,2025-03-31 06:47:40.401896+00
91dec009-12ac-4f05-b016-bd776ad2d0af,8381858171,",Internal Medicine,",Northwest,2025-03-31 06:47:40.403485+00
91e15fb1-0c1e-41f5-ad21-e3c1509135a1,4956141161,",Radiology,",South,2025-03-31 06:47:40.395383+00
91e7d483-0423-43d8-b911-844fc457d8d0,7166672526,",Psychiatry,",South,2025-03-31 06:47:40.385126+00
91f60822-d63b-4645-b05a-435a6ec6bb58,8922363329,",Psychiatry,",South,2025-03-31 06:47:40.404073+00
91fa13ef-91f6-4a9d-ae10-68520a83c034,9285393377,",Neurology,",Northwest,2025-03-31 06:47:40.398687+00
920f1eb7-11f3-41c3-9aac-005ed62a9c96,2358734454,",General Surgery,",West,2025-03-31 06:47:40.387406+00
92156b30-7140-4aa8-b2bb-9fd201ed47fb,2447966680,",Cardiology,",Midwest,2025-03-31 06:47:40.390379+00
9224afaa-102b-4f11-a2e1-594d012d3b03,7493984119,",Internal Medicine,",South,2025-03-31 06:47:40.376354+00
9227869d-cd23-4cac-9bd2-8effbea6f622,2400384380,",Dermatology,",Northwest,2025-03-31 06:47:40.393032+00
923c6e5d-1ce7-410d-b837-7143e4a75bc1,4794924875,",Psychiatry,",Midwest,2025-03-31 06:47:40.385801+00
924cf0a9-4fc2-4458-93c9-6445c3e35039,6258932697,",Internal Medicine,",South,2025-03-31 06:47:40.377095+00
924fa863-c5b1-4678-8c9c-94e4cc761404,4307715345,",Anesthesiology,",Northwest,2025-03-31 06:47:40.396205+00
924ff694-a508-45fa-8c40-2594fb63f487,7746557406,",Neurology,",Northeast,2025-03-31 06:47:40.398585+00
9255796f-a062-4d62-beca-b494764eec26,8488593092,",Neurology,",South,2025-03-31 06:47:40.398574+00
926580d4-df6b-47f6-bbe9-1f0211719a16,1725551899,",General Surgery,",Northeast,2025-03-31 06:47:40.387732+00
9269d486-1737-42f4-aa73-05e54f2e3a5f,7053352053,",Dermatology,",Northwest,2025-03-31 06:47:40.393854+00
926f9fde-ff67-4d7f-bba8-7dbf492406c7,2822728685,",Radiology,",Northwest,2025-03-31 06:47:40.395212+00
927503d4-4599-448c-b49c-2e88abd00962,6348953005,",Cardiology,",Northeast,2025-03-31 06:47:40.38856+00
92762054-5d8d-4697-8daa-4dd3fb426701,2960183906,",Orthopedic Surgery,",Midwest,2025-03-31 06:47:40.391548+00
927a7276-d038-4454-9b0e-8fa73bcede12,4408631556,",Internal Medicine,",Midwest,2025-03-31 06:47:40.376271+00
927c8d43-c7d5-46e7-a38e-dc1cb62c0ede,6381218968,",Psychiatry,",South,2025-03-31 06:47:40.384222+00
928836e6-1c54-48c3-b563-df23c3415e1e,3133644252,",Anesthesiology,",West,2025-03-31 06:47:40.3968+00
928bc96f-b8d7-41e1-adb1-c7e432ad015a,9049480973,",Obstetrics & Gynecology,",South,2025-03-31 06:47:40.382712+00
92929891-e400-4f1d-8fa6-24a73fd4d86b,8540104343,",Dermatology,",West,2025-03-31 06:47:40.393547+00
9294df97-6534-4def-bc0e-9ff1f8c5f4c1,3734357353,",Orthopedic Surgery,",Midwest,2025-03-31 06:47:40.390767+00
92950f53-223b-4d7b-8aca-9f9194a8e2cd,8152419429,",Anesthesiology,",West,2025-03-31 06:47:40.395961+00
929f8832-33df-47d0-916c-a4a1ac84c853,2259774903,",Orthopedic Surgery,",South,2025-03-31 06:47:40.391734+00
92a6bf24-c2b5-4b4e-b345-30b1fccec3ad,8760998190,",Urology,",South,2025-03-31 06:47:40.400574+00
92a82353-5afa-46f4-a337-589aedb5e61c,9950875409,",Orthopedic Surgery,",South,2025-03-31 06:47:40.392098+00
92a84e16-2868-451b-b385-f7b02aab701d,1218713227,",Dermatology,",Midwest,2025-03-31 06:47:40.393722+00
92b2ad86-f3f6-464b-af7b-9f3a7c3f8af7,3099380956,",Psychiatry,",Midwest,2025-03-31 06:47:40.384447+00
92ba9eee-30be-4049-ad24-fc12e4e62d97,4163624812,",Urology,",Northeast,2025-03-31 06:47:40.40097+00
92c1fa12-2263-4c52-b12d-befbad1c6044,1799051255,",Gastroenterology,",Northeast,2025-03-31 06:47:40.399122+00
92c8b720-228a-478b-8aee-75e3c35a0cc1,4425654347,",Orthopedic Surgery,",Northeast,2025-03-31 06:47:40.391842+00
92ce3f08-9a55-4938-b8ae-e6027490d225,6109249099,",Psychiatry,",South,2025-03-31 06:47:40.385449+00
92d1471b-21a8-43bb-872a-24f1cd605293,3838554796,",General Surgery,",West,2025-03-31 06:47:40.386702+00
92d6bf47-df79-4b78-a7d2-bf3da1ee2e90,1158887936,",Oncology,",South,2025-03-31 06:47:40.403992+00
92d7502f-260e-4a04-a4c0-4ff77df66ea7,4938223972,",Internal Medicine,",South,2025-03-31 06:47:40.37999+00
92dd0756-d693-453a-a794-0e84848493ca,7727115217,",Internal Medicine,",Northwest,2025-03-31 06:47:40.380794+00
92eb8695-055a-49e2-a25f-97760ecda6f7,2345280810,",Cardiology,",South,2025-03-31 06:47:40.389322+00
93048aaf-072b-43bc-b488-1f9dec9c321b,2263579563,",Pulmonology,",South,2025-03-31 06:47:40.403269+00
930ba336-8d6b-4c2e-a570-a1038d1410f5,8665426495,",Psychiatry,",South,2025-03-31 06:47:40.404587+00
9314c974-d593-4628-8e7f-8709f65e7409,9060544459,",Psychiatry,",South,2025-03-31 06:47:40.384868+00
9315b21b-ded8-4be2-a62f-03f248415809,9254775783,",Internal Medicine,",Midwest,2025-03-31 06:47:40.376251+00
9327c973-1426-4b2a-978a-b71990a6cb52,4137350774,",Cardiology,",Northwest,2025-03-31 06:47:40.389432+00
9328f0c9-07cf-4c4e-8da8-744e7c692c55,5109914887,",Radiology,",South,2025-03-31 06:47:40.394316+00
933067b0-290f-45cb-968a-2a2d3fecac1a,4608057383,",General Surgery,",Midwest,2025-03-31 06:47:40.388063+00
933a5f80-6804-4ed5-adf3-897a40b88c26,3908511057,",Internal Medicine,",West,2025-03-31 06:47:40.37927+00
933d01ff-3347-4814-b0af-b1d99c021dfb,5735394886,",Gastroenterology,",Northeast,2025-03-31 06:47:40.399291+00
933dd1bb-096b-497d-a746-da77b4605af9,7634736553,",Internal Medicine,",South,2025-03-31 06:47:40.378861+00
9349817e-2245-4626-a620-9b3a673eb63e,6563368630,",Internal Medicine,",Northeast,2025-03-31 06:47:40.378412+00
934aefd0-e192-4444-8a78-a3b9fc7bf037,4091342107,",Internal Medicine,",Midwest,2025-03-31 06:47:40.378091+00
934e6a7b-1883-492b-93b6-be9020d56898,5636119939,",Internal Medicine,",West,2025-03-31 06:47:40.378056+00
9355845a-631b-4f50-bbab-9bd42de82f87,2172128801,",Psychiatry,",Midwest,2025-03-31 06:47:40.384692+00
935b1364-a4bf-481b-ac6e-c941fad052a9,9644152643,",Neurology,",South,2025-03-31 06:47:40.403555+00
935b8f25-924d-42b4-8aef-d185d560e502,5179117403,",General Surgery,",Northwest,2025-03-31 06:47:40.386924+00
93650dec-b676-4c25-ad50-8c4349bc8755,7171564688,",General Surgery,",South,2025-03-31 06:47:40.387106+00
9377fb6d-50e2-4ca2-8792-30c3f9993d0a,5257668567,",General Surgery,",Northwest,2025-03-31 06:47:40.388229+00
9391bb85-526f-4940-b5d0-e5b410db6be3,9573092728,",Internal Medicine,",Northeast,2025-03-31 06:47:40.379277+00
9395007f-4e8a-4292-8fb0-ec7c11bdb12c,9597806535,",General Surgery,",South,2025-03-31 06:47:40.387669+00
939dff68-716c-4786-8650-f8085ab4a240,2103597969,",Cardiology,",Northwest,2025-03-31 06:47:40.389894+00
93a44ee2-90cd-4a3a-9b43-a910b6620e25,6925721692,",General Surgery,",South,2025-03-31 06:47:40.386429+00
93a84bab-4fc3-4f6a-bb07-fc03decdcb1e,9121532819,",General Surgery,",West,2025-03-31 06:47:40.403836+00
93b49f6d-0a39-4cdc-84b2-60e4fc0d5617,4112713345,",Cardiology,",West,2025-03-31 06:47:40.389506+00
93c9319a-36fe-4051-85f6-bb2457b54baf,8584955873,",Radiology,",Northwest,2025-03-31 06:47:40.394545+00
93d04573-8807-4211-9d84-ff2840d2bbc1,9800823860,",General Surgery,",South,2025-03-31 06:47:40.387626+00
93d2647d-0910-4988-823b-abfc914fa4b6,8693339194,",Internal Medicine,",West,2025-03-31 06:47:40.377109+00
93d72426-a203-47a1-bd12-67dfcd718aa8,8118011741,",Cardiology,",Northwest,2025-03-31 06:47:40.388447+00
93daa619-f50f-426d-b723-39254452c5e4,7694202904,",Internal Medicine,",Northeast,2025-03-31 06:47:40.377084+00
93e36b6c-7cc5-471f-85f6-e87e09e7f1da,2483109185,",Internal Medicine,",South,2025-03-31 06:47:40.380999+00
93e57342-012f-45e1-a65c-7b3e07354ff7,1035828480,",Internal Medicine,",Midwest,2025-03-31 06:47:40.377343+00
93e65034-8c27-4a98-af9a-5fabb99f0450,8440776496,",Internal Medicine,",Midwest,2025-03-31 06:47:40.381015+00
93f1874b-cdcb-436c-ac6c-e1e970317bcb,2100923966,",Obstetrics & Gynecology,",Northeast,2025-03-31 06:47:40.382512+00
93f3c663-b026-400d-b56d-7f481c7d7300,4848197492,",Neurology,",Midwest,2025-03-31 06:47:40.398354+00
93f3ddab-d099-4c85-b2c3-78ec6580bc9a,8977265570,",Orthopedic Surgery,",South,2025-03-31 06:47:40.391241+00
93f52844-f46d-4fb7-a7fd-ec7709eacdcb,6637715537,",Internal Medicine,",South,2025-03-31 06:47:40.37921+00
93fb5805-f1bb-48df-b8a8-8fbcbdb87739,7035398149,",General Surgery,",Northwest,2025-03-31 06:47:40.387623+00
93fc0410-f6fa-44da-a087-b6a80f8ae1f8,3058753461,",Orthopedic Surgery,",South,2025-03-31 06:47:40.39147+00
940a953d-a68a-4a00-90e1-2051903331c5,6439529984,",Pulmonology,",West,2025-03-31 06:47:40.401529+00
940c1300-db6f-442f-abc5-5c6f794eb0ce,7112103453,",Gastroenterology,",South,2025-03-31 06:47:40.39942+00
9416494f-7e2f-4767-8f5b-fcd25ec8c42c,1846232528,",Oncology,",Midwest,2025-03-31 06:47:40.402554+00
941eb6a7-5d1e-4139-a94e-1cd01b7161cb,8985622524,",Internal Medicine,",Northwest,2025-03-31 06:47:40.380402+00
9420d595-7d44-4e12-a4d9-2943348f5626,5311368868,",Neurology,",Midwest,2025-03-31 06:47:40.398842+00
944a6cc2-614e-4204-8d47-f0f7d0ef7317,4645403096,",Dermatology,",Northwest,2025-03-31 06:47:40.394209+00
944c816b-d160-4f94-99b1-7446bec7f4f4,9294396764,",Neurology,",South,2025-03-31 06:47:40.398987+00
944da772-1908-4db9-8193-880f792ee8e7,8384578713,",Anesthesiology,",Northwest,2025-03-31 06:47:40.39772+00
944efe86-093c-4394-b824-aa252c422ec8,4444084557,",Neurology,",West,2025-03-31 06:47:40.39856+00
9456222c-6a9b-4534-8133-6911c0dabd22,4655991381,",Internal Medicine,",Northeast,2025-03-31 06:47:40.380682+00
94656572-9a96-45db-b7e1-dce832eaf463,4827535907,",Internal Medicine,",Midwest,2025-03-31 06:47:40.380222+00
9465a13a-5c9a-40d1-98a0-1b732c55da3a,8118137854,",Psychiatry,",South,2025-03-31 06:47:40.384234+00
946f170c-e19e-4526-86bb-6685c02cbc58,3882667163,",Psychiatry,",Northwest,2025-03-31 06:47:40.385612+00
946f34d8-c2eb-43d2-95e5-e1adba5089fd,8412393217,",Neurology,",South,2025-03-31 06:47:40.398981+00
948a4432-3ddf-466d-8cd7-efce00526039,4414699146,",Cardiology,",West,2025-03-31 06:47:40.390437+00
948c4047-1fa0-4173-8f5d-2f9676b91fb8,6206049636,",Orthopedic Surgery,",Northwest,2025-03-31 06:47:40.392233+00
949749d5-470d-4d1a-8174-2fd548625fb9,8591162558,",General Surgery,",Midwest,2025-03-31 06:47:40.386749+00
9499c394-36d3-4166-a422-bebaacaea6b1,9348248765,",Orthopedic Surgery,",Northwest,2025-03-31 06:47:40.391639+00
94a1011c-e910-45a0-b57f-dc65d235e9b3,1911081287,",Nephrology,",Midwest,2025-03-31 06:47:40.402195+00
94ba3cb6-a2c7-479f-99c7-68aa17843897,7213750341,",Obstetrics & Gynecology,",Northwest,2025-03-31 06:47:40.38274+00
94d197d2-93cd-41f3-8c08-33ade64230e4,7103181875,",General Surgery,",West,2025-03-31 06:47:40.388235+00
94d81478-2103-434d-81d9-c10778aa7fc3,9549001608,",General Surgery,",Northeast,2025-03-31 06:47:40.387735+00
94dff0cf-8bde-4c11-84e9-b97a080c451b,5936017325,",Pulmonology,",South,2025-03-31 06:47:40.404161+00
94e21a36-2336-41bf-8391-0aa65eb78316,4050530502,",Dermatology,",West,2025-03-31 06:47:40.393576+00
94ead5f0-6113-45dc-957b-8b268b3401e8,4443581041,",Dermatology,",Northeast,2025-03-31 06:47:40.392751+00
94f31f3a-38ef-4e53-b563-36b380df7bd5,6778912498,",Nephrology,",Northeast,2025-03-31 06:47:40.402521+00
94f39ee4-7fc9-4351-ba89-73674f941301,2516185223,",Internal Medicine,",Midwest,2025-03-31 06:47:40.381498+00
94fccc19-cf07-45fa-b05a-6abb4d4d9d02,6472777045,",Neurology,",South,2025-03-31 06:47:40.398629+00
95000d8c-43c4-498f-be5d-7daa2a4d06f3,8506279512,",Cardiology,",Northeast,2025-03-31 06:47:40.39057+00
9500845b-4f99-4e42-a44e-b425a744d8f5,2264035652,",Radiology,",Northeast,2025-03-31 06:47:40.394452+00
9503421e-9044-439b-8c92-6aa29f1bcc40,7527394528,",Radiology,",South,2025-03-31 06:47:40.395535+00
950a7fee-9240-42a5-ab67-bda823d7ffa2,4669811462,",Orthopedic Surgery,",Northwest,2025-03-31 06:47:40.392175+00
950b5615-deb5-466a-ab98-77230e4e4600,6943431799,",Orthopedic Surgery,",Northwest,2025-03-31 06:47:40.391938+00
9516cf15-eb17-449c-96e2-f8c830bff3b3,2671843839,",General Surgery,",Northeast,2025-03-31 06:47:40.386272+00
951e0120-a6eb-4f40-ac0a-42f9be3a89a9,4241279552,",Orthopedic Surgery,",Northeast,2025-03-31 06:47:40.391911+00
95201ebf-089b-406a-8661-77d64d8cf72f,8133947480,",Anesthesiology,",Northwest,2025-03-31 06:47:40.397573+00
952640f7-f75b-4612-bb59-a5fa72e4c4f2,7911982700,",Dermatology,",Midwest,2025-03-31 06:47:40.393093+00
952a37bb-3c00-429e-96c8-e371197ab85b,8688314502,",Psychiatry,",Midwest,2025-03-31 06:47:40.385601+00
953370cc-adfc-4d5b-a9f5-afea31116bd5,9705041243,",Psychiatry,",Midwest,2025-03-31 06:47:40.384768+00
9535228e-ad21-442e-8f0f-030af3f9b7c3,2285409084,",General Surgery,",South,2025-03-31 06:47:40.386193+00
953ee1d4-c442-427b-bb42-c27ae199882e,1645334717,",Obstetrics & Gynecology,",Northeast,2025-03-31 06:47:40.38367+00
954a4c0a-06b9-4cc1-a1ef-931cc2821bbc,1957435058,",General Surgery,",Northwest,2025-03-31 06:47:40.387521+00
95527827-12f1-42f9-b1d5-4807c386c20b,2168274876,",Internal Medicine,",West,2025-03-31 06:47:40.380716+00
955a7bdb-7024-4f62-87ed-a50dabac5283,1596633160,",Orthopedic Surgery,",Northwest,2025-03-31 06:47:40.392343+00
955f2bd5-79a2-4513-9eee-93c78fa1f7be,9427975786,",Anesthesiology,",Northeast,2025-03-31 06:47:40.396107+00
956aba89-21c1-49a3-9775-487b54ef10bd,4528037831,",Orthopedic Surgery,",Northeast,2025-03-31 06:47:40.391956+00
956ac69c-cd5f-4a11-992f-e8187065a576,7500707814,",Anesthesiology,",Northwest,2025-03-31 06:47:40.396723+00
958e0c9f-8ecb-434e-becc-a433d11b0a44,7700751332,",Cardiology,",South,2025-03-31 06:47:40.389489+00
95902811-b7d9-448e-ac0a-7b7b64efa383,7477605055,",Orthopedic Surgery,",Northeast,2025-03-31 06:47:40.390733+00
95af2e4c-aefa-493f-8a2b-197ba71bb884,8082441501,",General Surgery,",Northeast,2025-03-31 06:47:40.38744+00
95bc000a-7157-4aee-bac6-7f46823d5069,6138726130,",Internal Medicine,",Midwest,2025-03-31 06:47:40.377825+00
95cfb210-4d8c-465c-90f0-d827135799b7,5617065272,",Anesthesiology,",South,2025-03-31 06:47:40.404743+00
95d34620-028a-47ea-b6cf-cd92d19482e6,9886937257,",Internal Medicine,",South,2025-03-31 06:47:40.376981+00
95efce6d-cf87-41d9-8a33-e0e784327153,9862976486,",Dermatology,",West,2025-03-31 06:47:40.39274+00
95fe40a0-5598-4de3-b5e1-8c74286c7939,7893208798,",Obstetrics & Gynecology,",Midwest,2025-03-31 06:47:40.382236+00
960ae6fe-544f-4061-9137-8dbac34483c0,2868157083,",Internal Medicine,",West,2025-03-31 06:47:40.379993+00
961d5bac-e0d0-4c2e-a28a-298fde3a2f8e,9194529772,",Internal Medicine,",Northeast,2025-03-31 06:47:40.37692+00
9629bb12-4888-4486-9c2a-9d03694622fc,8071061143,",Orthopedic Surgery,",West,2025-03-31 06:47:40.392501+00
96376a5b-b324-4366-bd85-8cccb8f07915,1591536819,",Neurology,",West,2025-03-31 06:47:40.398113+00
9637a1e6-e19f-4295-b5d4-b5ea61ae3766,3919002616,",Psychiatry,",Northeast,2025-03-31 06:47:40.385891+00
9638754d-660c-43ec-a7f0-dfc2c0c32d1e,1991838864,",Psychiatry,",Midwest,2025-03-31 06:47:40.384348+00
9647896a-09c1-45c5-895b-3f136d632828,1585631527,",Psychiatry,",Midwest,2025-03-31 06:47:40.385069+00
96596687-707d-44e1-9940-896a9901204c,8849293627,",Internal Medicine,",Midwest,2025-03-31 06:47:40.377019+00
965d5309-fb10-4341-ab27-7a80b36bbb94,7903159888,",General Surgery,",Midwest,2025-03-31 06:47:40.388127+00
965efe0c-c044-4dbc-8535-e9dd64811081,6709946050,",Psychiatry,",Midwest,2025-03-31 06:47:40.384481+00
966008c3-a0d9-4b52-b7b1-0a1661630ccb,6113321176,",Radiology,",Midwest,2025-03-31 06:47:40.394414+00
96624ee5-cbd9-4c09-9649-a11c7ce8c7f0,7089646496,",Internal Medicine,",South,2025-03-31 06:47:40.378065+00
9666d738-de4a-40e5-9302-787ad01092bd,1374832849,",Pulmonology,",West,2025-03-31 06:47:40.401543+00
9668b516-c56e-4191-b46f-0859d4bed3b8,9215655961,",Orthopedic Surgery,",Northeast,2025-03-31 06:47:40.392483+00
966af667-a679-4e54-9799-f30fb1604526,1047980874,",Anesthesiology,",Northwest,2025-03-31 06:47:40.397473+00
9674eb64-bb41-4a40-b7cc-18d1a5e01871,3022126655,",Cardiology,",Midwest,2025-03-31 06:47:40.389967+00
967bbfc4-87c6-471a-883b-35f211f13582,3589051882,",Internal Medicine,",Northeast,2025-03-31 06:47:40.380005+00
967bfc4c-8e09-489d-857a-d146a4d4a350,6132639682,",Cardiology,",South,2025-03-31 06:47:40.389093+00
967ea0f3-c28d-4c44-ae41-6e196bc7836b,1294881102,",Internal Medicine,",Midwest,2025-03-31 06:47:40.380382+00
96840e24-904d-4641-808c-bee412f8f6cf,3558148250,",Obstetrics & Gynecology,",Northwest,2025-03-31 06:47:40.382118+00
9689ec26-61b6-41e8-b539-ea05872ff20b,5033402196,",Internal Medicine,",South,2025-03-31 06:47:40.376879+00
968a53b7-8554-4f72-936e-e5ff15e58707,7220543303,",Urology,",Northwest,2025-03-31 06:47:40.400483+00
9699c4d5-88b3-40ed-8952-937506ef6d1b,7986432443,",General Surgery,",Midwest,2025-03-31 06:47:40.386275+00
96c9552b-31ac-4ed4-8846-5095c52cb717,6761357172,",Internal Medicine,",Midwest,2025-03-31 06:47:40.377152+00
96cc3616-2850-4792-9880-0ea1439979d5,3979810096,",Cardiology,",Midwest,2025-03-31 06:47:40.389931+00
96cea664-eba4-45df-931c-be3ccac32504,2371934886,",Oncology,",West,2025-03-31 06:47:40.402933+00
96ced3ba-003a-4bec-ae99-96df7ebb5b63,9735801414,",General Surgery,",Northwest,2025-03-31 06:47:40.387109+00
96d9378a-38b5-485d-ba0f-64bc968e2a83,1966533865,",Nephrology,",Northeast,2025-03-31 06:47:40.402309+00
96d9ea25-2372-4c2b-b0cd-56788403277f,6022504726,",Urology,",South,2025-03-31 06:47:40.400623+00
96e0a6ca-6a6a-41bd-a1ba-c2f0aa370e23,6628496974,",Cardiology,",Northeast,2025-03-31 06:47:40.388732+00
96fd2e93-694c-4065-ad21-1d5e500723e7,7080457341,",Urology,",Northwest,2025-03-31 06:47:40.400868+00
9706fe0a-b6fb-4d62-a827-f5162ef677d7,8473391568,",Cardiology,",South,2025-03-31 06:47:40.389261+00
97094d06-8170-4fee-b08b-c7b6a714210b,8962275549,",Cardiology,",Northwest,2025-03-31 06:47:40.389142+00
9722d557-0927-495a-8f07-7ff94f1233a3,8285480060,",Internal Medicine,",Northeast,2025-03-31 06:47:40.376856+00
9724d9ce-a27f-42e0-a3e7-8a1a94e0bb3c,7461534684,",Obstetrics & Gynecology,",Midwest,2025-03-31 06:47:40.382626+00
9725883b-d328-4c3b-b9c2-63f596e2dbae,3853488955,",General Surgery,",West,2025-03-31 06:47:40.387603+00
97314547-8dde-49e0-b597-269228fdc37e,3638351172,",General Surgery,",West,2025-03-31 06:47:40.387852+00
974113d7-84df-4c6d-8055-739bf02f04ed,5960354255,",Cardiology,",South,2025-03-31 06:47:40.389937+00
974378b7-1ef0-430c-94ce-94b8bbef9a23,6571234864,",Obstetrics & Gynecology,",West,2025-03-31 06:47:40.382864+00
97443c55-ae56-4ac2-8128-7086941d2b2e,3421152323,",Internal Medicine,",Northwest,2025-03-31 06:47:40.379421+00
9744f8e5-b009-4b67-a9b3-c79aad3a3065,8169968813,",Internal Medicine,",Midwest,2025-03-31 06:47:40.376807+00
9748f193-c819-444b-8c9b-4838c0a66e50,4394190135,",Gastroenterology,",Midwest,2025-03-31 06:47:40.399265+00
974a8f61-f96c-4e85-90c6-39dd8e2acae8,7981921188,",General Surgery,",South,2025-03-31 06:47:40.387457+00
974d53e0-aacb-48d1-a304-94b90bb758a0,4929363854,",General Surgery,",Northwest,2025-03-31 06:47:40.386432+00
974e763c-8387-446e-8a21-0a0d685324e4,3020567032,",General Surgery,",South,2025-03-31 06:47:40.386947+00
9755af0b-a91c-44da-a544-e7f0b239a49a,7196278650,",Obstetrics & Gynecology,",Midwest,2025-03-31 06:47:40.382291+00
9764056a-771f-4628-9634-4ad7d39d23ef,6911557560,",Internal Medicine,",West,2025-03-31 06:47:40.37751+00
977574b1-7bb1-40e6-ba58-5fe8b2061197,6421324567,",Internal Medicine,",Northeast,2025-03-31 06:47:40.379956+00
9775a138-6482-4a5c-a919-578036223e86,8673486724,",Obstetrics & Gynecology,",Midwest,2025-03-31 06:47:40.382127+00
97769661-4b93-4bca-906b-c1d39297ccde,1279611804,",Internal Medicine,",Northeast,2025-03-31 06:47:40.381574+00
97796ea3-e60a-45da-abaa-bc0b2b1d49de,7969458355,",Psychiatry,",Northeast,2025-03-31 06:47:40.385715+00
977c3ba0-ab41-47d5-939f-9580519125ce,6539235447,",Cardiology,",Northeast,2025-03-31 06:47:40.390094+00
978afcdb-045b-461f-9b9f-55af9f509d30,2068283941,",Internal Medicine,",Northeast,2025-03-31 06:47:40.378938+00
978b25c6-760e-4293-9994-5871652369d8,6857165280,",Dermatology,",Northwest,2025-03-31 06:47:40.392604+00
979a9360-6d03-4b99-ab0a-34adcb335cdb,3674684037,",Internal Medicine,",South,2025-03-31 06:47:40.403174+00
979cc888-c080-41e5-b3b1-aa368e7adf15,6512176075,",Urology,",West,2025-03-31 06:47:40.400523+00
979fa1e2-fbd1-49c6-9fbd-9e65884ae152,1397187462,",Urology,",Northeast,2025-03-31 06:47:40.400934+00
97a80cfb-06d2-4a3d-8d97-98074af82a09,8092210862,",Dermatology,",West,2025-03-31 06:47:40.404809+00
97bf9161-5e7e-4c8a-9a24-2187295049e9,6521133946,",Internal Medicine,",West,2025-03-31 06:47:40.380194+00
97de8591-e704-4aac-9176-55b8d5a640c4,6280867292,",Cardiology,",West,2025-03-31 06:47:40.403549+00
97e5f61a-b3a6-47df-9070-d71d198680bd,9554663532,",General Surgery,",West,2025-03-31 06:47:40.388152+00
97f26200-4c46-4e9d-bc4e-86fbedef7f40,5859797744,",Psychiatry,",Midwest,2025-03-31 06:47:40.384528+00
97fb281a-292b-48bd-825c-1d5806fe285c,4498132611,",Radiology,",Northeast,2025-03-31 06:47:40.394622+00
97ff8431-69ff-487d-bb44-302d326f6985,5573588670,",Psychiatry,",Midwest,2025-03-31 06:47:40.385371+00
980bc3ba-89a2-433a-9ef3-07ff420d93a5,1002163724,",Internal Medicine,",West,2025-03-31 06:47:40.379725+00
9811b34a-07b1-4607-975f-75256d8bba01,3901958311,",Orthopedic Surgery,",West,2025-03-31 06:47:40.391459+00
981db65a-5c4e-4565-b8a9-b8bb481521b5,2193913719,",Internal Medicine,",West,2025-03-31 06:47:40.378175+00
9828add0-f63b-4069-84a8-551961741bf6,9691878531,",Psychiatry,",Northeast,2025-03-31 06:47:40.384137+00
9829241f-0db9-486b-989e-29051c03b85f,4928779669,",Internal Medicine,",South,2025-03-31 06:47:40.377474+00
982f3121-1971-4426-9b9e-7a4ad4b80046,8894940812,",Psychiatry,",Northeast,2025-03-31 06:47:40.38532+00
9834d8ab-e045-4eec-88be-d410ae4cfdf0,5851289080,",Gastroenterology,",Northeast,2025-03-31 06:47:40.39911+00
9835d5ad-607c-47ec-bf0d-a1171766b769,7819007822,",Obstetrics & Gynecology,",South,2025-03-31 06:47:40.383184+00
9837ffd1-3062-44f1-9293-9955d3406fa8,7962877595,",Anesthesiology,",Northwest,2025-03-31 06:47:40.395997+00
98449b6e-8944-435a-a133-07c52dc23420,2853800882,",Internal Medicine,",Northeast,2025-03-31 06:47:40.381545+00
984533d2-bd9f-486a-8384-52182210cda7,2076368273,",General Surgery,",Midwest,2025-03-31 06:47:40.404691+00
985c8ad4-7bc1-46af-a2d2-f7d28aad8be7,4911586900,",Neurology,",Northwest,2025-03-31 06:47:40.398216+00
98604ab3-76ad-44c2-99c1-1ff20c47f78f,8677245862,",Internal Medicine,",Northeast,2025-03-31 06:47:40.377235+00
986ed885-eb22-4dde-93f8-a9dc4dad26c1,8680468233,",Orthopedic Surgery,",West,2025-03-31 06:47:40.392355+00
987876be-0968-48a7-9847-e8fb5d84715a,2184424727,",Gastroenterology,",South,2025-03-31 06:47:40.399969+00
987acd7c-9049-4d8d-9338-2ffa923624f6,4549293390,",Radiology,",Midwest,2025-03-31 06:47:40.394761+00
987c8315-fbca-4d30-b172-71edd31f9fa5,9929927811,",Urology,",Northeast,2025-03-31 06:47:40.400976+00
98890971-e38a-4044-bf4e-20a3e2f32a84,6163003692,",Psychiatry,",Northwest,2025-03-31 06:47:40.385844+00
989902f8-0b60-4015-ba75-1bc18c17b96b,2871060473,",Oncology,",Northwest,2025-03-31 06:47:40.402828+00
989b42d4-4258-4f79-843b-e8c55bd291c9,5453902435,",Internal Medicine,",Midwest,2025-03-31 06:47:40.376964+00
98a10244-c7cc-4c34-9fac-b16a2567d586,4852067552,",Orthopedic Surgery,",Northeast,2025-03-31 06:47:40.392335+00
98a3dbfc-0e9b-4aa4-9d87-8ce65267a39f,9928577693,",Dermatology,",Northeast,2025-03-31 06:47:40.39393+00
98a78137-de85-48f3-80b9-ca2666741f49,5339534119,",Internal Medicine,",Northwest,2025-03-31 06:47:40.381276+00
98ad7cbc-1b4b-421b-a359-25f63c0e1b3b,9096631671,",General Surgery,",Northeast,2025-03-31 06:47:40.386546+00
98bc53c6-4220-485a-8933-e8cddbd6a11e,5137725966,",Anesthesiology,",Northwest,2025-03-31 06:47:40.397139+00
98c7ea08-37c8-41ab-98e9-2d7a2ae1e3dc,3110154607,",Radiology,",South,2025-03-31 06:47:40.395338+00
98caaed1-adaa-4961-a030-890b15b27157,7249616155,",Cardiology,",South,2025-03-31 06:47:40.389415+00
98db853e-4940-4816-8785-686846fe712a,7383798563,",General Surgery,",Northwest,2025-03-31 06:47:40.387802+00
98de0bd9-b5bb-4da8-b8cb-239f93bded57,9012461371,",Orthopedic Surgery,",Northeast,2025-03-31 06:47:40.391769+00
98dfb619-4b21-432e-b429-a68c4fdde2ef,2307442635,",Oncology,",Northwest,2025-03-31 06:47:40.40256+00
98f81365-e86a-4159-bb54-6e9d10024d2b,6053628262,",Dermatology,",Northeast,2025-03-31 06:47:40.393113+00
9906f5c3-0bc3-41f3-8144-a26cd36b8f3f,4808435908,",Internal Medicine,",Northwest,2025-03-31 06:47:40.376222+00
9908dfe8-3a43-4f9d-aee7-b6331be74afd,1434789958,",Obstetrics & Gynecology,",Northwest,2025-03-31 06:47:40.403793+00
9913e393-0a29-48d3-bf56-18520c3ae134,8630109212,",Obstetrics & Gynecology,",West,2025-03-31 06:47:40.382737+00
991bee3e-9b40-45bf-92b4-d14edeaa2a7e,8519520013,",Pulmonology,",West,2025-03-31 06:47:40.401835+00
991c3610-76c3-4d7b-801d-81c4f10fc4e3,6824279423,",Internal Medicine,",Northeast,2025-03-31 06:47:40.380557+00
991c4ad4-d0b9-427c-9154-7a294b9ff91a,4592024753,",Nephrology,",South,2025-03-31 06:47:40.402336+00
99218cc3-ea9c-49bc-b896-f85ea56d21ec,9886665402,",Orthopedic Surgery,",West,2025-03-31 06:47:40.390918+00
99244c60-adfc-442a-9629-184d3ed57ae5,3830223897,",Orthopedic Surgery,",West,2025-03-31 06:47:40.392137+00
992942f5-4506-4ed8-bba3-10414485ddc4,5030141398,",Internal Medicine,",South,2025-03-31 06:47:40.37781+00
992d67f6-3f90-4697-81e1-cf4f6bd7b720,5055252365,",Gastroenterology,",Midwest,2025-03-31 06:47:40.400175+00
99397b82-fd33-43d7-919a-f2e53635e11e,4865400497,",Radiology,",West,2025-03-31 06:47:40.395259+00
9941bad8-9e7a-4e39-991e-f920b167ed7f,6545719354,",Psychiatry,",West,2025-03-31 06:47:40.385947+00
994898e9-9eec-478d-9748-5a8a3e92e872,4698889914,",Oncology,",Northwest,2025-03-31 06:47:40.402753+00
99507eba-8ad2-4755-9a83-f99be982d3af,9071954394,",Pulmonology,",Northwest,2025-03-31 06:47:40.401732+00
99566a5b-8b14-4c3b-a68f-d3f88167df7f,5784085368,",Internal Medicine,",Northwest,2025-03-31 06:47:40.378004+00
995ad36f-95af-4ee7-84b1-2ec18657b280,4628148344,",Anesthesiology,",Midwest,2025-03-31 06:47:40.397553+00
996265ca-2ec1-40cf-aec3-135caddd6aef,8599114706,",General Surgery,",West,2025-03-31 06:47:40.387471+00
996daada-8666-484f-8ce3-256a73893f3a,6403662430,",Internal Medicine,",Northwest,2025-03-31 06:47:40.378712+00
9974449c-3e78-4ae6-aa2a-75f92b880877,9690928514,",General Surgery,",South,2025-03-31 06:47:40.388211+00
997ba3c7-78f7-4450-addc-a279f9a5cf7d,5672887601,",General Surgery,",South,2025-03-31 06:47:40.404734+00
997ebedb-ae6a-4c71-bf0d-a0efc02dd0e0,9674976071,",Anesthesiology,",Northeast,2025-03-31 06:47:40.396942+00
997ed445-9141-4e77-b58a-c9f6c5a071ff,3570886403,",Radiology,",Northeast,2025-03-31 06:47:40.404716+00
997f0cda-6650-496b-bcb8-3955e43ccfcb,7674762075,",Nephrology,",Northwest,2025-03-31 06:47:40.402167+00
998790dc-14aa-4452-8acc-1a3851a2dd07,1685487662,",Gastroenterology,",West,2025-03-31 06:47:40.399388+00
998c57b2-696a-48d6-b31a-7ae7a9bbcb9c,8160659653,",Psychiatry,",South,2025-03-31 06:47:40.385725+00
99b1a576-2495-4bbf-b9ed-7505a2c70ed4,1718221777,",Oncology,",South,2025-03-31 06:47:40.402808+00
99b84535-0d59-4bac-a951-c7952a17f744,5153308001,",Obstetrics & Gynecology,",South,2025-03-31 06:47:40.382148+00
99b95834-51ba-4ce1-8c60-5a07178153d9,5122677238,",Psychiatry,",Midwest,2025-03-31 06:47:40.384938+00
99c0edbc-a0a3-4a82-a6b6-fc68974b1317,6437299062,",Psychiatry,",Northwest,2025-03-31 06:47:40.384915+00
99c2e258-974d-46f0-8815-462d34a57523,4557971799,",Dermatology,",West,2025-03-31 06:47:40.393695+00
99c31df2-d615-402d-bf64-fe088ddf3f9f,2535323606,",Obstetrics & Gynecology,",West,2025-03-31 06:47:40.383749+00
99c81f02-2da9-4f69-95d5-479c51671e9c,5438606305,",Internal Medicine,",Northwest,2025-03-31 06:47:40.376715+00
99ca5106-f1c7-4a76-bc25-6ae8de9178d9,7830091801,",Obstetrics & Gynecology,",Northeast,2025-03-31 06:47:40.383503+00
99cde941-daa0-4225-9704-c5ff1da557fa,5136216089,",Neurology,",Northwest,2025-03-31 06:47:40.398952+00
99dcc5db-90fb-42f8-a595-b234b62de832,7136612617,",Psychiatry,",Northeast,2025-03-31 06:47:40.384894+00
99e3be94-99d4-4836-8043-5596c675d4ed,1940361048,",Obstetrics & Gynecology,",Northwest,2025-03-31 06:47:40.382547+00
99e6dd46-4e41-4877-8d48-e9fac2a09a9d,1581386476,",Gastroenterology,",Midwest,2025-03-31 06:47:40.400255+00
99e971f9-b2ba-49fb-afb9-8d23ee9023c2,6300583620,",Internal Medicine,",Midwest,2025-03-31 06:47:40.378488+00
99f287a8-df1b-40bf-bfb0-5962828490a4,7555544368,",Cardiology,",West,2025-03-31 06:47:40.388698+00
99f409d5-9e09-45cc-b5e1-f1494d08cc5e,3577849657,",Internal Medicine,",West,2025-03-31 06:47:40.376257+00
99fd0a43-839d-402b-8a86-662d0f71549b,6724896431,",Cardiology,",Midwest,2025-03-31 06:47:40.3883+00
99fee10c-63af-4730-bec4-9a8a0a048691,6920013611,",General Surgery,",West,2025-03-31 06:47:40.38788+00
9a014119-2bb9-477d-8aab-87fa3c546c02,1533960292,",Oncology,",Northwest,2025-03-31 06:47:40.402589+00
9a01d95b-2dec-4476-a573-b6f369043346,9590334964,",Cardiology,",West,2025-03-31 06:47:40.389486+00
9a13e189-a522-4322-b8fd-81bd4ddcfd79,8048669615,",Dermatology,",West,2025-03-31 06:47:40.392737+00
9a1da4a7-5418-416e-a834-4cb1a24ae2bd,5867843349,",Cardiology,",Northeast,2025-03-31 06:47:40.388316+00
9a1edc85-7c34-4e54-a5d9-ddfca12a1a2c,3665431815,",Psychiatry,",Northeast,2025-03-31 06:47:40.384888+00
9a23cf7d-d24d-447b-940e-0622a5f26058,7220506171,",Orthopedic Surgery,",Northwest,2025-03-31 06:47:40.391235+00
9a242062-6ac1-40f5-859d-d3aff2a24a3c,4648214314,",General Surgery,",South,2025-03-31 06:47:40.387225+00
9a286ec5-5b86-449e-b1a5-30d97d9f2d56,3932605274,",Internal Medicine,",Northwest,2025-03-31 06:47:40.376321+00
9a2bcdcf-03db-4791-b4d8-67227ae54312,3775261858,",Internal Medicine,",West,2025-03-31 06:47:40.379467+00
9a320e0f-faba-4cd3-baa1-10f738b809c6,2868585155,",Psychiatry,",Northeast,2025-03-31 06:47:40.384579+00
9a385181-6506-423a-bae6-09022e11744d,7242948482,",Radiology,",South,2025-03-31 06:47:40.403142+00
9a44a6f8-c65e-4f5c-ab94-4e4c4af3e980,1712679330,",Internal Medicine,",Midwest,2025-03-31 06:47:40.3782+00
9a4a9ce1-12f4-4318-867c-bf40594a6430,9571759652,",Cardiology,",Northwest,2025-03-31 06:47:40.389515+00
9a513c01-9638-477c-92f6-0fe2f08801c5,8754754706,",Orthopedic Surgery,",West,2025-03-31 06:47:40.391191+00
9a63e06d-3684-4242-a7df-3e4b828cdbb6,9285079136,",Internal Medicine,",West,2025-03-31 06:47:40.379114+00
9a6a597e-d50b-4b17-8f01-b319c7b56ca3,5600888364,",Gastroenterology,",South,2025-03-31 06:47:40.399198+00
9a6e0945-73a5-4cca-83ba-d0db274e8f2a,6684237496,",Internal Medicine,",South,2025-03-31 06:47:40.403275+00
9a6ea2cd-c034-4f07-9141-cc211afd6fa3,5154789593,",Psychiatry,",Northeast,2025-03-31 06:47:40.385833+00
9a744b07-7e2b-4a19-987a-f875c626528a,5963958189,",Gastroenterology,",Midwest,2025-03-31 06:47:40.399562+00
9a7f3553-595b-4928-864c-91a8ef804c50,9854455655,",Gastroenterology,",West,2025-03-31 06:47:40.399849+00
9a889ff5-1022-4fc7-9764-34cf4382ae14,9589910653,",Neurology,",Midwest,2025-03-31 06:47:40.398955+00
9a9679f2-cb91-4c2f-bb9b-95b51f9e9677,9763943705,",Radiology,",South,2025-03-31 06:47:40.395418+00
9a9d2f28-155c-46fd-bda0-72953739d280,1235424997,",Cardiology,",Northwest,2025-03-31 06:47:40.390516+00
9aa1a512-743a-4706-a557-23ec474afb1b,2640621012,",Internal Medicine,",South,2025-03-31 06:47:40.377069+00
9ab4ebda-4560-4180-86f9-8b7b20a0c5bb,6550542528,",Cardiology,",South,2025-03-31 06:47:40.389523+00
9ac0f00c-575f-4d4e-b6e1-a4df116cbce5,2811203723,",Cardiology,",Midwest,2025-03-31 06:47:40.389841+00
9ac60e3c-704c-4b54-9f95-5e01e39fbe5d,6597254951,",Orthopedic Surgery,",Northeast,2025-03-31 06:47:40.392149+00
9ac9d6e4-7de0-4526-aaa2-245ce6ad2304,8363977942,",General Surgery,",Northwest,2025-03-31 06:47:40.403498+00
9aca69a6-16fd-4356-9087-7b7116087563,8762178452,",Internal Medicine,",Northeast,2025-03-31 06:47:40.381586+00
9adaf5c1-bdc9-451c-ac54-0c97887c2b93,1025654544,",Radiology,",South,2025-03-31 06:47:40.403456+00
9ae161fb-68de-4cfa-ace3-a16ea792232a,7832196112,",General Surgery,",Northwest,2025-03-31 06:47:40.403584+00
9ae37318-c93f-415d-8ca5-205701e2364f,3108410196,",Obstetrics & Gynecology,",Northwest,2025-03-31 06:47:40.38352+00
9af5fbc5-07a1-45e9-bbe8-4d5dc9b85924,3678781029,",Psychiatry,",Northeast,2025-03-31 06:47:40.385641+00
9aff3c47-3905-4a4c-8e9d-6f34e57cc622,4197953444,",Obstetrics & Gynecology,",South,2025-03-31 06:47:40.382273+00
9b031ccf-9e52-43d4-97d3-96288af0a128,2958709519,",Gastroenterology,",Midwest,2025-03-31 06:47:40.400161+00
9b10394b-d0e8-416e-9ef5-3705b0ed8b71,2037329488,",Internal Medicine,",Northwest,2025-03-31 06:47:40.381005+00
9b195336-9708-467c-9549-71cd6ffbf051,1164504900,",Orthopedic Surgery,",South,2025-03-31 06:47:40.391848+00
9b19a64c-f11f-4a49-9f48-8c5dc0acf098,6506240251,",Orthopedic Surgery,",West,2025-03-31 06:47:40.391079+00
9b1a421b-c41c-4a90-a387-0c8a749ae456,3891975408,",Psychiatry,",Midwest,2025-03-31 06:47:40.385438+00
9b1b1e18-462d-4e1c-8538-7849a71e6d89,6580815214,",Neurology,",Midwest,2025-03-31 06:47:40.397842+00
9b2483f3-7709-40ea-b602-51364c877bab,6850226371,",Cardiology,",South,2025-03-31 06:47:40.388686+00
9b29c593-d2c1-41aa-a8b1-bd51e7b59ba5,5184340004,",Neurology,",Northwest,2025-03-31 06:47:40.398458+00
9b3283a3-572f-465f-9afc-962d86035d0e,9922764539,",Orthopedic Surgery,",Northeast,2025-03-31 06:47:40.391539+00
9b452b72-f9af-4a96-a6f5-0d1c83502526,6419781676,",Radiology,",South,2025-03-31 06:47:40.395207+00
9b47385b-5d5e-471f-aef8-ed6aec1a499e,7705245961,",Internal Medicine,",West,2025-03-31 06:47:40.378068+00
9b505e7f-e0bb-4715-b3b4-cb0e1a1f4f61,7732671016,",Oncology,",Midwest,2025-03-31 06:47:40.402978+00
9b547f2d-689d-4649-9ffc-9da0c08b6577,1869118377,",General Surgery,",Northeast,2025-03-31 06:47:40.387609+00
9b61a49f-c8dd-47af-bd66-ec395e9dac55,2487932139,",Anesthesiology,",West,2025-03-31 06:47:40.396933+00
9b68e2b9-86b7-4d83-a3d1-2e2b2d331ccc,5783697186,",Oncology,",South,2025-03-31 06:47:40.40293+00
9b6de82d-7513-4cbd-af62-25df94d6d833,2410559481,",Psychiatry,",Northwest,2025-03-31 06:47:40.385629+00
9b726cef-6c80-4bd3-8a44-a85ddf9583f2,2486987454,",Orthopedic Surgery,",Midwest,2025-03-31 06:47:40.39069+00
9b84fc6a-50c9-4721-9aa6-bb34ed9a12dd,6718390868,",Internal Medicine,",Midwest,2025-03-31 06:47:40.378988+00
9b895918-6024-4dd7-a52f-d123b3e3274b,5990908057,",General Surgery,",Northeast,2025-03-31 06:47:40.386895+00
9b8af2bc-a309-4d8a-8838-49be0cd902a5,8273697028,",Internal Medicine,",West,2025-03-31 06:47:40.377771+00
9b91ba4b-c27b-4aea-b427-2d72c9addb88,5448157321,",Dermatology,",Northwest,2025-03-31 06:47:40.393582+00
9b922ca6-98f5-4389-ae95-793342e12660,3297826376,",Pulmonology,",Midwest,2025-03-31 06:47:40.401462+00
9b9557e3-b086-40e3-b2a3-196c7ec76498,7151512333,",Psychiatry,",South,2025-03-31 06:47:40.383943+00
9b9a3a65-8a29-4226-ab6f-200594547a4e,7020861405,",Dermatology,",West,2025-03-31 06:47:40.394092+00
9ba382c3-dba9-4508-b731-d70dc9d4fe3c,8252410873,",Internal Medicine,",Northwest,2025-03-31 06:47:40.377923+00
9baed857-14d8-42c3-b437-56d7ea147db5,5028537863,",Obstetrics & Gynecology,",West,2025-03-31 06:47:40.382073+00
9bba7c1a-0f6f-4689-aac1-fffedd6dd1da,8406158052,",Cardiology,",Northwest,2025-03-31 06:47:40.388481+00
9bc1e32f-af4d-43f4-b0db-d2b32f756381,9775430744,",Internal Medicine,",South,2025-03-31 06:47:40.377118+00
9bc3b970-99e7-4d96-8cf6-063923c9a589,6164858171,",Orthopedic Surgery,",Northwest,2025-03-31 06:47:40.392163+00
9bc60bb4-7a5c-4a57-ac97-84736d104253,2899877710,",Internal Medicine,",Northwest,2025-03-31 06:47:40.378455+00
9bcbd5de-29a2-4540-8b54-7aa04428330d,8498394235,",Oncology,",South,2025-03-31 06:47:40.402575+00
9bcdbe28-0720-4f73-ab1a-7b507755e8e9,1577832961,",Internal Medicine,",Northwest,2025-03-31 06:47:40.376079+00
9bdc9716-fcb1-4bd3-a387-a19e9a7cc900,8048515503,",Cardiology,",Northwest,2025-03-31 06:47:40.388843+00
9be050b9-b11c-49b1-a897-2d564cf9c22c,7462554807,",Anesthesiology,",Northeast,2025-03-31 06:47:40.403361+00
9be4637b-1ff6-4de2-a512-38ec36947892,6888307317,",Internal Medicine,",South,2025-03-31 06:47:40.379449+00
9be78234-9a2f-4f8e-ae56-290aa27c21e5,6646604164,",Internal Medicine,",Midwest,2025-03-31 06:47:40.378347+00
9be8be3c-329a-402b-89a6-bfceba131bbd,2755566880,",Cardiology,",West,2025-03-31 06:47:40.389461+00
9bebb790-138d-4573-b7bd-1aea9fa4fa24,4831835335,",Radiology,",Midwest,2025-03-31 06:47:40.403978+00
9befd60c-3d94-4028-b4d6-f90c235ffc44,4422866795,",Internal Medicine,",Northwest,2025-03-31 06:47:40.381271+00
9bf29e62-9320-427c-a9a6-f7c211d65d76,8691086851,",Internal Medicine,",Northeast,2025-03-31 06:47:40.380707+00
9bf49679-0163-4ef2-a426-bd8ec4a789ac,5718653551,",General Surgery,",Midwest,2025-03-31 06:47:40.387926+00
9bf86cf2-9277-4d69-a459-93c88c7379ba,3987868955,",Obstetrics & Gynecology,",Northeast,2025-03-31 06:47:40.383608+00
9bf9cebc-41d4-4c7b-a563-2d5509cc6862,4259889309,",Psychiatry,",Northwest,2025-03-31 06:47:40.385267+00
9bfbe343-75f5-44eb-8ad3-18a1bb5787ea,4007236112,",Dermatology,",South,2025-03-31 06:47:40.392774+00
9c0bc68f-b842-4f0b-940f-236494d0757e,5319351526,",Anesthesiology,",Northeast,2025-03-31 06:47:40.396519+00
9c1167b6-4dd5-4198-b74c-4a68cc46fe89,2565349984,",Dermatology,",Northwest,2025-03-31 06:47:40.393562+00
9c127de6-c055-459b-b91b-2ed0a0d6a997,4252189368,",Psychiatry,",South,2025-03-31 06:47:40.385609+00
9c16f68b-0554-44d4-a794-4054337f3ad8,5004745577,",Internal Medicine,",Northeast,2025-03-31 06:47:40.379925+00
9c1b4989-19eb-4a86-8db2-29d74d515ae3,7847629171,",General Surgery,",West,2025-03-31 06:47:40.387114+00
9c263d4a-272a-4dde-a5c4-35fc6991ecf4,5259284787,",Anesthesiology,",South,2025-03-31 06:47:40.396167+00
9c2df67c-e9e9-4fe3-9fce-ccf6fa30a14d,5233285484,",Cardiology,",Northeast,2025-03-31 06:47:40.390151+00
9c39fbdb-ca67-4a29-8f9b-c0c2aca874f6,3849107307,",Radiology,",South,2025-03-31 06:47:40.395509+00
9c3bebf3-ecfe-458d-9197-cb3147ef4dae,9987317027,",Dermatology,",South,2025-03-31 06:47:40.393635+00
9c4464d1-cd02-4790-b0e9-b0266b08889f,5757795568,",Gastroenterology,",South,2025-03-31 06:47:40.400061+00
9c5c8336-fa1f-4520-8cce-b1d28d6dfc24,3264596088,",Obstetrics & Gynecology,",Northwest,2025-03-31 06:47:40.381837+00
9c65c9bb-cb65-4406-815e-2c70b032c06b,3822523268,",Anesthesiology,",West,2025-03-31 06:47:40.397527+00
9c6f12ee-9c69-4334-a8fd-b7b176f345bb,3358033877,",Internal Medicine,",Northeast,2025-03-31 06:47:40.376343+00
9c6ffe59-18f2-4d9f-bfce-e9ef94dd5d3e,4477723644,",Orthopedic Surgery,",Midwest,2025-03-31 06:47:40.39145+00
9c70a44a-f42e-4062-bbd9-ca60071d180d,9197434797,",Pulmonology,",Midwest,2025-03-31 06:47:40.401136+00
9c79a70e-7d31-4425-a9a1-ebdeca6cc5fc,7768282614,",General Surgery,",South,2025-03-31 06:47:40.386184+00
9c7dc459-f4db-4c8d-9796-e96b7acc8d20,7729621392,",Obstetrics & Gynecology,",Midwest,2025-03-31 06:47:40.381794+00
9c85f472-d993-4d52-b59c-54079dea601a,6958816903,",General Surgery,",Midwest,2025-03-31 06:47:40.386207+00
9c8ee357-ac14-4411-9782-5c52828ee3dd,7804569428,",General Surgery,",Northwest,2025-03-31 06:47:40.38813+00
9c92b16e-23b9-4d64-8eac-db2f6dc158f0,5945423597,",Cardiology,",West,2025-03-31 06:47:40.389982+00
9ca09567-b841-4439-b5ef-68c46bd1749c,5411449517,",Anesthesiology,",Northeast,2025-03-31 06:47:40.397726+00
9caab926-cc73-4861-afdb-c4386d495483,4346167815,",Internal Medicine,",Midwest,2025-03-31 06:47:40.376758+00
9cb2ad75-f0b9-4fc1-b367-b47f49b1892b,2503488281,",Anesthesiology,",West,2025-03-31 06:47:40.397276+00
9cb82886-37a2-4615-aad1-01721f30afa0,6497047396,",General Surgery,",Northeast,2025-03-31 06:47:40.387011+00
9cc0c468-e8b3-4c2c-aa1c-9298a85235e7,8138554840,",Obstetrics & Gynecology,",West,2025-03-31 06:47:40.383854+00
9cc4341c-d30e-415c-95a8-c9798b3d5c37,2283621339,",Psychiatry,",West,2025-03-31 06:47:40.385921+00
9cc4c9db-6fe5-4d69-9e37-211fdd5fa53f,3714274742,",Cardiology,",South,2025-03-31 06:47:40.389785+00
9cce9f1c-f558-40d4-9b6f-67ca2ff6f272,4970844722,",Internal Medicine,",Northeast,2025-03-31 06:47:40.37685+00
9ccec624-471c-44e3-8c6d-a26a78e8d8c1,7720493848,",Neurology,",Northwest,2025-03-31 06:47:40.39821+00
9cd76672-93eb-4b5e-b2c3-93e57a97a4cf,6668836399,",General Surgery,",South,2025-03-31 06:47:40.386518+00
9cd91546-6754-4798-ab74-c01f9b9dfbf7,7065301357,",Obstetrics & Gynecology,",Midwest,2025-03-31 06:47:40.383828+00
9cda7c39-6513-411e-ad3c-1d85a2109022,8183601465,",Psychiatry,",Midwest,2025-03-31 06:47:40.385323+00
9ced7abe-19d5-41b2-98d1-d1bc26fabddd,5027953302,",Psychiatry,",West,2025-03-31 06:47:40.384616+00
9cf00221-d9e3-4854-9981-80b1479910aa,7449419828,",Oncology,",Northwest,2025-03-31 06:47:40.403053+00
9d02ebd6-cd0e-45e5-9e5e-db8f87bca08d,9621955738,",Psychiatry,",Northeast,2025-03-31 06:47:40.38546+00
9d063142-0751-499c-b4bd-1f50aa78f720,8169650458,",Radiology,",West,2025-03-31 06:47:40.394926+00
9d0968c0-64c7-4f30-a3e6-9ba934d1decd,9598488806,",Radiology,",Midwest,2025-03-31 06:47:40.395564+00
9d13bffc-3afd-4fd2-99f6-2806a2abea25,2075630145,",General Surgery,",Midwest,2025-03-31 06:47:40.386909+00
9d3b9ef2-d8cc-4584-875d-f9bfd49c923d,1210267569,",Pulmonology,",South,2025-03-31 06:47:40.401951+00
9d3bf6fa-8974-43b9-be67-e837dbf8386a,8685741425,",Neurology,",Midwest,2025-03-31 06:47:40.398497+00
9d472f38-3e92-4385-b9cf-b2c6e416dcd3,4142785774,",Anesthesiology,",Northeast,2025-03-31 06:47:40.396647+00
9d59f915-54b8-454f-a584-f0f322dd994d,1822448717,",Dermatology,",Northwest,2025-03-31 06:47:40.39284+00
9d60faac-9bab-4584-8212-006650721c97,2268801573,",Radiology,",Midwest,2025-03-31 06:47:40.395576+00
9d628d1e-0881-4776-90f9-b1417eb704fa,7012023265,",Cardiology,",Northwest,2025-03-31 06:47:40.390228+00
9d714aec-b0df-4edb-8201-d90bd2848b2a,6866084895,",Gastroenterology,",Northwest,2025-03-31 06:47:40.400258+00
9d77d30d-347e-4ed9-8a9b-e74b03ce9f78,7819342500,",Anesthesiology,",West,2025-03-31 06:47:40.397127+00
9d9a98a8-9c40-431b-a0ef-5cbdebc713ff,2123999583,",Gastroenterology,",South,2025-03-31 06:47:40.399256+00
9da4c2aa-c20e-46ad-95b9-bfef299034b6,4503475621,",Obstetrics & Gynecology,",Northeast,2025-03-31 06:47:40.382384+00
9daeb69a-4a43-4578-9a2c-3128bf9a80aa,3465196171,",Gastroenterology,",South,2025-03-31 06:47:40.399978+00
9db09f7a-06d1-4641-88d7-57f463f88877,7139225080,",Internal Medicine,",South,2025-03-31 06:47:40.376958+00
9dc44770-d6f0-4cf7-a0ed-9109eede55d6,3367458325,",Neurology,",Midwest,2025-03-31 06:47:40.397946+00
9dcfaa14-b4cd-4f83-baac-ef62ded553e1,8711972980,",Internal Medicine,",Northwest,2025-03-31 06:47:40.376743+00
9dda309b-9a54-4629-92cd-b41ffad6669c,3525447553,",Psychiatry,",Northeast,2025-03-31 06:47:40.385488+00
9de0052a-e0f7-490f-8eef-fa6cce483924,3197917027,",Gastroenterology,",South,2025-03-31 06:47:40.399131+00
9de95888-743b-44d5-8449-9f7a22cb16eb,9731142958,",Gastroenterology,",Northwest,2025-03-31 06:47:40.399603+00
9dea1daf-f9a0-4c0c-b0e0-7f8803577677,6023278193,",Dermatology,",Northeast,2025-03-31 06:47:40.393825+00
9dee4d2b-2ee0-4efb-b18d-6777c73bcb29,4167214638,",Radiology,",Midwest,2025-03-31 06:47:40.395332+00
9dee9566-7476-489f-8e34-0b6381949907,1559455732,",Urology,",Midwest,2025-03-31 06:47:40.400772+00
9df08b17-8973-4ca6-aa5a-6d71fd504384,8951743710,",Internal Medicine,",Midwest,2025-03-31 06:47:40.377516+00
9df77d73-ef9f-48b4-9679-00e0c2400b13,2580765539,",Neurology,",Northwest,2025-03-31 06:47:40.398105+00
9df892c0-ac23-4b5d-93c8-cba175d9a632,2472958632,",General Surgery,",West,2025-03-31 06:47:40.387031+00
9e01afc6-83ac-440d-9b93-5326e44953c8,7474982778,",Radiology,",South,2025-03-31 06:47:40.394939+00
9e03b82f-b197-4dcc-a65f-3bea562d4678,2508913731,",Radiology,",Midwest,2025-03-31 06:47:40.394817+00
9e0d7153-5438-4e9f-bee5-d9b73f577ca5,9073806550,",Obstetrics & Gynecology,",Northeast,2025-03-31 06:47:40.38198+00
9e0f0b51-7eb3-4d06-959c-7cf0155d64e6,8315450978,",Anesthesiology,",Midwest,2025-03-31 06:47:40.40468+00
9e19ca7c-fc39-40fd-85c3-7cad1a5c2f28,2119731304,",Anesthesiology,",Midwest,2025-03-31 06:47:40.397379+00
9e209ae6-78aa-4e91-85f4-5920bd61e858,1539342030,",Dermatology,",Northwest,2025-03-31 06:47:40.393594+00
9e21cbe7-0c57-4bb1-9dc9-2018facad391,5431104889,",General Surgery,",Midwest,2025-03-31 06:47:40.388022+00
9e233b9d-5eb8-40b4-b385-b8040e5a6457,2742972475,",Neurology,",West,2025-03-31 06:47:40.398435+00
9e244754-4f7f-472d-9e9e-ec2fd1f2f595,1072988536,",Internal Medicine,",South,2025-03-31 06:47:40.380588+00
9e281292-5057-4a25-8f0d-b93b110f535c,3801651442,",Anesthesiology,",West,2025-03-31 06:47:40.397305+00
9e37b66c-a5cc-48ac-92f3-5b10f0c9d9c7,6504290428,",General Surgery,",Northwest,2025-03-31 06:47:40.386915+00
9e4e16d8-7d6a-42a5-8f6b-048d41efb9f3,7428986695,",Neurology,",Northeast,2025-03-31 06:47:40.398294+00
9e53f58c-c70a-4c70-90a3-3a324a4c1a93,4482719690,",Cardiology,",South,2025-03-31 06:47:40.38966+00
9e583f4f-3ddb-4007-89cc-72151875173c,4551266859,",Internal Medicine,",West,2025-03-31 06:47:40.381506+00
9e6c2fd8-319a-4ee9-8e5e-4cacb635cb9c,7221487493,",Orthopedic Surgery,",Midwest,2025-03-31 06:47:40.391476+00
9e77f34a-0e15-44d0-a24d-4da52ac384a2,1688822679,",Gastroenterology,",Midwest,2025-03-31 06:47:40.399585+00
9e7dca60-90a8-4f5c-aa9a-8a836bdfac45,9106599393,",Obstetrics & Gynecology,",West,2025-03-31 06:47:40.382532+00
9e7fbf18-ce01-4862-a535-c4317693d36c,1365399243,",Internal Medicine,",Midwest,2025-03-31 06:47:40.380444+00
9e86f1e6-1a44-40d1-a5ef-a0e9a064fc0e,4327734952,",Orthopedic Surgery,",Northwest,2025-03-31 06:47:40.391988+00
9e90f1cc-a3b5-48ce-9797-80585f75f889,4944633296,",Psychiatry,",West,2025-03-31 06:47:40.385739+00
9e935a88-255b-4287-bbcd-4834ab0c5aa1,9150428618,",General Surgery,",Northwest,2025-03-31 06:47:40.38637+00
9e9e8808-4c93-4489-94f5-b8c10832d128,2716960962,",Internal Medicine,",Midwest,2025-03-31 06:47:40.377876+00
9ea0b861-95c6-4b67-8887-864eb5bdefb2,7942867667,",Gastroenterology,",West,2025-03-31 06:47:40.399113+00
9eb0b3a1-df25-4d61-9257-70b6416f9b4b,4170874367,",Obstetrics & Gynecology,",South,2025-03-31 06:47:40.382276+00
9eb30b18-b476-480e-9672-d51671dc1a9d,9674633671,",Internal Medicine,",West,2025-03-31 06:47:40.379684+00
9eb862ba-1f6d-4d98-8ac1-ee82d3ae3c4b,2419554798,",General Surgery,",Northeast,2025-03-31 06:47:40.387205+00
9ebf212e-a03e-43e5-9281-e4a6a55ab64e,8376437743,",Internal Medicine,",Northeast,2025-03-31 06:47:40.381068+00
9ecc3bb2-6b7b-47cf-b5bb-1012369034c0,9479131526,",Cardiology,",Northeast,2025-03-31 06:47:40.404494+00
9ed0512d-22e9-4d5a-8234-1cdeaa2ca187,1508316744,",Obstetrics & Gynecology,",West,2025-03-31 06:47:40.382064+00
9ed76131-2467-4496-a4b1-6a26188f7df9,5741639394,",Internal Medicine,",West,2025-03-31 06:47:40.380188+00
9ee033e2-0355-4efb-ba29-4b5a93e59e12,6505496098,",Internal Medicine,",South,2025-03-31 06:47:40.378251+00
9ef0feea-466b-4117-b494-ea2d37678d33,5705797160,",Internal Medicine,",Northeast,2025-03-31 06:47:40.377425+00
9efc6853-f840-4b7c-83e4-53c09d3dc3d7,4816551321,",Urology,",South,2025-03-31 06:47:40.400999+00
9f0901cf-e344-466f-bfc3-ff1f55e73e3f,2125486248,",Radiology,",Northeast,2025-03-31 06:47:40.39552+00
9f14d503-381d-4367-a206-408c3a79d6a2,5449634185,",Psychiatry,",Northwest,2025-03-31 06:47:40.38429+00
9f153e03-0fa8-4fde-b85e-ae8ed679d381,4870869039,",Psychiatry,",West,2025-03-31 06:47:40.384843+00
9f17b2f6-b75f-401a-acd2-3ff629d381d8,3815792539,",Orthopedic Surgery,",Northeast,2025-03-31 06:47:40.39077+00
9f18ab07-462d-4511-81ae-7539d0b1a9d0,7731318726,",Nephrology,",South,2025-03-31 06:47:40.402279+00
9f1987cb-20c3-4e45-a8f6-9b11f6fcae07,8561028977,",Gastroenterology,",Northeast,2025-03-31 06:47:40.399832+00
9f1c82d6-f36a-4157-bd3b-8cf974e89d82,6406016314,",Internal Medicine,",West,2025-03-31 06:47:40.379578+00
9f1f7d52-fbf8-4819-99ce-bd72d79ad6fa,8776668695,",Internal Medicine,",West,2025-03-31 06:47:40.38145+00
9f2847a0-0f19-4f4b-8e8f-297577f7da9d,1294298383,",Internal Medicine,",Northwest,2025-03-31 06:47:40.376378+00
9f29f989-c472-499d-9a19-b7dde55c6237,7254211279,",Radiology,",Northwest,2025-03-31 06:47:40.394706+00
9f399b9a-069d-43f9-b721-581b60c7e165,4414819666,",Orthopedic Surgery,",Northeast,2025-03-31 06:47:40.391979+00
9f41769a-ca1a-4e5e-8434-47411edcbe89,2415202648,",Internal Medicine,",South,2025-03-31 06:47:40.404332+00
9f4300c1-6e84-4185-af11-0b716b3e752c,2586927501,",Orthopedic Surgery,",Northwest,2025-03-31 06:47:40.392208+00
9f4409e6-74fe-46aa-9471-a416322b8fb2,2396665016,",Neurology,",South,2025-03-31 06:47:40.4039+00
9f504e07-fafe-4e79-9009-37bf0ad0d032,9676420047,",Cardiology,",West,2025-03-31 06:47:40.38948+00
9f55eadc-74a5-412a-a05a-dbbb18d7369f,1673554507,",Internal Medicine,",Northwest,2025-03-31 06:47:40.380875+00
9f60992e-46dc-4f5d-81ee-0af35837b150,9780595622,",Gastroenterology,",Northeast,2025-03-31 06:47:40.399463+00
9f63779e-720c-42a5-890a-0bbc27b540fc,6058963940,",Psychiatry,",West,2025-03-31 06:47:40.383952+00
9f646408-ca80-44de-be8f-1fe580abb56f,9394060469,",Radiology,",West,2025-03-31 06:47:40.394497+00
9f674a95-4293-46fb-a732-da4f83ef7602,9187492828,",General Surgery,",Northeast,2025-03-31 06:47:40.386872+00
9f69ba62-92dd-4664-ae0a-9e8269dcb332,9619594002,",Internal Medicine,",Northwest,2025-03-31 06:47:40.38107+00
9f6ac4b7-0a5a-4a27-93b1-5e146623306d,4236956651,",Nephrology,",Northwest,2025-03-31 06:47:40.402421+00
9f70b910-70b4-4cd4-9cd7-a815548b9fc1,3753772144,",Gastroenterology,",South,2025-03-31 06:47:40.399646+00
9f789700-a219-401c-8e79-c032b3423030,9484412553,",Internal Medicine,",Midwest,2025-03-31 06:47:40.377434+00
9f95ab39-b8b4-4a53-a37f-b1d331a832f9,6125053674,",Cardiology,",West,2025-03-31 06:47:40.390365+00
9f95cfdf-94ce-4923-b83c-a3b93f68ba11,1545564579,",Neurology,",West,2025-03-31 06:47:40.398788+00
9f9b2dc1-a92d-4b21-86f1-2b468ad086bf,7212098679,",Orthopedic Surgery,",West,2025-03-31 06:47:40.391212+00
9f9b3709-4ca9-487f-a5fb-4eb665add128,4898440913,",Orthopedic Surgery,",Northeast,2025-03-31 06:47:40.392477+00
9fa795ab-329d-47cd-8675-ce57008db11a,5212215237,",Urology,",South,2025-03-31 06:47:40.400688+00
9fa9194c-84a5-47a7-bc7f-007bc68d9ef5,2670961883,",Anesthesiology,",South,2025-03-31 06:47:40.397311+00
9fb292da-1eaa-4a1f-8afa-f10c4479e673,7332377394,",Obstetrics & Gynecology,",South,2025-03-31 06:47:40.382905+00
9fbccd68-bfc1-4c09-b30b-f8fedb4857c8,2161310483,",Gastroenterology,",Northwest,2025-03-31 06:47:40.40022+00
9fc77cf1-eea7-4c5c-b5bb-683a447b2b9d,9300417166,",Obstetrics & Gynecology,",Northwest,2025-03-31 06:47:40.381943+00
9fdc16d9-7fd9-44d8-a6be-c734182258da,9586560432,",Oncology,",West,2025-03-31 06:47:40.404338+00
9fdc853a-0f58-438e-b176-4eb0500aea0b,3026902833,",Nephrology,",South,2025-03-31 06:47:40.402303+00
9fdebc32-f8cf-447e-a5c5-849e0666b90a,1524498170,",Urology,",Northeast,2025-03-31 06:47:40.401045+00
9fe2588f-9204-4e70-afe0-d4e9c2d6b68d,2451382980,",Dermatology,",Midwest,2025-03-31 06:47:40.393591+00
9fe4fc44-46e5-47db-8074-0c34d625db8f,4853761377,",Pulmonology,",Northwest,2025-03-31 06:47:40.401546+00
9feda2e2-c31b-4abd-a6cc-33c411e1e8c8,7914775523,",Psychiatry,",Northeast,2025-03-31 06:47:40.385959+00
9ff78f6f-0884-4996-b775-2b21221763d4,5143887154,",Psychiatry,",South,2025-03-31 06:47:40.384673+00
a002f87e-b19c-453e-b14c-871042c70263,9415867828,",General Surgery,",Northeast,2025-03-31 06:47:40.386827+00
a00d5b72-cd0b-4bc4-840c-70a9d35804fb,3754035650,",Cardiology,",Midwest,2025-03-31 06:47:40.390108+00
a01fc61c-104a-4ab5-8d57-7fbbfd2f7602,3015768436,",Obstetrics & Gynecology,",Northwest,2025-03-31 06:47:40.382403+00
a021913c-5002-465d-b1ef-afceed157a31,5084363944,",Cardiology,",Midwest,2025-03-31 06:47:40.388609+00
a021be81-2bd5-4642-baf6-230fd943375b,1653465584,",Obstetrics & Gynecology,",Northwest,2025-03-31 06:47:40.383837+00
a024e343-9035-4da7-9df7-4924cfb3075c,9870686423,",Internal Medicine,",Northwest,2025-03-31 06:47:40.378398+00
a026132a-73a5-4c92-87c0-13d5757e35ff,2686613837,",Psychiatry,",South,2025-03-31 06:47:40.385196+00
a029fe17-33c1-4f4b-9ef8-c1bb500088ee,5653344616,",Psychiatry,",West,2025-03-31 06:47:40.385894+00
a02a708e-e975-425a-9231-b10dd302251b,8854081847,",Orthopedic Surgery,",Northeast,2025-03-31 06:47:40.391622+00
a032369a-d9be-4389-a87c-cf321f4bed98,8153672398,",Cardiology,",West,2025-03-31 06:47:40.388325+00
a033060d-3f15-4b0f-9149-8db96ae3a87c,3770266378,",Gastroenterology,",West,2025-03-31 06:47:40.399863+00
a039b43b-eb14-45a1-9e91-a31fc40e14f8,5715762809,",Anesthesiology,",Northwest,2025-03-31 06:47:40.39654+00
a03a4cf5-6365-4e9f-bbe6-df3468f6a01f,3009677726,",Radiology,",Northwest,2025-03-31 06:47:40.394511+00
a03aa6ac-0da1-4570-82c0-78f345c1138d,5917873061,",Anesthesiology,",Northeast,2025-03-31 06:47:40.396809+00
a03afb10-683b-4a7e-9f65-e7ef41fc2225,4163972714,",General Surgery,",Midwest,2025-03-31 06:47:40.387788+00
a042b181-d9f9-41ed-b338-190f2d57510b,3462672337,",Internal Medicine,",Northeast,2025-03-31 06:47:40.376315+00
a042cb84-e8c5-439f-b396-659b5d6ee011,4283833451,",Internal Medicine,",West,2025-03-31 06:47:40.378665+00
a04b33e0-1afd-400c-a5c5-194342aabfe4,8495091946,",Cardiology,",South,2025-03-31 06:47:40.388492+00
a04c0efe-3a0a-4f07-af78-12536b4848e9,6432708817,",Internal Medicine,",Northwest,2025-03-31 06:47:40.377258+00
a04daacb-613b-4f17-88f7-5a43ac8a4497,7135682686,",Pulmonology,",Northeast,2025-03-31 06:47:40.401954+00
a04e58ee-f48a-4b00-9621-4d46e19e7be2,5461085968,",Internal Medicine,",Northeast,2025-03-31 06:47:40.380185+00
a05a0d2f-6758-4069-8251-2d20cc607e32,5501100827,",Internal Medicine,",Northwest,2025-03-31 06:47:40.378994+00
a060c6f0-dc50-44ac-8cf1-662253a20883,8824220034,",Orthopedic Surgery,",Northeast,2025-03-31 06:47:40.392033+00
a06c65b1-76e7-4c40-9c55-1970ec0c87d5,1845360323,",Cardiology,",Northeast,2025-03-31 06:47:40.403283+00
a070eb6d-80a9-4839-95b1-bd919fb2231a,1712727648,",Internal Medicine,",Midwest,2025-03-31 06:47:40.379904+00
a075d333-4591-48ff-8a4c-8a2d9f460b92,9460827594,",Neurology,",West,2025-03-31 06:47:40.398862+00
a078b9c9-483a-4616-8bef-db37f50416bb,2847472162,",Cardiology,",South,2025-03-31 06:47:40.390542+00
a07a38d4-64a7-4cea-935d-dd048de28acf,7912252727,",Radiology,",South,2025-03-31 06:47:40.394266+00
a07e74a8-d47e-4453-812a-fec126bdc434,6761640993,",Cardiology,",Northeast,2025-03-31 06:47:40.389941+00
a080683f-cc81-4331-acc3-f7240788a04a,9694287528,",Orthopedic Surgery,",West,2025-03-31 06:47:40.392273+00
a08427d9-cd19-48fe-9dfb-25ea519812fd,5792493285,",Nephrology,",West,2025-03-31 06:47:40.402424+00
a08bc373-0d44-4dd0-9b66-739c99d8266d,7357301772,",Radiology,",South,2025-03-31 06:47:40.395835+00
a08f7b4e-e7f9-4bdb-8e5d-edfc405d08f9,9368321375,",Cardiology,",Northwest,2025-03-31 06:47:40.38841+00
a09b0890-0eaf-4aba-bde9-38250b167165,7158931342,",Dermatology,",Midwest,2025-03-31 06:47:40.393901+00
a09f11f8-91a9-439c-a405-d2dda36b8f40,4943401571,",Cardiology,",South,2025-03-31 06:47:40.389438+00
a0a1bd14-5d19-4756-b693-b1cd5cf89f0e,3332510042,",Internal Medicine,",Midwest,2025-03-31 06:47:40.377043+00
a0a73a24-8d31-4a99-82d2-7baf86ccd28b,7393710416,",Pulmonology,",South,2025-03-31 06:47:40.401291+00
a0aad178-0b39-4d24-9484-f553841f46b1,9156668296,",Orthopedic Surgery,",West,2025-03-31 06:47:40.391786+00
a0c1ec42-b822-4608-bc75-cad4c1abb2d7,4980370594,",Psychiatry,",South,2025-03-31 06:47:40.385383+00
a0c65e77-45a5-4c29-b249-e10f9bc10b3e,3266941706,",Anesthesiology,",Northwest,2025-03-31 06:47:40.397262+00
a0c908a4-4f57-4895-980a-5dcc03c57796,8034990512,",Psychiatry,",Northeast,2025-03-31 06:47:40.385618+00
a0dc21aa-553c-4c0f-92d3-255a9b3e5f9a,9037064785,",Gastroenterology,",Northwest,2025-03-31 06:47:40.399702+00
a0dd8a8d-721d-4a9d-8100-2b98fea5c793,3158007539,",Anesthesiology,",Northeast,2025-03-31 06:47:40.396422+00
a0e2df0f-487e-4f86-ac0b-e4873c126485,4320101091,",Obstetrics & Gynecology,",Northeast,2025-03-31 06:47:40.383509+00
a0ee42e4-03bd-4432-ab94-820e42780460,3033559972,",Dermatology,",Northwest,2025-03-31 06:47:40.393156+00
a101f051-2147-44a3-9095-8de3eecbae35,1276260166,",Obstetrics & Gynecology,",Northwest,2025-03-31 06:47:40.382967+00
a108a816-81f3-44f5-9c6c-7cc8295f2eb3,2515400302,",Internal Medicine,",Midwest,2025-03-31 06:47:40.377445+00
a10b99ef-1813-4dea-92e2-24fc4d462613,6354063578,",Radiology,",South,2025-03-31 06:47:40.394255+00
a1173f4b-28be-42b3-969f-39cbf3adbf87,5294164727,",Pulmonology,",Northeast,2025-03-31 06:47:40.401098+00
a122d148-0702-474a-9f97-39494a716c50,7771357114,",Neurology,",Northeast,2025-03-31 06:47:40.398509+00
a1245cf8-0bd6-4ed6-8cd2-2614d6a233fd,9027751687,",Radiology,",Midwest,2025-03-31 06:47:40.394924+00
a126f744-4ed2-4fa5-b3fd-13b47c028a65,8535275942,",General Surgery,",West,2025-03-31 06:47:40.386821+00
a12a739e-4de2-4fd9-98d5-6ee67c7c004a,5403038027,",Cardiology,",Northeast,2025-03-31 06:47:40.388438+00
a12f9e67-3506-4d7f-a585-f0bd1c3c25f2,9973586665,",Internal Medicine,",Northwest,2025-03-31 06:47:40.380646+00
a12fbe5e-7512-416b-9947-fecc5d11c734,5265701362,",Psychiatry,",West,2025-03-31 06:47:40.385236+00
a13a3d4c-7d5e-40f9-a30b-1ddd65e16841,7202459403,",Internal Medicine,",South,2025-03-31 06:47:40.379491+00
a13ad57d-9e75-4077-87da-a4908d709f54,6646445191,",Psychiatry,",South,2025-03-31 06:47:40.384885+00
a14c0092-bd8e-4fd2-b31b-02a28cc9ec1f,1192774393,",Obstetrics & Gynecology,",West,2025-03-31 06:47:40.383475+00
a152483e-fa88-4503-9f90-4c7de3d665c2,2761256963,",Radiology,",South,2025-03-31 06:47:40.394642+00
a1570e28-1771-49a7-b695-34d420e7ea60,3390792967,",Cardiology,",West,2025-03-31 06:47:40.389359+00
a15c68a6-a318-449b-8fb8-525c547282f8,1682419544,",Internal Medicine,",Midwest,2025-03-31 06:47:40.380456+00
a176d957-0694-44ca-8200-5de23b3613ff,5386629373,",Psychiatry,",Northeast,2025-03-31 06:47:40.383969+00
a17a51da-367e-46fc-822b-16b0cd5f4e02,8457816194,",Internal Medicine,",Northwest,2025-03-31 06:47:40.376245+00
a17dd9c9-b861-45e0-9fb7-decae44908bb,7023095493,",Internal Medicine,",West,2025-03-31 06:47:40.381393+00
a19446ba-b467-40d9-947e-e55c59cbe1c6,6139155526,",General Surgery,",Midwest,2025-03-31 06:47:40.387324+00
a1979cca-d82a-49df-b78d-43cb3c26d672,1137222074,",Pulmonology,",Midwest,2025-03-31 06:47:40.401096+00
a199b25e-5a7c-47ed-b7dc-4b1e77f4fb4c,3237146177,",Anesthesiology,",South,2025-03-31 06:47:40.397271+00
a19de67e-5148-4a70-9e57-57f98682e5f5,3265375014,",Radiology,",Northwest,2025-03-31 06:47:40.395378+00
a1ad5914-085e-4a89-b7ef-76dedd6dae64,2266828055,",Internal Medicine,",Northwest,2025-03-31 06:47:40.381197+00
a1b109b8-c78d-4552-9796-661dddf108c1,9342707984,",Anesthesiology,",West,2025-03-31 06:47:40.396+00
a1bb14c4-95aa-4633-921b-ceecc8a8ada3,5819900353,",Obstetrics & Gynecology,",Midwest,2025-03-31 06:47:40.383567+00
a1be2465-ea3f-45f2-9ac1-7aefdf31e702,4467993947,",Neurology,",Northeast,2025-03-31 06:47:40.404203+00
a1c2cd31-91bf-4dbf-b9f9-72bd22c50e04,8901139744,",Gastroenterology,",West,2025-03-31 06:47:40.399975+00
a1c3e09c-ee86-4510-8a87-02b47214dba6,8017461184,",Internal Medicine,",South,2025-03-31 06:47:40.376464+00
a1c6ba0e-85bd-40da-a8b1-2dd9e2eb1980,7733942611,",Internal Medicine,",Northeast,2025-03-31 06:47:40.379587+00
a1cf89ae-3534-48f0-8702-6e3dc29e2b16,5224053969,",Cardiology,",Northwest,2025-03-31 06:47:40.39061+00
a1cf8f49-ee71-450a-8d3e-9ac8d6d0889e,5325893810,",Dermatology,",Midwest,2025-03-31 06:47:40.393565+00
a1da9070-82f3-4d1f-b1bf-483873cd75af,4124520973,",Internal Medicine,",Midwest,2025-03-31 06:47:40.381154+00
a1e129d4-bddd-481f-ad7c-b65744e11f79,3100179900,",Dermatology,",Northeast,2025-03-31 06:47:40.393868+00
a1e51f66-23aa-47d3-9aa8-f2512ebe9a54,1235689031,",Radiology,",South,2025-03-31 06:47:40.40318+00
a1e95f0d-c0be-4431-82d9-c0b68cd32eb5,2220687464,",Internal Medicine,",South,2025-03-31 06:47:40.37977+00
a1ed1ff5-faa0-4143-a081-7c7db96ba195,3441171728,",Nephrology,",Northwest,2025-03-31 06:47:40.402186+00
a1ed9977-69c0-4caf-bffd-9352224197e7,5355994091,",Urology,",Northwest,2025-03-31 06:47:40.400589+00
a1eeddc0-8bc5-41ab-89cd-f497b4957a44,5836904468,",Orthopedic Surgery,",Northwest,2025-03-31 06:47:40.391229+00
a1f58ba2-4308-471d-ab17-2447770a4aa3,3837228557,",Neurology,",West,2025-03-31 06:47:40.398177+00
a1f68760-2be9-4faf-b17c-bf1811f038aa,9592696377,",Gastroenterology,",South,2025-03-31 06:47:40.400167+00
a204a33d-dcf9-4190-9c83-43d2d65c1f66,1922084911,",Obstetrics & Gynecology,",South,2025-03-31 06:47:40.382779+00
a217b596-7b80-43e9-afeb-62ca539297d8,2265538132,",Gastroenterology,",Midwest,2025-03-31 06:47:40.399957+00
a218696b-e5a9-4b7a-b727-6c5a943bac49,8017976079,",Cardiology,",West,2025-03-31 06:47:40.389289+00
a21a8eb2-1b35-4834-8797-30e8b072937f,6157272926,",Orthopedic Surgery,",Northeast,2025-03-31 06:47:40.392411+00
a22427ab-6c80-46ce-89f5-9ea1a7033d38,9812438538,",Orthopedic Surgery,",South,2025-03-31 06:47:40.392408+00
a23e49c0-1896-4d93-901f-232eda5126d9,9014757639,",Cardiology,",Midwest,2025-03-31 06:47:40.389838+00
a23fa4ee-c8ca-4f18-8f59-9070d91e4786,9233680694,",Internal Medicine,",Northeast,2025-03-31 06:47:40.377308+00
a24af473-a12e-4fa0-94cc-968a88392e92,8298059527,",Psychiatry,",Midwest,2025-03-31 06:47:40.384698+00
a2542d65-a2fe-4087-882b-e2431c08b7fa,5815170400,",Internal Medicine,",South,2025-03-31 06:47:40.404287+00
a2575b4e-2e84-40b6-928a-2c8b5dfbd1c1,6423704730,",Orthopedic Surgery,",Northeast,2025-03-31 06:47:40.391959+00
a25bdf38-9e04-4446-8083-80798719e43e,7692011021,",Gastroenterology,",Midwest,2025-03-31 06:47:40.400098+00
a2641541-0675-4ac4-ba16-76ca3271e0df,6778844766,",Internal Medicine,",Northwest,2025-03-31 06:47:40.404241+00
a26530a1-0e62-477f-8708-f0bfc98a9a9b,6850217899,",Internal Medicine,",South,2025-03-31 06:47:40.377272+00
a2707217-8a1b-4dc8-a82f-7b974d84870c,9354241179,",Obstetrics & Gynecology,",Northwest,2025-03-31 06:47:40.383495+00
a273bf57-312d-4f14-a371-9b5be93889d7,5424320666,",Internal Medicine,",Midwest,2025-03-31 06:47:40.38112+00
a281b372-f705-4c81-97c1-7bb62f9f0138,6364268457,",Orthopedic Surgery,",Northeast,2025-03-31 06:47:40.404038+00
a286d121-09f6-4fa9-a202-b6a9a2ba3121,1230104469,",Internal Medicine,",Northeast,2025-03-31 06:47:40.381222+00
a28f9092-3c36-46ee-a52e-23d196b7d2eb,6486119701,",Internal Medicine,",Northeast,2025-03-31 06:47:40.376381+00
a2942998-6be8-4096-b1af-a8a5a078583d,1471543773,",Internal Medicine,",South,2025-03-31 06:47:40.376441+00
a294edd4-9661-4b8a-9fb6-1aa23bde4bf5,6320425384,",Obstetrics & Gynecology,",Northwest,2025-03-31 06:47:40.383492+00
a2a8e47b-f03a-42cc-a2ab-c8937022beff,9572894433,",Internal Medicine,",Midwest,2025-03-31 06:47:40.378897+00
a2a97bae-c839-4ea8-8496-ad10f2b8d4df,7482629436,",General Surgery,",Northeast,2025-03-31 06:47:40.387353+00
a2b6aae6-57b2-4c4b-bd7a-91fa052244f0,9943254500,",Psychiatry,",Northwest,2025-03-31 06:47:40.404015+00
a2bfd522-fb7c-4d50-b902-26c03c9336de,9014705832,",Obstetrics & Gynecology,",South,2025-03-31 06:47:40.382495+00
a2bfdb3e-6340-4377-a7fe-1015ea600888,1960340589,",Radiology,",South,2025-03-31 06:47:40.395335+00
a2c34bc6-6aee-4b99-acf4-9195828624b3,6325728010,",Cardiology,",Northwest,2025-03-31 06:47:40.388591+00
a2d208fd-85c0-4495-84ed-257392bbe946,4266280363,",Obstetrics & Gynecology,",West,2025-03-31 06:47:40.382038+00
a2e27ca7-42d2-4497-aa55-0cfeb22f6fdd,3022150839,",Cardiology,",West,2025-03-31 06:47:40.390376+00
a2e314c4-31a7-49ad-8ec1-b3c8d9f73b24,3953833486,",Orthopedic Surgery,",West,2025-03-31 06:47:40.392261+00
a2eee73c-f1e3-4c7f-8110-747bd6d7a991,4008747030,",Psychiatry,",West,2025-03-31 06:47:40.403876+00
a2fded1c-b5e6-4ddb-bf83-3c84e9e5e2d3,6804806710,",Neurology,",Northwest,2025-03-31 06:47:40.398192+00
a2fea22d-4106-45a7-8428-2a7a7a77c1c0,3252530059,",Nephrology,",West,2025-03-31 06:47:40.40407+00
a301a51a-d555-4092-b53f-5b71bf6588ee,7435826794,",Gastroenterology,",Midwest,2025-03-31 06:47:40.399608+00
a3064d62-a97f-44b2-886e-261b64a85f15,7039672408,",Internal Medicine,",Northwest,2025-03-31 06:47:40.380533+00
a30c10c7-e94f-49fc-af1c-e3c222add781,8139112018,",Orthopedic Surgery,",West,2025-03-31 06:47:40.392346+00
a3160b4f-0f3f-4097-8dd7-00f4e3fa296f,9116239208,",Anesthesiology,",Midwest,2025-03-31 06:47:40.397657+00
a31683aa-096f-4c18-823b-39f8a0fa847d,2147175290,",Anesthesiology,",Midwest,2025-03-31 06:47:40.404238+00
a31b7ff2-a73d-403c-b75b-312711bb93eb,5213499185,",Obstetrics & Gynecology,",South,2025-03-31 06:47:40.383347+00
a32ea3cc-3dd9-4451-8dad-3b8a3eff13f6,6870054447,",Neurology,",South,2025-03-31 06:47:40.398404+00
a3326627-01c5-46e3-a69f-ddf17a4fbd8e,6448316778,",Radiology,",Northwest,2025-03-31 06:47:40.395766+00
a3342861-24bc-49cb-bb1c-d1a774509bb9,7643389533,",Urology,",South,2025-03-31 06:47:40.40033+00
a33aad41-6c27-4e40-b332-1895c0c20a73,2488314349,",Psychiatry,",West,2025-03-31 06:47:40.385331+00
a33c978f-fbdf-41d0-96fc-93784ba0c608,7382920867,",Oncology,",Midwest,2025-03-31 06:47:40.402814+00
a34309d3-cf9f-4a67-8377-73b279748d85,4296398330,",Psychiatry,",Midwest,2025-03-31 06:47:40.383875+00
a351d1a3-78e5-439c-ad8f-5c16325043dd,1373973836,",General Surgery,",Northeast,2025-03-31 06:47:40.386421+00
a35c4f9d-4c9b-4abf-8cd4-8fddfdad4b5c,4475278677,",Internal Medicine,",Northwest,2025-03-31 06:47:40.377075+00
a35df26d-6fd5-4715-ae79-8430bbb8e369,6460820137,",Internal Medicine,",West,2025-03-31 06:47:40.380967+00
a35edfc0-cfd8-4b1f-8fc4-48de3967dabf,1534774753,",General Surgery,",Midwest,2025-03-31 06:47:40.387202+00
a3652e50-20b0-48f6-af3e-d2462cfd9ea1,7954974283,",Obstetrics & Gynecology,",South,2025-03-31 06:47:40.382375+00
a3686067-ca6c-4149-b253-5a4c681731a3,4130587161,",Radiology,",South,2025-03-31 06:47:40.403757+00
a377a499-b5ff-4c47-84ce-80207de90034,3814502092,",Radiology,",West,2025-03-31 06:47:40.395152+00
a3794308-8bc4-4e4a-8560-38a1efff36d5,6631017389,",Cardiology,",West,2025-03-31 06:47:40.388721+00
a395ae7a-1ba1-42eb-abca-84c6cd1aca6f,2951346321,",Radiology,",West,2025-03-31 06:47:40.394831+00
a39c8b58-fae3-4fda-9c71-351d9612a176,8993493846,",Urology,",Northeast,2025-03-31 06:47:40.400982+00
a3a70886-d67f-4cd3-9a75-1704b78c99ae,4623652310,",Internal Medicine,",Northwest,2025-03-31 06:47:40.377124+00
a3a90401-b225-4de5-b3e3-e3e8ebc40c39,8012635587,",General Surgery,",Midwest,2025-03-31 06:47:40.387304+00
a3a9dc11-6af3-4cf1-b1eb-4fda816c2389,6539696646,",Cardiology,",West,2025-03-31 06:47:40.388738+00
a3af591a-8537-45d1-a86c-1cd6a2309728,5747717561,",Dermatology,",South,2025-03-31 06:47:40.392849+00
a3ba070b-bd2f-49a3-b1c0-9f2de98621f0,2382883515,",Dermatology,",South,2025-03-31 06:47:40.39292+00
a3bf3744-df23-4605-99e0-75c521769e3a,8214373081,",Neurology,",Midwest,2025-03-31 06:47:40.398912+00
a3bf8ac5-fc2e-4352-a3a7-a92facd41458,5910247871,",General Surgery,",South,2025-03-31 06:47:40.386676+00
a3c13812-da4d-463d-89da-e29dddf07686,3470301572,",Orthopedic Surgery,",Northeast,2025-03-31 06:47:40.391244+00
a3ca24e4-25c8-4bdb-be3d-7a93796fe280,7881810863,",Neurology,",West,2025-03-31 06:47:40.398506+00
a3cbbf96-a746-4a6c-8209-26c7e6c00544,1162361095,",Psychiatry,",Midwest,2025-03-31 06:47:40.384794+00
a3d16cb5-d92a-4c22-a7ad-cdd4d1d7666d,1734866816,",Internal Medicine,",West,2025-03-31 06:47:40.380542+00
a3f75d66-31a6-4d42-90e6-ea75fd5b0e8d,4762742728,",Internal Medicine,",Northeast,2025-03-31 06:47:40.377037+00
a3f83b7b-917d-4de2-80bf-a3453a02e4b4,3387891264,",Radiology,",South,2025-03-31 06:47:40.394428+00
a40373f0-30f1-456e-8035-5e3a6b4e4fb7,7711844865,",General Surgery,",Northwest,2025-03-31 06:47:40.38709+00
a40ed116-29c8-4407-bfd9-9f82783a0f5d,9549979342,",General Surgery,",Midwest,2025-03-31 06:47:40.38621+00
a411b972-0b28-40c5-9a80-4bfddf3cdacb,4207217214,",Neurology,",South,2025-03-31 06:47:40.398494+00
a415adf8-c93d-4505-9dce-c643b2b68004,2325162840,",General Surgery,",Northeast,2025-03-31 06:47:40.386261+00
a42bb74b-1a65-4c74-a466-cf3798670b8a,8204498457,",Internal Medicine,",Northwest,2025-03-31 06:47:40.379847+00
a44236c5-c0d5-478c-bd85-44ff8603a0a0,5786763432,",Internal Medicine,",Midwest,2025-03-31 06:47:40.379517+00
a44357b5-b295-44d4-a373-d6bef499f3a3,8769873983,",Internal Medicine,",South,2025-03-31 06:47:40.378394+00
a457900a-47dd-46ca-af5b-62a9db8363a1,3812321527,",Radiology,",Northwest,2025-03-31 06:47:40.395679+00
a45a2317-d52c-40fd-a7b9-3071b990369d,2515215551,",Psychiatry,",Northeast,2025-03-31 06:47:40.385117+00
a46476b3-d409-4791-a5b8-3cf183f852a3,1850113701,",Internal Medicine,",South,2025-03-31 06:47:40.378341+00
a46bb5ce-660d-4d60-92d7-545f575b6c04,2701514905,",Internal Medicine,",West,2025-03-31 06:47:40.378418+00
a46bb79b-ccda-40f6-8faf-d5775a632c3a,1950723538,",Obstetrics & Gynecology,",South,2025-03-31 06:47:40.383294+00
a46d251e-e738-43a0-bd95-b5e1620c7dd9,7490611795,",Cardiology,",West,2025-03-31 06:47:40.390513+00
a46e2927-eb23-4575-93ed-d4a93db60025,6869865000,",Pulmonology,",Midwest,2025-03-31 06:47:40.401552+00
a46ea0af-5eb6-44bc-be08-ece201d0e592,3420763916,",Obstetrics & Gynecology,",Midwest,2025-03-31 06:47:40.403728+00
a4733339-d231-4d7a-aa42-0c134d7b45c2,5025507875,",Neurology,",West,2025-03-31 06:47:40.398857+00
a47d4707-58dd-43ed-b6b4-5dc56db495b5,1276748719,",Dermatology,",West,2025-03-31 06:47:40.393527+00
a47fdbb1-cefc-406a-9982-9513af955cf9,9220936391,",Psychiatry,",Midwest,2025-03-31 06:47:40.383975+00
a483933f-43e9-4b5c-bc8c-7894d2dc7ea3,5872860805,",Orthopedic Surgery,",West,2025-03-31 06:47:40.391082+00
a4884130-a880-4162-a6fc-0cc27ba37c07,2935933722,",General Surgery,",Northwest,2025-03-31 06:47:40.387239+00
a489a4cc-d757-4f42-8ff8-55437d332e6a,6796366462,",Obstetrics & Gynecology,",South,2025-03-31 06:47:40.383144+00
a48ced15-2662-4489-aa64-8b71cfb2eae3,9842123991,",Psychiatry,",Midwest,2025-03-31 06:47:40.384607+00
a48f9349-a1e9-4e9e-a385-26128452bf1e,7213257327,",Obstetrics & Gynecology,",South,2025-03-31 06:47:40.382683+00
a49b6825-958e-4078-96f0-0e809c14031a,6539856155,",Internal Medicine,",Northeast,2025-03-31 06:47:40.376114+00
a49fbff1-6e17-4905-9ba5-18a6ed3bafde,7342664185,",Neurology,",South,2025-03-31 06:47:40.399099+00
a4a47c02-7869-4966-9e64-c37500863409,6790714793,",Radiology,",Northwest,2025-03-31 06:47:40.395909+00
a4b9de81-4ab2-434d-82b4-9ef0224ba535,6038570990,",Urology,",Midwest,2025-03-31 06:47:40.400962+00
a4bb5b31-a69d-4ef2-b765-674150f37ca7,6474308396,",Radiology,",Northeast,2025-03-31 06:47:40.395011+00
a4cb45f9-7796-4733-a53c-8fee9f0a5187,9584818472,",Oncology,",Midwest,2025-03-31 06:47:40.402723+00
a4cf1fde-70a7-43d9-b871-84803f15a3c6,6288965753,",Neurology,",Midwest,2025-03-31 06:47:40.398082+00
a4d35321-7f11-412f-8a77-f1c36c8e59f6,2362758322,",Radiology,",South,2025-03-31 06:47:40.394808+00
a4d74a03-d89e-4b89-bc23-83a16138db9f,4840763375,",Obstetrics & Gynecology,",Midwest,2025-03-31 06:47:40.383231+00
a4da9310-7e54-455a-a746-8627760424fd,3730264664,",General Surgery,",South,2025-03-31 06:47:40.386264+00
a4e039d7-c40d-4239-9ad7-5f5a00321044,4759308859,",Orthopedic Surgery,",Midwest,2025-03-31 06:47:40.39157+00
a4e14767-30ee-4076-b22a-4212870ddbc9,1763777099,",Obstetrics & Gynecology,",Northwest,2025-03-31 06:47:40.383248+00
a4e8a8fd-dce3-484a-8d09-2065bd5522bc,7820635200,",Radiology,",Midwest,2025-03-31 06:47:40.394348+00
a4ff53fe-06e7-4e6a-bd76-e4ca316ad3f6,9397693468,",Psychiatry,",Northwest,2025-03-31 06:47:40.385216+00
a50a7d00-de57-4cb2-aea0-86d946b8171a,5703979945,",Internal Medicine,",Northwest,2025-03-31 06:47:40.376467+00
a5100f98-d81e-4c2e-9440-6bfd44892e54,4395904806,",Obstetrics & Gynecology,",Midwest,2025-03-31 06:47:40.38295+00
a515403b-ca0e-495b-9514-70465bf252d6,9668410987,",Orthopedic Surgery,",Northeast,2025-03-31 06:47:40.391263+00
a51b25cb-7998-45ff-9cde-c440771adc1c,9228700547,",Urology,",West,2025-03-31 06:47:40.400682+00
a526e948-5de7-44c6-ba95-93fd8dbde5ef,2676163386,",Neurology,",West,2025-03-31 06:47:40.398679+00
a527d75e-1178-48de-a66d-6df4dfeaee0b,1358479654,",Orthopedic Surgery,",South,2025-03-31 06:47:40.391516+00
a536364e-c7e5-48cc-af4e-0be6614a3d54,3376861895,",Internal Medicine,",South,2025-03-31 06:47:40.379575+00
a5363c3c-68f7-4fb8-842b-57c4f934503e,1188773647,",Anesthesiology,",West,2025-03-31 06:47:40.396849+00
a538dd8b-7cb7-4948-a5ba-aaf86122ebcf,1905953816,",Neurology,",South,2025-03-31 06:47:40.398157+00
a559b56d-16e5-4b40-bf55-9953b4485f4a,4704445676,",Internal Medicine,",Midwest,2025-03-31 06:47:40.381137+00
a55bb9bf-c0ac-4bde-9ce1-8f5c374b88cd,7385808917,",Cardiology,",Midwest,2025-03-31 06:47:40.389346+00
a5623593-d1c7-4917-8c61-e1cef6c4f572,7700539859,",Cardiology,",South,2025-03-31 06:47:40.38831+00
a56235d8-8e15-4690-a064-b2788d916d83,3841704624,",Neurology,",West,2025-03-31 06:47:40.397833+00
a5729c63-294c-4741-9ddd-f4d9de14edb1,5287286126,",Internal Medicine,",Northeast,2025-03-31 06:47:40.380255+00
a585fbae-edb4-484f-8e01-ae29f9565c68,9205484268,",Orthopedic Surgery,",Northeast,2025-03-31 06:47:40.391703+00
a597a94b-0088-4437-9b54-443071a7feb3,4584265310,",Obstetrics & Gynecology,",West,2025-03-31 06:47:40.382406+00
a59b7724-1443-420e-8157-7ff10957c52b,7341979854,",Dermatology,",South,2025-03-31 06:47:40.392892+00
a59e3226-e978-4674-9758-44ee83687d78,7484177599,",Radiology,",Midwest,2025-03-31 06:47:40.395874+00
a59fddce-ad6b-44ff-aed0-5067354dc882,5596982538,",Gastroenterology,",South,2025-03-31 06:47:40.399454+00
a5a784ea-3c3a-4d19-8130-ce8f371f0029,2528563081,",Gastroenterology,",Northeast,2025-03-31 06:47:40.399311+00
a5b51c32-85ed-48d5-a159-177f2dbdc01b,5943946354,",Orthopedic Surgery,",West,2025-03-31 06:47:40.391645+00
a5b9c879-78fa-47c3-88d8-2761b4331bf8,8595371854,",Anesthesiology,",Northeast,2025-03-31 06:47:40.397073+00
a5bb2290-e50e-4763-bf36-742e845755fe,8635885455,",Orthopedic Surgery,",West,2025-03-31 06:47:40.391337+00
a5bcc0a6-c004-4aaa-a9c7-0e110fa6f02c,2119221231,",Radiology,",West,2025-03-31 06:47:40.395389+00
a5bd55f9-9926-4f42-8168-0fefea39cbb5,8230865707,",Radiology,",West,2025-03-31 06:47:40.39578+00
a5ca780f-0940-4235-8756-2f1f90631643,3494129851,",Orthopedic Surgery,",Northeast,2025-03-31 06:47:40.390952+00
a5d50e66-8662-4e3c-8133-af497659b9ee,4246778219,",General Surgery,",Northwest,2025-03-31 06:47:40.387726+00
a5da7dc4-8b72-4c7f-bd3f-5e7a43334c48,2679328798,",Internal Medicine,",South,2025-03-31 06:47:40.379235+00
a5dee5a6-a245-4181-ab5a-4083c0d0e726,4516949342,",Internal Medicine,",West,2025-03-31 06:47:40.377882+00
a5e5a3f1-488d-48d5-97e5-cbd33da8f0c1,8820087287,",Internal Medicine,",South,2025-03-31 06:47:40.404419+00
a5e61c61-918c-4de0-bcef-4d70a03b59d8,7094977311,",Radiology,",West,2025-03-31 06:47:40.394478+00
a5fbe9c0-a482-4920-aea8-4dd734328f91,6032412940,",Pulmonology,",Northeast,2025-03-31 06:47:40.401821+00
a5fca3da-dadf-46d6-97e9-c0419e135f68,1301033727,",Internal Medicine,",South,2025-03-31 06:47:40.377485+00
a603710a-3c49-4bce-aa53-29f05786a0b6,5709027191,",Dermatology,",West,2025-03-31 06:47:40.394171+00
a6037dfa-3da2-4068-9983-a0e55e045fe3,4985951968,",Oncology,",South,2025-03-31 06:47:40.402698+00
a6147a55-bc69-46cf-8348-76673ad58511,5877866255,",Psychiatry,",South,2025-03-31 06:47:40.384551+00
a61d85f7-38c2-4120-b1f8-87b3ebcf22a5,5659925490,",Cardiology,",West,2025-03-31 06:47:40.389119+00
a61fd681-9c1b-4baf-9e4e-2ddb872a6b8e,5003062341,",Cardiology,",Northeast,2025-03-31 06:47:40.38895+00
a62d2317-d992-4880-95ab-247113d3061f,7129511050,",Psychiatry,",Northeast,2025-03-31 06:47:40.384545+00
a62e6c35-3e80-4a18-a379-4911ca93f444,1552310411,",Psychiatry,",Northeast,2025-03-31 06:47:40.384455+00
a655e9c2-286a-4053-8ca4-bf3240a88985,5983502741,",Internal Medicine,",West,2025-03-31 06:47:40.378019+00
a656ec1a-9acd-4c0d-bcb9-64344c00ff2a,4851279605,",Nephrology,",Midwest,2025-03-31 06:47:40.402527+00
a6576901-43ec-4bc6-b3ef-04cb5f56a8de,9911594202,",Internal Medicine,",Midwest,2025-03-31 06:47:40.380791+00
a664e0fc-f295-4d79-84a0-529851509a5f,7471862303,",Dermatology,",West,2025-03-31 06:47:40.393373+00
a6661f2a-7bd3-49cf-a823-019e48600391,1928782802,",Psychiatry,",Midwest,2025-03-31 06:47:40.385762+00
a6695dc0-7054-49c0-8801-e119d7e73efd,4298548977,",Internal Medicine,",Midwest,2025-03-31 06:47:40.380396+00
a67110d6-d5e2-43c7-b65c-e70dd5f91841,6916281931,",Gastroenterology,",South,2025-03-31 06:47:40.400021+00
a678607f-9bc3-4b1a-949b-63d06398826d,9434289376,",Internal Medicine,",South,2025-03-31 06:47:40.376842+00
a6856665-20fe-4ec0-8cd3-6b043ad08fe4,9099002425,",Internal Medicine,",South,2025-03-31 06:47:40.379749+00
a685bbb0-941d-4a97-999c-22341ffb9829,6555597696,",General Surgery,",Northeast,2025-03-31 06:47:40.387612+00
a6937b61-102a-4222-bdf3-7f88b99cb7aa,7526918982,",Obstetrics & Gynecology,",West,2025-03-31 06:47:40.382102+00
a69eb041-3561-4e0c-9b49-8dbb6f409ec6,5970745881,",Internal Medicine,",South,2025-03-31 06:47:40.381117+00
a6a3f540-06eb-4e4a-8d2f-cc04eff0cc5f,5223861639,",Internal Medicine,",Northeast,2025-03-31 06:47:40.381035+00
a6b53c2e-23f0-4879-8d88-d348a45c18fb,4557574363,",Internal Medicine,",Northwest,2025-03-31 06:47:40.380878+00
a6b7d1f7-0481-4955-9592-9d6426512480,4466324361,",General Surgery,",Northeast,2025-03-31 06:47:40.387128+00
a6bc9cb2-9946-4379-9bca-f2fcc94d28de,1382303719,",Gastroenterology,",South,2025-03-31 06:47:40.399777+00
a6c40d78-7bdf-4fcc-823e-2262662bafcb,2585187591,",Cardiology,",West,2025-03-31 06:47:40.390339+00
a6c773b6-c0ae-4d5c-a69a-9a512ccea136,5935320149,",Obstetrics & Gynecology,",South,2025-03-31 06:47:40.38182+00
a6d0403b-ad8b-42a5-821c-44da3304d4e6,3492744436,",Gastroenterology,",Northwest,2025-03-31 06:47:40.399189+00
a6d75549-28ee-43eb-ba26-49be97d0bd61,2005801324,",Neurology,",South,2025-03-31 06:47:40.398016+00
a6d8d642-323d-4852-8c06-7aaede52a0eb,8907624991,",Cardiology,",South,2025-03-31 06:47:40.388941+00
a6daf0f7-8228-432e-8a33-68108b127648,1900676174,",Psychiatry,",South,2025-03-31 06:47:40.384797+00
a6dc540d-22ec-4bc6-a1f5-7123a35a9ada,4617344013,",Dermatology,",West,2025-03-31 06:47:40.392937+00
a6e7b7f1-d277-4d36-bfa9-1659c31705ea,5529478477,",Psychiatry,",West,2025-03-31 06:47:40.384891+00
a6f7d65e-8746-44c4-8c2e-2294ab462b5f,3842551701,",Internal Medicine,",Northwest,2025-03-31 06:47:40.37732+00
a6fa5be9-e37c-4356-b677-ff232b1a6c3e,9127434590,",Dermatology,",Northeast,2025-03-31 06:47:40.393237+00
a7037039-4c5f-48d3-a6d1-88df11fb1210,7815175212,",Pulmonology,",Northeast,2025-03-31 06:47:40.401812+00
a70c5a66-8070-437f-9c98-578b0c4e4df8,2755879484,",Pulmonology,",Midwest,2025-03-31 06:47:40.40126+00
a716f493-8976-4484-9684-9c7352de2ffd,2115288740,",Orthopedic Surgery,",Northeast,2025-03-31 06:47:40.392589+00
a71d719d-941d-45e3-8b6b-d6e998b3ff22,4723438694,",Cardiology,",Northwest,2025-03-31 06:47:40.38985+00
a7203155-97a4-4bd1-9cd6-7330635b9505,1192436936,",Obstetrics & Gynecology,",Northeast,2025-03-31 06:47:40.381699+00
a720e402-cb26-40dd-b406-f0bb3b7ef30b,8371846128,",Pulmonology,",Midwest,2025-03-31 06:47:40.401756+00
a7242528-8c77-4fd2-b9d0-2864c200be5a,7469511775,",General Surgery,",Midwest,2025-03-31 06:47:40.388036+00
a7267291-3c38-4c31-964a-7bb057645979,8982748195,",Anesthesiology,",Midwest,2025-03-31 06:47:40.397308+00
a732d4a6-716a-4828-8269-a9c2a3be5bff,8247729205,",General Surgery,",Northeast,2025-03-31 06:47:40.386772+00
a739d03c-e2f7-48fc-bb2b-e4104be46bf8,9417667127,",Internal Medicine,",Northwest,2025-03-31 06:47:40.379482+00
a73c769e-a536-46ce-9ca8-138ea2321b58,7797058166,",Anesthesiology,",West,2025-03-31 06:47:40.403395+00
a73fb10b-115f-4113-b2bf-fc2238c5f6a6,1492855428,",Cardiology,",South,2025-03-31 06:47:40.388467+00
a73fce48-a254-436f-a4e1-b0bec197c9fa,7653005704,",Anesthesiology,",Northeast,2025-03-31 06:47:40.396629+00
a7409a53-38f4-4786-9584-799d0d8f37d8,7610284736,",Obstetrics & Gynecology,",West,2025-03-31 06:47:40.383333+00
a74c89e1-b99f-4f26-9b64-655be0d30bab,1720026682,",Internal Medicine,",Midwest,2025-03-31 06:47:40.376492+00
a7598fd7-a9b3-47db-8a2b-c289790e795f,9982907246,",Dermatology,",Midwest,2025-03-31 06:47:40.393464+00
a75afee2-fc34-4859-8942-e53b963a5ef4,9858142501,",Cardiology,",West,2025-03-31 06:47:40.390505+00
a76104ce-0637-4509-b845-0e3dd100e8d7,3632275444,",Internal Medicine,",West,2025-03-31 06:47:40.376961+00
a762ab01-07e5-4c49-a03f-c402f14463ad,2867023987,",Orthopedic Surgery,",Northeast,2025-03-31 06:47:40.392326+00
a76325b4-1779-4685-afd2-3781e3b662ff,4592043803,",Anesthesiology,",Northwest,2025-03-31 06:47:40.396276+00
a765ce42-7fe6-47b3-84a8-e117f4ebb775,2511409406,",Dermatology,",South,2025-03-31 06:47:40.392717+00
a765e62c-1b0c-4f91-9914-564476209402,1420553401,",Gastroenterology,",West,2025-03-31 06:47:40.400104+00
a7672dd9-fa2c-463e-9948-93ceba7443d9,6314322104,",Internal Medicine,",Midwest,2025-03-31 06:47:40.378569+00
a767381b-6630-4420-884f-31887ae48956,6142414046,",Neurology,",South,2025-03-31 06:47:40.398881+00
a76bc195-bfa4-43e1-b927-d5b7fb664f17,1852880969,",Radiology,",Northeast,2025-03-31 06:47:40.394909+00
a76c57fe-84a4-4570-8f36-8c3cee95aafa,2503588603,",Anesthesiology,",Northwest,2025-03-31 06:47:40.396537+00
a7749b7f-e414-4d97-9484-80ba9d37b8af,9294322790,",Gastroenterology,",Northwest,2025-03-31 06:47:40.399144+00
a7828f3c-1370-4a72-be92-5909180bada8,5982656789,",Obstetrics & Gynecology,",Northeast,2025-03-31 06:47:40.38339+00
a7901453-108a-4f66-9bf9-0e65dfd3b04e,3571792156,",Pulmonology,",West,2025-03-31 06:47:40.401641+00
a793761c-0121-4f34-a564-5c3cde90a5d7,1319589473,",Anesthesiology,",South,2025-03-31 06:47:40.396458+00
a79384f9-afe3-4c5d-80ac-47dec17837b8,7011300728,",Neurology,",South,2025-03-31 06:47:40.398851+00
a798682e-1b8a-406d-8129-6d593e563385,4335878112,",Internal Medicine,",West,2025-03-31 06:47:40.376489+00
a79dab32-f443-4855-9cae-2df730782565,9119080119,",Internal Medicine,",West,2025-03-31 06:47:40.37719+00
a7a2539b-4704-4466-8629-5eb4f5b95f03,5453532494,",Obstetrics & Gynecology,",Northeast,2025-03-31 06:47:40.383461+00
a7a527c6-bfd2-4d45-9a75-40cd22b338ea,5427110401,",Anesthesiology,",Northwest,2025-03-31 06:47:40.396694+00
a7ba8613-647a-4fb4-be63-ebbff9e69882,8941388232,",Urology,",South,2025-03-31 06:47:40.400806+00
a7bb1e56-5b59-46de-bd65-a37fae4859a0,8810504790,",Anesthesiology,",South,2025-03-31 06:47:40.397016+00
a7be7e4f-3117-4d0f-8de8-a4d1c16ba9f2,3167416547,",Psychiatry,",Northeast,2025-03-31 06:47:40.38467+00
a7c43f6c-0961-4790-8308-f4b2871ed02c,6049817242,",Radiology,",South,2025-03-31 06:47:40.395865+00
a7cd5f3e-a8c7-4dfe-b1a1-e692b6d3aa6e,4321412839,",Pulmonology,",West,2025-03-31 06:47:40.401555+00
a7d0230b-2d67-49cb-8094-1caa9a1dcadd,5355745372,",General Surgery,",Northwest,2025-03-31 06:47:40.386855+00
a7d25dce-0b1f-4494-9ac7-27bd1604a270,1836495269,",Dermatology,",West,2025-03-31 06:47:40.393865+00
a7dab898-e421-445a-a481-77800e1d55b3,8518812056,",Psychiatry,",Midwest,2025-03-31 06:47:40.385482+00
a7db33ea-4219-4cd3-b7c3-eeb4cb3c54fb,4503524507,",Anesthesiology,",Midwest,2025-03-31 06:47:40.396282+00
a7dd5a41-ee66-479a-b940-28c325c4d7e4,8202588927,",Gastroenterology,",West,2025-03-31 06:47:40.399629+00
a7e409db-aa6c-46a4-83d4-3f5e36efa927,2142446935,",Cardiology,",West,2025-03-31 06:47:40.404697+00
a7e7ba22-1485-472f-ab0c-ebd76342fec2,8255658983,",Psychiatry,",South,2025-03-31 06:47:40.384401+00
a7ecdd18-9d30-4eab-b9aa-2fa99c853459,7234359235,",Radiology,",West,2025-03-31 06:47:40.394405+00
a7ee1740-aad2-4248-81a6-5226a5fb52f6,1125576453,",Anesthesiology,",West,2025-03-31 06:47:40.403879+00
a7f69b40-a8b4-4bc2-8a62-9de66e08ea5b,4855427229,",Anesthesiology,",Midwest,2025-03-31 06:47:40.397133+00
a802a8b4-c19e-46b3-ab98-e49f93f104ec,6382172713,",General Surgery,",South,2025-03-31 06:47:40.387855+00
a8033863-e3fb-4714-a74a-672c76665508,3358336370,",Cardiology,",West,2025-03-31 06:47:40.389078+00
a8098167-b61a-4d41-89c3-40b80367b185,1642813466,",Internal Medicine,",Northwest,2025-03-31 06:47:40.379488+00
a809ef6e-066b-4f44-875e-97000cbb6665,2941714339,",Obstetrics & Gynecology,",Northeast,2025-03-31 06:47:40.382183+00
a80ae39e-3f74-44ec-bf5a-721ee0fd353d,3170360676,",Cardiology,",West,2025-03-31 06:47:40.390644+00
a8149f44-2ef5-4c58-aac4-cea0d1892dc5,1948437419,",Obstetrics & Gynecology,",West,2025-03-31 06:47:40.383173+00
a817cfc1-d8f3-4eed-b4cb-055eab2335e7,6532553805,",Dermatology,",Northeast,2025-03-31 06:47:40.393317+00
a81e5e70-99b8-4307-86a8-2773c2c690cc,3785058876,",Internal Medicine,",South,2025-03-31 06:47:40.378581+00
a82045d8-5d33-4a62-98d6-f672bac5df01,7919663293,",Psychiatry,",South,2025-03-31 06:47:40.384472+00
a825a213-e09d-4394-9a27-4a536574e3d3,3457187768,",Obstetrics & Gynecology,",South,2025-03-31 06:47:40.382658+00
a826a41f-2c12-4147-aed0-f5c28ace062d,7478799471,",Radiology,",West,2025-03-31 06:47:40.394895+00
a8273d20-6e7f-4ed9-b8ee-b30e4440a1c7,4913883500,",Psychiatry,",South,2025-03-31 06:47:40.384851+00
a8285329-8c2d-46aa-94fe-4a106926c474,6711156208,",Oncology,",South,2025-03-31 06:47:40.402998+00
a82fa56c-4c21-4434-b74e-a49b320b1608,1396762705,",General Surgery,",Midwest,2025-03-31 06:47:40.387571+00
a82fe76f-503d-4977-a423-a9b98f138ee9,7501816569,",Radiology,",Northeast,2025-03-31 06:47:40.403315+00
a834c361-f36a-4efd-b779-d6d40fb97997,1304119666,",Internal Medicine,",West,2025-03-31 06:47:40.378376+00
a8369211-f4cc-4b59-af58-63f9819e901a,1088827448,",Urology,",Northeast,2025-03-31 06:47:40.400656+00
a83e5208-ada7-4f40-9ee6-a5f461ebdff4,1101473122,",Internal Medicine,",Northeast,2025-03-31 06:47:40.378463+00
a8411747-19b8-469a-8621-e617b6691b38,4705641917,",Obstetrics & Gynecology,",Northeast,2025-03-31 06:47:40.383807+00
a8432f80-88de-4b0f-904a-fd45b8dff221,8702875429,",Internal Medicine,",Northwest,2025-03-31 06:47:40.376383+00
a8470384-2238-4117-b50a-1c3d0a44b8a2,4148132768,",Anesthesiology,",South,2025-03-31 06:47:40.396843+00
a849b85e-2d8b-4a9a-bc2d-24682dc36b7c,6022171787,",Neurology,",Northeast,2025-03-31 06:47:40.398571+00
a859d962-42e5-444c-bea3-7c7872f676a5,8058559729,",Internal Medicine,",West,2025-03-31 06:47:40.376444+00
a8605878-c08d-4fa2-90bc-164b90893efe,9065809516,",Anesthesiology,",Midwest,2025-03-31 06:47:40.396864+00
a863cdd5-f6c2-4b80-b472-6042a008b963,8935842334,",Pulmonology,",Midwest,2025-03-31 06:47:40.401861+00
a869e7fb-7c14-4d03-8e6e-91a7382683ff,7619445499,",Psychiatry,",Northeast,2025-03-31 06:47:40.384828+00
a87399dd-2411-45f0-a6a0-20f92315402b,7287993057,",Psychiatry,",Northwest,2025-03-31 06:47:40.384374+00
a8788da2-4a18-4d20-a986-08095ba21274,3923238187,",Internal Medicine,",West,2025-03-31 06:47:40.379064+00
a87e5ad5-7b41-4088-8e42-6bf6b3b69ff2,2114665230,",Cardiology,",Northeast,2025-03-31 06:47:40.390465+00
a87f5490-1b7c-4360-9c00-2db81b6a532a,2013424800,",Cardiology,",Midwest,2025-03-31 06:47:40.388594+00
a88530b7-61b7-4e61-b51a-82124f82456f,8571863474,",Urology,",Midwest,2025-03-31 06:47:40.400509+00
a8891789-df01-40ef-9458-5f11cd8a2cab,3761236090,",Urology,",Northwest,2025-03-31 06:47:40.400324+00
a88e3863-bd45-4865-967b-e97a698227a2,1756531409,",Orthopedic Surgery,",West,2025-03-31 06:47:40.392492+00
a896737d-b778-4f99-82ee-bcd1b13875d0,6571020485,",Nephrology,",West,2025-03-31 06:47:40.402534+00
a8a379b8-aa7e-481e-a07d-b94cf1fa3dde,8086096181,",Anesthesiology,",Northeast,2025-03-31 06:47:40.403459+00
a8ad8ef7-dd15-43d4-96c2-d811f1ff4ea4,8978145535,",Anesthesiology,",South,2025-03-31 06:47:40.403972+00
a8af6900-b612-46ae-82fc-690bc09ac293,3684140577,",Psychiatry,",South,2025-03-31 06:47:40.384695+00
a8b337e4-03b2-4893-9dc6-a371cca542bc,1447019896,",Internal Medicine,",West,2025-03-31 06:47:40.379076+00
a8b7a79a-cc8d-45d6-a61b-865a3ba62f70,3644595726,",Radiology,",South,2025-03-31 06:47:40.394681+00
a8be3262-de66-4ac5-a46d-4dd2002cc37a,3329588466,",Orthopedic Surgery,",Northwest,2025-03-31 06:47:40.391434+00
a8c2f569-88f2-4cb1-9327-d8dc9d7bf5db,1002227124,",Cardiology,",Midwest,2025-03-31 06:47:40.389313+00
a8c59fcf-d618-4a77-9b5c-4fe1c8e81d38,3138806004,",Orthopedic Surgery,",Northwest,2025-03-31 06:47:40.391322+00
a8c7b2c9-3fee-48d2-a265-b21c12c9a8ac,5656119223,",General Surgery,",Northwest,2025-03-31 06:47:40.38797+00
a8cbef26-8a86-4270-8813-83ea8f9cf6f0,3099158759,",Cardiology,",Northwest,2025-03-31 06:47:40.403607+00
a8ce896c-186c-4ab8-99f0-037617192058,7365598878,",Cardiology,",Northeast,2025-03-31 06:47:40.388881+00
a8d8a7dd-a40f-4cd4-b03a-2e955091e508,3370254777,",Obstetrics & Gynecology,",Northwest,2025-03-31 06:47:40.382828+00
a8dfa40b-23bd-472b-8734-12b2140d3ad5,6782864437,",Dermatology,",Northeast,2025-03-31 06:47:40.393783+00
a8e1514b-2ff9-4b82-8002-bc81122dff8d,9620060701,",Gastroenterology,",Northeast,2025-03-31 06:47:40.399733+00
a8f3167f-2c25-413b-a8d5-7738ee5f9cf7,3107112281,",Internal Medicine,",Northeast,2025-03-31 06:47:40.38122+00
a91606cd-f852-42a0-bac1-8cd01f27a511,3196693512,",Radiology,",Northeast,2025-03-31 06:47:40.395606+00
a91e066e-873e-40b3-ab6f-1fe79e94cb5b,1661767672,",Internal Medicine,",Midwest,2025-03-31 06:47:40.380426+00
a91f8962-20fa-450e-af53-7301d4fa4c91,1193641025,",Neurology,",West,2025-03-31 06:47:40.397929+00
a92ea07e-2fdb-49e8-8290-0652096f7c3a,3071908421,",Psychiatry,",Northeast,2025-03-31 06:47:40.385475+00
a937b9fb-1e80-49d7-98f8-06b48c5f87fa,6774319184,",Internal Medicine,",Northeast,2025-03-31 06:47:40.377127+00
a93d81a8-84e5-4ba1-9ebc-6ab9fa771680,3356325184,",Internal Medicine,",West,2025-03-31 06:47:40.378053+00
a93db651-2cc7-4a2a-b05e-2d4267138140,1646411326,",Psychiatry,",Northeast,2025-03-31 06:47:40.385291+00
a95bd72a-7b57-449c-891b-df77df6aa41d,3170159545,",Neurology,",Northwest,2025-03-31 06:47:40.397758+00
a95f7641-7e7d-4506-8b6c-2cf5237244b6,6906857160,",Neurology,",West,2025-03-31 06:47:40.398492+00
a9610e2d-ce53-4980-86b0-039f7655381a,7887484248,",Gastroenterology,",South,2025-03-31 06:47:40.400181+00
a96198df-d76c-4ace-b228-05b30948be39,7682946011,",Gastroenterology,",Northwest,2025-03-31 06:47:40.403539+00
a9670dbc-9f27-4008-971d-452fa127a2dc,6481660359,",General Surgery,",West,2025-03-31 06:47:40.386743+00
a974091b-7e42-45f2-a12c-6c8f799e0605,6335130794,",Cardiology,",South,2025-03-31 06:47:40.390231+00
a97ce520-d1b1-4947-a0e0-b7efc5cd434d,9169383503,",Neurology,",Midwest,2025-03-31 06:47:40.398523+00
a97ddc99-66ef-4de5-9fd9-a6dddbc9411e,8882946902,",Internal Medicine,",South,2025-03-31 06:47:40.381309+00
a984f92d-7bae-4f59-ad64-449db5edf631,5736368501,",Internal Medicine,",Midwest,2025-03-31 06:47:40.379696+00
a98a0a04-e876-4058-987a-3007096748d8,4917712348,",Nephrology,",West,2025-03-31 06:47:40.402215+00
a98ddfe8-f128-4019-b269-7de50a79cc4b,8521672629,",Oncology,",West,2025-03-31 06:47:40.402557+00
a9a5f312-252d-4678-8193-747361359a25,8494634323,",Internal Medicine,",Midwest,2025-03-31 06:47:40.377946+00
a9ac1eba-f27d-44e9-951c-f842e09c5e8d,4090709910,",Nephrology,",West,2025-03-31 06:47:40.402011+00
a9b4e947-734c-484f-b2cb-7aa25f449161,4205704025,",Internal Medicine,",Northeast,2025-03-31 06:47:40.380479+00
a9bc44ea-00c5-404a-999d-92c4b5d86124,4699993906,",Neurology,",West,2025-03-31 06:47:40.39865+00
a9c29492-70a3-4144-8b31-70bfcd456951,6036200791,",Internal Medicine,",Northeast,2025-03-31 06:47:40.380872+00
a9cffa7a-22ce-41f6-a6dc-93bf05a220ed,7815704179,",Radiology,",Northeast,2025-03-31 06:47:40.395722+00
a9d6bb36-4d3f-4d6a-832e-e1e0f5b16093,8842106019,",Radiology,",Northwest,2025-03-31 06:47:40.394967+00
a9d93926-4107-468f-8f3b-8ea3262b9289,2997480319,",Nephrology,",Northwest,2025-03-31 06:47:40.402086+00
a9e77a94-65f2-4323-96af-301665d7687f,6321392799,",General Surgery,",South,2025-03-31 06:47:40.386852+00
a9eb0653-66f7-4857-ba9d-56a42a95993d,6005101680,",Pulmonology,",Midwest,2025-03-31 06:47:40.401537+00
a9fcda74-fd64-4160-a325-caa71e6fe23c,1703747424,",Radiology,",West,2025-03-31 06:47:40.395226+00
aa03567f-848f-440f-a9d3-f7b0ea5d6182,6059196673,",Obstetrics & Gynecology,",Midwest,2025-03-31 06:47:40.383546+00
aa1b99fb-012d-4b90-ac34-a0014537d1bf,5658545928,",Dermatology,",Northeast,2025-03-31 06:47:40.394206+00
aa26b6c8-7324-4583-8f3f-ab5560dbb086,7528442699,",General Surgery,",South,2025-03-31 06:47:40.386671+00
aa289d9d-d6b6-480a-b490-f2518f66e44d,1427358720,",Psychiatry,",Northwest,2025-03-31 06:47:40.384044+00
aa38643e-4f35-4fa0-a0a9-a21e32bbbbbd,8841766327,",Anesthesiology,",West,2025-03-31 06:47:40.396531+00
aa445bea-98f9-4838-9fbe-ec3a5ebdca41,4753688223,",General Surgery,",Midwest,2025-03-31 06:47:40.386819+00
aa45ef51-7af8-4ae5-8b47-3550311027c1,3523555561,",Internal Medicine,",Midwest,2025-03-31 06:47:40.379025+00
aa51f31c-013a-433d-baaa-5c53ab1ecde1,9602382077,",Obstetrics & Gynecology,",Northwest,2025-03-31 06:47:40.38331+00
aa58ae02-da46-430b-95ba-43907a97f672,8266802956,",Urology,",Northeast,2025-03-31 06:47:40.401039+00
aa5ba35a-36e5-4505-8b87-5dc7809e753d,7671481212,",Internal Medicine,",South,2025-03-31 06:47:40.378234+00
aa6aa656-affc-4f0c-a4d6-5034dc3ad4b0,8330068445,",Dermatology,",Northeast,2025-03-31 06:47:40.393893+00
aa6c307d-7f0b-40ef-9dee-5d4016df71ac,5121877996,",Dermatology,",Northwest,2025-03-31 06:47:40.393139+00
aa72b0d7-c9c4-40a1-8b7d-058e4242ce9f,6336072226,",Internal Medicine,",South,2025-03-31 06:47:40.380011+00
aa740205-bf51-4efc-8569-37106cf24714,8151296294,",Internal Medicine,",Midwest,2025-03-31 06:47:40.403885+00
aa7d7edf-c32d-4fb7-8ca8-6e46bd6c7bd7,8026411428,",Neurology,",Northwest,2025-03-31 06:47:40.403421+00
aa83a292-4b32-42c1-bf2e-f9fe45e2a0d4,9586573857,",Gastroenterology,",South,2025-03-31 06:47:40.399322+00
aa84c5cc-0a9b-4c2f-99ee-6f688986ff92,4583603937,",Obstetrics & Gynecology,",Northeast,2025-03-31 06:47:40.383193+00
aa8d0619-86c6-40d0-ad11-9dd530ee45b6,7103090093,",Obstetrics & Gynecology,",Midwest,2025-03-31 06:47:40.383229+00
aa995287-4284-4b41-b4ea-c95714f4f9a5,8291282036,",Nephrology,",South,2025-03-31 06:47:40.402135+00
aaa22018-7228-4723-96c7-4addda0b9aa2,4491598839,",General Surgery,",Northwest,2025-03-31 06:47:40.38619+00
aaa6e391-2030-4133-84db-a341b89ab70e,3097778113,",Pulmonology,",Northwest,2025-03-31 06:47:40.401493+00
aaa9d4bd-8300-420b-ab77-7b36f7f9d96a,6171906064,",Internal Medicine,",Midwest,2025-03-31 06:47:40.381128+00
aaaa6cd4-d665-455b-8459-d27a29678d40,5160422169,",Anesthesiology,",West,2025-03-31 06:47:40.396982+00
aaacf2b1-ef46-485c-a7b1-40a2f66f8c75,8384645608,",Orthopedic Surgery,",Northwest,2025-03-31 06:47:40.392567+00
aab06a7d-87ae-4256-bef4-2f3db8b43044,6188049277,",Gastroenterology,",South,2025-03-31 06:47:40.399771+00
aabf385e-c88f-4c78-82a6-86d219edccd2,2940781542,",Internal Medicine,",Northeast,2025-03-31 06:47:40.381376+00
aac64c52-d691-407c-8aa1-95da01d6d906,2979385008,",Neurology,",Northwest,2025-03-31 06:47:40.39899+00
aac8aeff-536a-47b3-9d8e-a72949f4d075,1010129711,",Psychiatry,",Midwest,2025-03-31 06:47:40.385745+00
aad40a61-3184-44b5-bb12-f99897c9c98b,1293942933,",Pulmonology,",South,2025-03-31 06:47:40.401124+00
aad68c67-eb3d-4bdc-8288-4861737aabeb,6876135658,",Internal Medicine,",West,2025-03-31 06:47:40.379395+00
aad77625-6b1e-4321-98b9-6ecd4d6cb7a7,3105337745,",Oncology,",South,2025-03-31 06:47:40.402883+00
aae01192-b3f7-4c6f-a8ed-8a2f4e60729a,7840833405,",Pulmonology,",Northwest,2025-03-31 06:47:40.401476+00
aae3d299-cac5-4f9d-91e9-66fa15f26d61,9914042820,",Nephrology,",West,2025-03-31 06:47:40.403439+00
aae4bb3f-a3a6-49c8-89d4-da4e6315ee11,6918460188,",Internal Medicine,",West,2025-03-31 06:47:40.379664+00
aaea3600-e12f-4f50-845f-e75ce29bda9b,4015644253,",Cardiology,",South,2025-03-31 06:47:40.39059+00
ab0863dc-0b61-4dba-bea1-69705594a537,1020748324,",Urology,",South,2025-03-31 06:47:40.40046+00
ab0a229c-2a97-45bd-8415-7c7caacc11e2,1118795820,",Psychiatry,",West,2025-03-31 06:47:40.385733+00
ab116dda-14c9-4255-9915-3b8383efdbf5,4454487559,",Obstetrics & Gynecology,",West,2025-03-31 06:47:40.382562+00
ab121133-cf05-457c-b963-98fcf2af884f,8238821255,",Psychiatry,",Northwest,2025-03-31 06:47:40.384469+00
ab13b5f5-6340-46a8-85b3-85504a0c0a30,8915869081,",General Surgery,",Northwest,2025-03-31 06:47:40.386359+00
ab13d2de-9ac2-44ea-ae21-ef9a160f58dd,7616854389,",Radiology,",Northeast,2025-03-31 06:47:40.39585+00
ab216e7c-f7b3-4302-a703-86e1dfe9982d,1150853074,",Internal Medicine,",Midwest,2025-03-31 06:47:40.380032+00
ab228142-4185-40c3-822a-de27258b534a,9625128399,",Radiology,",Northeast,2025-03-31 06:47:40.395538+00
ab24d366-bd44-4789-b4d9-11741d36473c,9010744717,",Internal Medicine,",West,2025-03-31 06:47:40.376836+00
ab262f2e-2515-4fe2-9b68-8eb43ef3ec14,5781701657,",Dermatology,",Northeast,2025-03-31 06:47:40.393484+00
ab2ac08f-1a1b-4278-adba-e08d6dcc72fa,1704269906,",Anesthesiology,",Northeast,2025-03-31 06:47:40.396904+00
ab2faa28-bd20-4e4b-8a62-b8fd0a8860d1,2174303468,",Neurology,",Midwest,2025-03-31 06:47:40.398906+00
ab38d97a-f247-4a15-9373-15c37fd248b5,9967357959,",Internal Medicine,",Midwest,2025-03-31 06:47:40.381327+00
ab49f963-3c05-4daf-beb9-d34333df7c75,2792805552,",Anesthesiology,",Midwest,2025-03-31 06:47:40.39693+00
ab4b7239-553e-4b5e-81a1-f03c7e777363,2736113628,",Internal Medicine,",Northeast,2025-03-31 06:47:40.378195+00
ab50ed34-1b75-42c6-bdfe-75c5ec3e3311,9675378415,",Cardiology,",Northeast,2025-03-31 06:47:40.388367+00
ab5211fc-6aab-43aa-bbab-d061ffc337f1,5465551430,",Psychiatry,",South,2025-03-31 06:47:40.383923+00
ab5cafc2-8a6e-4050-8a9a-b7150f27c5d7,7261065336,",Nephrology,",South,2025-03-31 06:47:40.402339+00
ab606cde-6c67-4029-8a20-4d1560da0992,1552881518,",Orthopedic Surgery,",Northeast,2025-03-31 06:47:40.392123+00
ab63cfcc-2200-472b-b361-91cb27cb724c,4027151701,",Gastroenterology,",South,2025-03-31 06:47:40.399195+00
ab6fa884-9f11-45f9-82fc-b28ef58effe6,6036528877,",Cardiology,",Midwest,2025-03-31 06:47:40.388362+00
ab73e007-53a9-4774-b357-79d63f631759,8484251203,",Cardiology,",Northeast,2025-03-31 06:47:40.404677+00
ab9f71b7-0a77-4d47-87a4-25c53de0ef71,1221348726,",Urology,",Northwest,2025-03-31 06:47:40.400631+00
abaa93cc-57f3-4993-a8f5-3996bc5a72f4,9906519015,",Radiology,",Northwest,2025-03-31 06:47:40.394272+00
abbb1066-4bf9-4e8d-86e6-18a40a22c289,5728943081,",Gastroenterology,",West,2025-03-31 06:47:40.404704+00
abc1c1f0-b662-4096-9ea3-d2e6e50b1292,7686722132,",Internal Medicine,",Midwest,2025-03-31 06:47:40.37824+00
abc871e3-8dd7-45d5-921d-53e89fdbf776,1160272697,",Internal Medicine,",South,2025-03-31 06:47:40.380621+00
abce36c0-1ed7-4240-87db-ad13593f5eb7,4492625407,",Psychiatry,",Northwest,2025-03-31 06:47:40.385264+00
abd4d70c-8772-4f0c-874f-7dd2d7be28c2,7518679315,",Obstetrics & Gynecology,",Northwest,2025-03-31 06:47:40.382398+00
abdaee4a-639f-4620-9edc-e685549791a3,4681294320,",Oncology,",South,2025-03-31 06:47:40.402874+00
abe9b18e-7860-48b8-aceb-c7b63551b332,9802910709,",Obstetrics & Gynecology,",Northeast,2025-03-31 06:47:40.38374+00
abecbcdc-a54b-4e63-9a6d-97f2fc17a55f,8923101629,",Internal Medicine,",Midwest,2025-03-31 06:47:40.380745+00
abf62ff5-b2ef-48a0-8af1-5b7a1aff1d33,9474819368,",Dermatology,",Northwest,2025-03-31 06:47:40.393414+00
ac048c65-20db-47e3-99e2-ebb80cac59ed,6878040037,",Urology,",Northwest,2025-03-31 06:47:40.400886+00
ac07afe5-122f-4efd-96a7-53982fb5ccda,4048420548,",Internal Medicine,",Northeast,2025-03-31 06:47:40.380316+00
ac0e4ada-896e-4f43-b65f-1d2d4b2511b6,8751526231,",Dermatology,",Northwest,2025-03-31 06:47:40.393986+00
ac1dcecf-e01a-4e84-9ebd-ab86c7fbf084,4224029675,",Internal Medicine,",Northwest,2025-03-31 06:47:40.378651+00
ac2404c1-1d18-412b-a367-189ca352ce84,2420350050,",Internal Medicine,",Northwest,2025-03-31 06:47:40.379827+00
ac279b84-6069-4460-987f-25b74347c3e5,6712402493,",General Surgery,",West,2025-03-31 06:47:40.387034+00
ac280f6f-8431-4521-b320-2e1b291de3af,2243432379,",Dermatology,",Northeast,2025-03-31 06:47:40.393874+00
ac37d08e-e92a-44b2-b5de-7c8f38736e03,9699265738,",Gastroenterology,",Northwest,2025-03-31 06:47:40.399751+00
ac389517-e01d-4504-a14a-d35a688a1a0e,3434415174,",Neurology,",Northeast,2025-03-31 06:47:40.397894+00
ac4420f0-7a08-40c3-b7ef-c120cd06105f,3345007454,",Dermatology,",Northwest,2025-03-31 06:47:40.39378+00
ac44ddc1-2f62-4fbc-aef4-b003a8911604,2565926593,",Neurology,",Northwest,2025-03-31 06:47:40.398725+00
ac47a540-56d8-41a4-9e20-196db411e9ee,2530270686,",Cardiology,",Northeast,2025-03-31 06:47:40.389724+00
ac48a0c7-bd35-4d8c-b475-621af891f01f,7541038857,",Internal Medicine,",South,2025-03-31 06:47:40.380123+00
ac511e6b-1b67-40bd-bdb4-6d7d4fa5d977,8539620974,",Internal Medicine,",Northwest,2025-03-31 06:47:40.381288+00
ac5b8c78-9281-4d8c-ad65-8c9671e3a161,8981657467,",General Surgery,",West,2025-03-31 06:47:40.3871+00
ac5f4cb1-c004-43ed-bf5f-43f72cb5f9e8,2447901201,",Dermatology,",Northeast,2025-03-31 06:47:40.393714+00
ac5fb7bd-c361-44df-88d4-b88b0bf58d36,3493353839,",Obstetrics & Gynecology,",Northeast,2025-03-31 06:47:40.382791+00
ac680ad3-65af-456f-8b2a-25a8f87ca14a,6857503396,",General Surgery,",Northeast,2025-03-31 06:47:40.386173+00
ac695036-1460-4313-ab74-05e40237a6a3,8742993246,",Orthopedic Surgery,",Northwest,2025-03-31 06:47:40.391195+00
ac7572fd-de77-47c1-8199-d3bcfe08486a,9997479259,",Internal Medicine,",Northwest,2025-03-31 06:47:40.381469+00
ac7d6a42-7043-4b6c-acad-57c6e3e313d3,9126222350,",Internal Medicine,",West,2025-03-31 06:47:40.378438+00
ac7e365b-1c15-454a-95b3-ed83436786a7,3656689261,",Radiology,",Northeast,2025-03-31 06:47:40.395133+00
ac87dd91-f605-479a-851e-ebc1954fde17,3181276317,",Cardiology,",Northwest,2025-03-31 06:47:40.38843+00
ac8942bf-7dcd-49e4-bf7a-06dba4feca91,9284632081,",Internal Medicine,",West,2025-03-31 06:47:40.381511+00
ac8c5d40-ef03-4536-9754-60355273d6e9,9124207121,",Neurology,",West,2025-03-31 06:47:40.398174+00
aca083d2-37fe-4509-9629-45aa6f6a783d,9010806382,",Psychiatry,",West,2025-03-31 06:47:40.383918+00
aca6b1d0-3f0c-498b-af0e-c9556307cc57,3373143691,",Dermatology,",Northeast,2025-03-31 06:47:40.3942+00
aca7b69a-e4a4-4739-b9a1-3844f4ebf331,1151894319,",Internal Medicine,",Northwest,2025-03-31 06:47:40.379476+00
acaccdbb-f6a1-4aae-a6f3-c638aaa6420c,1160675121,",Orthopedic Surgery,",South,2025-03-31 06:47:40.391055+00
acb6b0d5-4ee7-4255-89af-1faf325f643f,2774770170,",Cardiology,",Midwest,2025-03-31 06:47:40.388545+00
accc45cd-1774-470e-be55-c6debd86d5bb,8127851667,",Neurology,",West,2025-03-31 06:47:40.404453+00
acce560d-257f-49ce-a0e2-9fd4066fab3a,2566970265,",Cardiology,",Northwest,2025-03-31 06:47:40.38937+00
ace072be-02ff-4afa-94c0-b85e23c56b67,3665670697,",Internal Medicine,",South,2025-03-31 06:47:40.377903+00
ace65437-2b27-43ea-998b-3d5c4abfd8dc,4393660028,",General Surgery,",West,2025-03-31 06:47:40.386064+00
aceb292d-b35f-497c-8ac0-282294d381a8,7558624237,",General Surgery,",Northeast,2025-03-31 06:47:40.387672+00
acf98c22-f5ea-4ddf-94dd-28db441be081,2559962575,",General Surgery,",Midwest,2025-03-31 06:47:40.403923+00
acfb45f2-69c3-4eb9-92c7-733ac2caa6a2,3350857467,",Cardiology,",West,2025-03-31 06:47:40.404224+00
ad1090a6-1155-48cb-9e32-849ebb5a97d4,1986219277,",General Surgery,",South,2025-03-31 06:47:40.386376+00
ad13883b-9f3b-466e-bc0c-da18acc388b7,2177603399,",Psychiatry,",West,2025-03-31 06:47:40.403862+00
ad1de4e7-6b3e-43f9-b52e-588c9277f781,8559492339,",Orthopedic Surgery,",South,2025-03-31 06:47:40.391676+00
ad2f66f8-b20f-4b09-ba6c-351c5b63ff48,4313017620,",Anesthesiology,",South,2025-03-31 06:47:40.396655+00
ad3379ef-2576-4d34-aded-0913b0076e66,9807334446,",Radiology,",South,2025-03-31 06:47:40.395797+00
ad3ef2a0-4d25-4fb7-bc03-588887fd2a23,7060403453,",General Surgery,",South,2025-03-31 06:47:40.388149+00
ad5df786-957f-4cdd-b2c0-ed200539af0f,2952399654,",Orthopedic Surgery,",West,2025-03-31 06:47:40.391209+00
ad6d9ce5-fac0-4033-acaf-85a27fa9afd8,2996043141,",Internal Medicine,",West,2025-03-31 06:47:40.381097+00
ad708281-0dc7-4d51-b078-ba0f258ae44c,9962318414,",Nephrology,",South,2025-03-31 06:47:40.402513+00
ad85a36d-cc24-4c55-94e3-88c3ea6bd42f,1694747859,",Internal Medicine,",Northwest,2025-03-31 06:47:40.378483+00
ad861427-2061-40b6-bee0-f2fb2e286e82,6723027055,",Obstetrics & Gynecology,",Northwest,2025-03-31 06:47:40.381806+00
ad89c39a-9dad-4972-b11d-ea17db14ad60,3907622213,",General Surgery,",Northwest,2025-03-31 06:47:40.38658+00
ad90a045-4692-4da7-a330-5c5e37619bac,1638181073,",Orthopedic Surgery,",Midwest,2025-03-31 06:47:40.390762+00
ad983259-1752-4b6c-b274-3595394d7fb9,7796831102,",Anesthesiology,",Northwest,2025-03-31 06:47:40.39649+00
ada1a07f-2b29-4021-a87b-665b7c286a79,9412142507,",Cardiology,",West,2025-03-31 06:47:40.388846+00
ada28aa5-0cc9-4903-a77a-3ffa4a4f0681,4724249849,",Psychiatry,",Midwest,2025-03-31 06:47:40.385337+00
ada439ed-da5c-4015-b06e-9f080a2c260a,2278955934,",Obstetrics & Gynecology,",West,2025-03-31 06:47:40.382124+00
adaf5492-a9ac-49de-9732-d08127638861,1411408726,",Obstetrics & Gynecology,",West,2025-03-31 06:47:40.38313+00
adc5d40b-42af-4a0e-ad54-eea071bfa727,2842192161,",Orthopedic Surgery,",West,2025-03-31 06:47:40.390698+00
adced63c-bc55-4065-8336-d298dd22519c,2165259783,",Orthopedic Surgery,",West,2025-03-31 06:47:40.392366+00
add1bda5-6150-4c2b-8b47-2cdc19899965,7046757417,",General Surgery,",West,2025-03-31 06:47:40.386204+00
add23916-81dc-40d2-83d8-a1730e9a0acc,7433685094,",Nephrology,",Northeast,2025-03-31 06:47:40.402178+00
add34e0a-2665-4316-9a2b-fa90856d30fe,7728340058,",Orthopedic Surgery,",Northwest,2025-03-31 06:47:40.404571+00
add729ad-cb65-4302-81d2-9ec42fc351f2,7422432111,",Dermatology,",Northwest,2025-03-31 06:47:40.39391+00
addf849a-8f01-4103-a8e4-8417647adb5a,6950306892,",Anesthesiology,",West,2025-03-31 06:47:40.396877+00
adee1b25-9a27-4eff-a6d5-5663de8b6c06,6736470521,",Dermatology,",Midwest,2025-03-31 06:47:40.393768+00
adf0bce0-4c43-44ad-8fa4-78f93f688930,6242676731,",Anesthesiology,",Northeast,2025-03-31 06:47:40.3966+00
adf2d347-7ee4-4b15-9b56-b6497cf309cb,7365460906,",General Surgery,",Midwest,2025-03-31 06:47:40.386524+00
adfe7b4c-f2e9-434c-afb4-6f361f88b21d,7080444022,",General Surgery,",South,2025-03-31 06:47:40.403206+00
ae01dca8-c834-4ba0-9e00-b800a48cf9cd,7926757698,",Obstetrics & Gynecology,",Northeast,2025-03-31 06:47:40.382788+00
ae0502b0-3609-4dfa-a7f9-a004da0d048e,6366452952,",Pulmonology,",Northeast,2025-03-31 06:47:40.401985+00
ae055526-4385-4ba9-9d5f-14f2b8afc652,2346068287,",Obstetrics & Gynecology,",Northeast,2025-03-31 06:47:40.381868+00
ae0af85f-1f45-469f-98a4-1dffba7f6824,8192434860,",Psychiatry,",South,2025-03-31 06:47:40.385542+00
ae0ca714-6472-43b9-9f8c-659ff42c9713,2393262931,",Radiology,",Midwest,2025-03-31 06:47:40.394288+00
ae0cf58b-e8c7-4556-b888-8a1b46e2c165,8521611445,",Internal Medicine,",Northwest,2025-03-31 06:47:40.380762+00
ae0da271-152f-4b32-b7ee-1c8ba9ca0443,6022993811,",Pulmonology,",Northeast,2025-03-31 06:47:40.401448+00
ae105bb9-f258-42ee-b4ef-0fc83153b030,2158960075,",Obstetrics & Gynecology,",West,2025-03-31 06:47:40.382964+00
ae11b424-5b72-43de-9d26-05738c5868c5,9869824910,",Dermatology,",Northeast,2025-03-31 06:47:40.39388+00
ae20e5b0-5894-4d74-aa4e-5ec7a4b0b5f1,9065342132,",Cardiology,",West,2025-03-31 06:47:40.388791+00
ae276e15-abd5-43b2-928b-5de358960b8a,6410150463,",Internal Medicine,",West,2025-03-31 06:47:40.404806+00
ae2a843e-bfb0-4a15-9209-3e7ac4cd2e6c,5832761917,",Orthopedic Surgery,",South,2025-03-31 06:47:40.392349+00
ae36dece-ee5f-4168-ad5c-63ef504a8284,7600422867,",Radiology,",South,2025-03-31 06:47:40.395395+00
ae3f91f5-0e56-4465-b57e-410221524734,3476968314,",Obstetrics & Gynecology,",South,2025-03-31 06:47:40.38386+00
ae417644-b5a8-40ff-8a77-710ce5ac56dc,3748242386,",Dermatology,",Midwest,2025-03-31 06:47:40.393035+00
ae4228ed-bde1-4f3c-829c-80850901f02e,8834609256,",Oncology,",Midwest,2025-03-31 06:47:40.402721+00
ae499a58-4986-4d81-97c6-823f2c128766,5130554020,",Psychiatry,",South,2025-03-31 06:47:40.3854+00
ae550aa0-c74a-4173-a158-05b6dc779efe,8957274732,",Internal Medicine,",West,2025-03-31 06:47:40.378622+00
ae58643c-1012-430f-b4a7-b5a156526c21,5873724490,",Anesthesiology,",Northeast,2025-03-31 06:47:40.396886+00
ae5a5d14-e525-4b6e-90f8-fcd9a6080bfc,5592843694,",Internal Medicine,",Midwest,2025-03-31 06:47:40.378864+00
ae5abc1c-8788-4ad6-81b0-a0ce5cf6de5c,5111366466,",General Surgery,",South,2025-03-31 06:47:40.386081+00
ae5e46b7-16d5-42fb-83bc-3eb8008e91fb,6999368767,",Orthopedic Surgery,",West,2025-03-31 06:47:40.392469+00
ae613bc9-e489-4915-a007-3e0974cdaa65,8851739116,",Orthopedic Surgery,",West,2025-03-31 06:47:40.390963+00
ae62b5bb-02bc-402b-afd9-4ff944254059,2310175915,",Obstetrics & Gynecology,",Northwest,2025-03-31 06:47:40.38163+00
ae64915e-b9e7-4c8f-80bd-be34f6d7e801,2049148598,",Psychiatry,",South,2025-03-31 06:47:40.38436+00
ae68d76b-f47a-44fd-8c22-6369b9fe15e5,6590312708,",Orthopedic Surgery,",Northwest,2025-03-31 06:47:40.390838+00
ae695c68-87b0-4590-8ce0-a3cc1895a246,8104076273,",Dermatology,",South,2025-03-31 06:47:40.392878+00
ae69f2fd-74c0-4ddf-8188-746b955074e0,5810820556,",Internal Medicine,",Northwest,2025-03-31 06:47:40.404307+00
ae7ca378-3cd9-4436-8af6-71f23c17ee05,2059151220,",Internal Medicine,",Northwest,2025-03-31 06:47:40.376993+00
ae7d85bb-00f5-4fe0-8c1f-e5524d77f72a,7764419459,",General Surgery,",West,2025-03-31 06:47:40.387996+00
ae837c45-2794-432c-9b61-3539855974c0,2615975075,",Internal Medicine,",West,2025-03-31 06:47:40.377201+00
ae83d912-21e5-4634-8a0c-26295dc157ef,1193110802,",Radiology,",Northeast,2025-03-31 06:47:40.395862+00
ae8b03bf-ba87-4c7f-b48b-56fe17acd116,4885050978,",Psychiatry,",Northeast,2025-03-31 06:47:40.384754+00
ae9a22e7-b4ff-4d24-a749-5d8138aa69ba,8622161974,",Orthopedic Surgery,",Northeast,2025-03-31 06:47:40.392022+00
ae9a389f-e46b-40e6-9d57-0c3708908105,6810430605,",Radiology,",West,2025-03-31 06:47:40.395518+00
aea964f1-a399-4be0-8ddb-4dec01207ffd,5144044477,",General Surgery,",South,2025-03-31 06:47:40.387783+00
aeae7386-c386-403c-9741-2209ba2f2bc2,6200536621,",Oncology,",Midwest,2025-03-31 06:47:40.402744+00
aeafae54-56b4-43ae-ac18-39456657e083,8211702146,",Orthopedic Surgery,",Northwest,2025-03-31 06:47:40.392552+00
aeb4dc9a-07da-432f-8c21-da3e2ae7f271,9666227597,",Dermatology,",Midwest,2025-03-31 06:47:40.393024+00
aeb7ee26-c790-4e9b-81a5-654566287568,9554857519,",Psychiatry,",South,2025-03-31 06:47:40.385018+00
aeb9e6c3-5ed3-4dfd-8ff1-6eb0a07a86b5,2618128754,",Pulmonology,",Northeast,2025-03-31 06:47:40.401716+00
aebe138a-14bd-4bbf-b8ed-34c1d8b2489a,2837728660,",Nephrology,",Midwest,2025-03-31 06:47:40.402487+00
aec60491-b99a-4f48-9a2d-91978ef1b5b3,6602361207,",Cardiology,",South,2025-03-31 06:47:40.389759+00
aecd78dd-44ac-4a92-964b-331f821810fd,3739054209,",Radiology,",Northwest,2025-03-31 06:47:40.395232+00
aed2a3d2-97d0-4e02-b76a-d62878869efa,3375683019,",Urology,",Midwest,2025-03-31 06:47:40.400874+00
aed2d278-7eaa-434c-9d49-26f903405b66,4557216723,",Anesthesiology,",West,2025-03-31 06:47:40.397316+00
aed4057d-f940-471f-9cf6-41589659d84e,4611870964,",Orthopedic Surgery,",West,2025-03-31 06:47:40.392283+00
aed5d240-9359-4d26-8b45-93908b1baffe,3960613032,",Internal Medicine,",Northwest,2025-03-31 06:47:40.404167+00
aed953ca-3a7e-43f7-9260-20a82371f481,3826879632,",Internal Medicine,",South,2025-03-31 06:47:40.378135+00
aeec91ba-25b5-4215-b993-9e812ab129a7,6807413890,",Internal Medicine,",Midwest,2025-03-31 06:47:40.380052+00
aef23d3d-2e58-4a96-9cfd-9bc014b6ce53,5139726863,",Internal Medicine,",South,2025-03-31 06:47:40.380572+00
aef44ed5-cdc3-4246-a9f9-588dddd7ec2f,3582942995,",Orthopedic Surgery,",South,2025-03-31 06:47:40.391223+00
aef5df4c-10f8-4a6c-960f-5a162693cb6d,9684509562,",Radiology,",South,2025-03-31 06:47:40.39445+00
af142bcc-7d28-4f67-be66-7f6139b1cc3a,3369241866,",Nephrology,",South,2025-03-31 06:47:40.402212+00
af1ad533-547f-44c2-8370-54e8f390a3b1,7262094883,",Gastroenterology,",West,2025-03-31 06:47:40.399815+00
af1bb048-d970-4e1f-be30-49b5a93373ba,6981119730,",Internal Medicine,",Midwest,2025-03-31 06:47:40.379316+00
af20d900-8af3-4194-a284-8329a9dc69ec,1939222850,",Neurology,",Midwest,2025-03-31 06:47:40.398149+00
af2e9493-9d31-4703-8a33-d9392fb04f99,6699332520,",Psychiatry,",Northwest,2025-03-31 06:47:40.385664+00
af2f8476-c47c-42bb-a89a-e1f997d4c86b,3689684606,",Orthopedic Surgery,",West,2025-03-31 06:47:40.403424+00
af3cb580-c95d-482b-8edd-e106a6dbf90f,4471941923,",Obstetrics & Gynecology,",West,2025-03-31 06:47:40.382227+00
af3d9a3d-03bb-4aec-b607-3b13af55a462,2016073993,",Pulmonology,",Northeast,2025-03-31 06:47:40.401178+00
af445043-339c-4928-b6a1-22ebb0494ac1,1678182708,",Gastroenterology,",South,2025-03-31 06:47:40.39968+00
af47d87e-ab04-4b15-ac9f-933bf8604fd8,3224352638,",Pulmonology,",West,2025-03-31 06:47:40.401192+00
af4d35fe-ee2f-4db6-9983-42a8e5aa56b6,5409833732,",Radiology,",South,2025-03-31 06:47:40.395685+00
af53eb3a-145b-42be-9c24-bb886f5c58f1,6779712639,",Gastroenterology,",West,2025-03-31 06:47:40.399102+00
af57ba36-de23-4cef-9530-c4db5344db38,4675349058,",Dermatology,",West,2025-03-31 06:47:40.392658+00
af5ab820-724c-4879-b722-e6b76785f46e,7399510866,",Obstetrics & Gynecology,",West,2025-03-31 06:47:40.382253+00
af7d848d-b82a-4793-aaae-d125973160a2,2775198720,",General Surgery,",Northeast,2025-03-31 06:47:40.386861+00
af7f208b-b603-4dd7-9b43-457f85c18c0d,8516688272,",Internal Medicine,",West,2025-03-31 06:47:40.378554+00
af8ac272-765e-4b81-a050-b12c7568c76f,6967899657,",Orthopedic Surgery,",Northwest,2025-03-31 06:47:40.391917+00
af9025ac-d7d7-41bd-a699-7bcdfd78d21c,2168326187,",Pulmonology,",South,2025-03-31 06:47:40.401355+00
af959b9a-f2bb-489b-9417-2b7e6e8e0ed4,7954596600,",Internal Medicine,",Northwest,2025-03-31 06:47:40.377816+00
af9a72e5-ac0b-4c9c-af8f-499cfec8a2a1,9229788024,",Orthopedic Surgery,",West,2025-03-31 06:47:40.392112+00
afa03505-0251-46f9-be15-6d21a688e18d,8716053742,",Orthopedic Surgery,",West,2025-03-31 06:47:40.391774+00
afa0dba4-f351-4c49-b73a-901259bc0ad4,9001870112,",Internal Medicine,",Northwest,2025-03-31 06:47:40.377822+00
afa43e10-3db5-4b9b-8632-c8d248b2419e,4127119760,",Internal Medicine,",Northeast,2025-03-31 06:47:40.380487+00
afb5b423-11b8-49fd-a943-d886d714707f,8865441365,",Psychiatry,",Midwest,2025-03-31 06:47:40.384724+00
afbf06d4-f98a-480e-b6b6-fd9d9ff908cb,7092147052,",Psychiatry,",South,2025-03-31 06:47:40.384334+00
afe082a5-11b8-4c69-b152-0d1cb8c27195,6704828166,",Internal Medicine,",Northwest,2025-03-31 06:47:40.377745+00
aff7cd12-dcd6-44ac-9ac4-cbe48d811a7e,6826863301,",Internal Medicine,",Northwest,2025-03-31 06:47:40.378468+00
aff84418-b22b-4f8b-98ca-916d96e35570,3372303211,",Cardiology,",West,2025-03-31 06:47:40.39014+00
affaa9be-0019-4df9-abb1-d971da072c49,5671722246,",Psychiatry,",Midwest,2025-03-31 06:47:40.385171+00
affdce2d-d5f6-4fd1-9f0d-8e89a8d7f7cb,5362709739,",Internal Medicine,",Midwest,2025-03-31 06:47:40.376295+00
b0243f9a-f73f-415a-ab8b-d4dff09382cb,2112296591,",Cardiology,",West,2025-03-31 06:47:40.388984+00
b03872c5-9dc7-488e-bda7-e871850d4771,8912914685,",Cardiology,",West,2025-03-31 06:47:40.388902+00
b05c33a7-f13b-437b-b643-ff8a31c7e8e9,6455321132,",Dermatology,",Northwest,2025-03-31 06:47:40.392812+00
b05d848c-5658-438a-a200-bc7c65d67b20,8902351211,",Radiology,",West,2025-03-31 06:47:40.395291+00
b064c4b8-face-42cb-ab58-d5368abfdfd0,1340539413,",Internal Medicine,",Northeast,2025-03-31 06:47:40.37736+00
b07a8c70-c6e2-4639-9148-3f549fbbe1e2,9618404844,",Obstetrics & Gynecology,",Northeast,2025-03-31 06:47:40.381757+00
b07ed110-d0d4-4a94-943d-f0aabc49fb61,1946618072,",Orthopedic Surgery,",Northwest,2025-03-31 06:47:40.39153+00
b0825704-3ae5-4806-8f7e-d5781c088835,6033153215,",Internal Medicine,",Northeast,2025-03-31 06:47:40.376998+00
b0913498-2b76-4d2a-9529-7dbcb04877c1,8600608726,",Anesthesiology,",West,2025-03-31 06:47:40.395944+00
b093a814-4376-45cb-a739-c89b1b93098d,2783511919,",Anesthesiology,",West,2025-03-31 06:47:40.396728+00
b0972c1c-5cbb-4f94-8e32-5b939ca2f3e8,3785055092,",Internal Medicine,",Northeast,2025-03-31 06:47:40.379764+00
b09aaa6b-5d90-4b55-a6fe-a277780deb7f,8229166144,",Anesthesiology,",South,2025-03-31 06:47:40.396555+00
b09db7d0-d25c-4900-859c-701427dada1c,8729973568,",Cardiology,",Midwest,2025-03-31 06:47:40.390342+00
b09f28bf-30d0-4609-92ff-607bdc55a225,5591363274,",Anesthesiology,",Northwest,2025-03-31 06:47:40.397678+00
b0a1db0e-ea5d-4c8f-82df-147db9ccd140,3386915852,",Obstetrics & Gynecology,",West,2025-03-31 06:47:40.383409+00
b0a33ea9-e1b9-4d4c-b050-dafc6cd76b26,4455678421,",Neurology,",Midwest,2025-03-31 06:47:40.399045+00
b0a88571-177f-46f1-832a-82a317b84e5f,3732376123,",Internal Medicine,",West,2025-03-31 06:47:40.378316+00
b0ac1ab5-4a42-416e-a4f1-8c6c55c2f022,1648975166,",Obstetrics & Gynecology,",Northwest,2025-03-31 06:47:40.383138+00
b0b7db47-7dfa-4c8a-8cef-9b420280c429,7646487317,",Internal Medicine,",Midwest,2025-03-31 06:47:40.378121+00
b0bfceee-e23d-4f0d-9478-90084c810a35,8887791878,",Pulmonology,",Midwest,2025-03-31 06:47:40.401276+00
b0c2a15e-9cf3-4b82-887c-fda08328ca49,6144198989,",Internal Medicine,",West,2025-03-31 06:47:40.380263+00
b0c35d9d-c332-4e95-8859-15faab99308d,6491295575,",Internal Medicine,",Northwest,2025-03-31 06:47:40.376173+00
b0c9b6bb-f67b-47e5-b06a-ec91aec8aa2e,9539011328,",Psychiatry,",Northeast,2025-03-31 06:47:40.384748+00
b0ccf008-22cd-4256-be6f-cdb80b24d766,5235541974,",Internal Medicine,",Northwest,2025-03-31 06:47:40.37947+00
b0d01ddc-e532-47c9-b5d4-d529d62d2fa7,4064450253,",Cardiology,",Northwest,2025-03-31 06:47:40.389136+00
b0d5e60d-4df4-46bb-9bf3-38a4e3bf6b4e,2194431685,",General Surgery,",West,2025-03-31 06:47:40.388086+00
b0f66ef6-f891-491b-9a46-7ca9f8e39c8a,5600924309,",Neurology,",Midwest,2025-03-31 06:47:40.398382+00
b1011bf4-75bc-4418-9369-b953d5a4f436,9315289973,",General Surgery,",Midwest,2025-03-31 06:47:40.387142+00
b1149319-97c4-44cc-939d-f83a3e67f66f,7698687820,",Internal Medicine,",West,2025-03-31 06:47:40.37956+00
b11b70c4-3159-4128-bc95-78ab76959b0c,6611874047,",Anesthesiology,",West,2025-03-31 06:47:40.397702+00
b120f6d4-4678-4639-ac9f-b6c74cf5d8fd,6412986809,",Radiology,",Northeast,2025-03-31 06:47:40.394778+00
b1265a76-c152-46c6-94f4-5a1d20ed1110,4874572470,",Psychiatry,",Northwest,2025-03-31 06:47:40.38605+00
b12da869-be95-49ee-b2b5-5bf4b53bf876,9122433872,",Gastroenterology,",Northwest,2025-03-31 06:47:40.399858+00
b132a6a0-566e-4b67-9bdb-b8b462a274d3,8050784027,",General Surgery,",Midwest,2025-03-31 06:47:40.386347+00
b138217c-cd34-4534-8659-ddb349d01deb,1050893026,",Internal Medicine,",Northwest,2025-03-31 06:47:40.378798+00
b13f4874-0945-4e2b-8c86-ef7c08eece84,1078230898,",General Surgery,",West,2025-03-31 06:47:40.387909+00
b142d185-975e-45d3-ac5c-6e5e25dfe645,6110520658,",Obstetrics & Gynecology,",Midwest,2025-03-31 06:47:40.383752+00
b1456a37-d310-4ff9-a7cf-6146cf495207,2634911308,",Psychiatry,",Northeast,2025-03-31 06:47:40.384963+00
b1524e50-5a65-417a-8bc9-0fc9f75ef4e2,7190923004,",Dermatology,",Midwest,2025-03-31 06:47:40.393966+00
b1572f0a-6e24-481f-bb03-c2451ade3f8e,9590781732,",Pulmonology,",Northwest,2025-03-31 06:47:40.401147+00
b1576a33-6863-4d6f-bb38-4798cffa7ba0,5474482518,",Internal Medicine,",Northwest,2025-03-31 06:47:40.376941+00
b16c2050-8729-4ae3-89b9-775a57bc2578,3452268231,",General Surgery,",Northeast,2025-03-31 06:47:40.387632+00
b16dbcf8-9458-4483-8eef-7e78f835a855,2317923785,",Cardiology,",Midwest,2025-03-31 06:47:40.389973+00
b170c1bf-40a3-47c2-8bb8-f2ee1a45b7ba,6558986881,",Orthopedic Surgery,",West,2025-03-31 06:47:40.392341+00
b170fcb1-3cb7-4ba2-8696-a3039b4370d1,5501808460,",Dermatology,",West,2025-03-31 06:47:40.393059+00
b173cc19-057d-4f01-8f4f-24874a24b702,9930762604,",Dermatology,",South,2025-03-31 06:47:40.393495+00
b1767db3-b28a-4666-ac20-dfe0acc9a778,9986824529,",Cardiology,",Northeast,2025-03-31 06:47:40.39042+00
b17d4e39-5223-4e0f-aad8-df0053fbc4c1,4894983458,",Internal Medicine,",Northeast,2025-03-31 06:47:40.378491+00
b17e492f-aae6-497f-af39-2e788b287601,5612826927,",Pulmonology,",South,2025-03-31 06:47:40.401389+00
b189afef-374a-460d-8d4d-639ff3f045e2,2164449682,",General Surgery,",Northwest,2025-03-31 06:47:40.386538+00
b192a2b7-cf25-46da-82ea-7d01a9ac9798,5292091991,",Oncology,",West,2025-03-31 06:47:40.40263+00
b195b13b-5336-4023-af0d-98028d338a60,7091210346,",Radiology,",Midwest,2025-03-31 06:47:40.395271+00
b1983856-55c0-410b-be04-be1754c5d7f3,2580960206,",Internal Medicine,",Midwest,2025-03-31 06:47:40.38103+00
b19e3d0a-f386-4ac3-b1ca-f4cb463d8d5f,3298437001,",Radiology,",South,2025-03-31 06:47:40.395363+00
b19f583c-3f5d-4da3-81eb-29ce46eb2b2e,1739469980,",Gastroenterology,",Northeast,2025-03-31 06:47:40.39993+00
b1a3950f-d14b-49b5-a26f-80e5c3271b9b,6997916856,",Psychiatry,",Northeast,2025-03-31 06:47:40.385583+00
b1b70653-ebf0-44df-9aa3-1af174f4a4f5,7653398191,",Anesthesiology,",South,2025-03-31 06:47:40.397501+00
b1c01267-a863-42ca-bb32-9517f0d82c96,3726900090,",Internal Medicine,",Midwest,2025-03-31 06:47:40.380581+00
b1c316d6-abde-4ced-91f6-40d89a09c338,2007459530,",Nephrology,",Midwest,2025-03-31 06:47:40.402255+00
b1c7a71f-d788-41c0-bd8d-e461ef229344,8687792244,",Radiology,",South,2025-03-31 06:47:40.394562+00
b1cfdc37-4350-4b25-b328-6998f219fdf4,6754883385,",General Surgery,",Northeast,2025-03-31 06:47:40.403076+00
b1d4a369-f601-43dd-aa2e-22c2eb31d194,2344958697,",Gastroenterology,",Midwest,2025-03-31 06:47:40.399719+00
b1d63ecc-f4b8-44e0-8b5f-d7ced51d9144,2166474434,",Internal Medicine,",West,2025-03-31 06:47:40.377368+00
b1ee358f-f3c2-47d4-b805-f666a0a6463b,1626443973,",Cardiology,",Midwest,2025-03-31 06:47:40.390502+00
b1eec4c5-abe5-4d14-b8e1-d69f2d851833,8946657104,",Orthopedic Surgery,",South,2025-03-31 06:47:40.392239+00
b1f008a6-4469-46f2-a6a0-bb8ebb84376e,1995939021,",Orthopedic Surgery,",West,2025-03-31 06:47:40.390835+00
b1f133fe-fecc-4ea4-a668-705ad80bf8a7,3752686467,",General Surgery,",West,2025-03-31 06:47:40.386449+00
b1f84008-602b-45b7-bd74-dd80416dfdb7,5277135345,",Obstetrics & Gynecology,",Northeast,2025-03-31 06:47:40.382529+00
b1fac312-2156-470b-9936-d58b6090d9bc,6523313458,",Internal Medicine,",South,2025-03-31 06:47:40.381211+00
b1ff054c-8b2f-4e9a-8f43-97dfc1b89f13,1379141279,",Psychiatry,",Northwest,2025-03-31 06:47:40.385565+00
b2028b29-811b-42ad-af41-9a1a0698cf8a,6006032512,",Anesthesiology,",West,2025-03-31 06:47:40.39753+00
b20b2333-bb12-46ca-9e59-bdfcf965ee62,7736700989,",Cardiology,",South,2025-03-31 06:47:40.388548+00
b21c7a29-18a7-4cbd-b5ad-d6ea017228ec,8393292878,",Gastroenterology,",South,2025-03-31 06:47:40.399693+00
b21dd936-7aba-42cd-b63c-04f3cdbe89b6,1977850955,",Nephrology,",Northeast,2025-03-31 06:47:40.40204+00
b21fe8ea-e748-4e0d-accf-7143eb88bb18,5692203566,",Internal Medicine,",Northeast,2025-03-31 06:47:40.37852+00
b223f5a7-3132-46b7-8907-b6c74797efcd,3194332526,",Internal Medicine,",West,2025-03-31 06:47:40.379551+00
b22813c8-dc6f-429f-9b76-6693ab681884,1520601497,",Psychiatry,",Midwest,2025-03-31 06:47:40.384387+00
b22ccdb8-cf3c-4f69-877d-d1da4118a047,9233331054,",Nephrology,",Northeast,2025-03-31 06:47:40.402326+00
b2348da9-d52f-4287-8bcb-3856fbe124db,4702444546,",Gastroenterology,",Northwest,2025-03-31 06:47:40.404247+00
b26b725f-86d3-4680-9c7f-0e86089f2fed,1241834002,",Radiology,",West,2025-03-31 06:47:40.403725+00
b277e461-e8ba-4046-9c5a-242b5d88d465,7870445883,",Obstetrics & Gynecology,",South,2025-03-31 06:47:40.381937+00
b290d637-f1f1-4410-a017-67987ec04109,9197940610,",Psychiatry,",Midwest,2025-03-31 06:47:40.38484+00
b29b8526-ecd8-46cd-abb5-bff431d2aca9,5937940558,",Pulmonology,",South,2025-03-31 06:47:40.404818+00
b29bb4aa-7c2f-4916-b8d1-1361bb1bd81a,9085230383,",Anesthesiology,",West,2025-03-31 06:47:40.397036+00
b2aa1c27-b18d-4d0d-83e7-860c708a989a,1731807000,",Radiology,",Northwest,2025-03-31 06:47:40.394673+00
b2b02fb6-e4eb-4f77-8413-0b695849a326,7903557615,",Nephrology,",South,2025-03-31 06:47:40.402112+00
b2b5bca9-f329-4de4-ad58-15fe122f1d09,2708355813,",Psychiatry,",Northeast,2025-03-31 06:47:40.385695+00
b2b627b7-ceed-439c-9739-cffbb75d02b3,5256360608,",Radiology,",West,2025-03-31 06:47:40.395014+00
b2b64bfb-6f4a-42a7-b8c5-74205e9b14f7,7941228499,",Dermatology,",Northeast,2025-03-31 06:47:40.39355+00
b2b746f4-7b78-4ebd-8821-6b3230d0ecc5,9982384692,",Internal Medicine,",Northeast,2025-03-31 06:47:40.37888+00
b2bbd17f-09ba-4648-825b-c42ece125ed1,6739056209,",Psychiatry,",South,2025-03-31 06:47:40.38418+00
b2bd4782-97b4-42ee-93a3-e5231333e023,3489007575,",Orthopedic Surgery,",Midwest,2025-03-31 06:47:40.3914+00
b2c3e231-9186-4951-973d-268c0ad638ec,7202879915,",Pulmonology,",Northeast,2025-03-31 06:47:40.40171+00
b2ca59f6-fca7-4bc6-bf56-3d7eefd4cce1,1190758672,",Internal Medicine,",South,2025-03-31 06:47:40.381416+00
b2cceb89-d2ff-4fdd-80df-fd1133712d9b,9505656654,",Obstetrics & Gynecology,",West,2025-03-31 06:47:40.383489+00
b2d15fc0-8b0c-4078-9757-ad4f72850da2,7576298243,",Psychiatry,",South,2025-03-31 06:47:40.384613+00
b2d6b81a-cd2b-4187-a1a9-8b6a82e63e24,1647437685,",Psychiatry,",Northeast,2025-03-31 06:47:40.384777+00
b2dfa47f-d9f7-43fc-938c-aa466e0c0602,5961762755,",Radiology,",Northeast,2025-03-31 06:47:40.395935+00
b2e090ae-930a-4c7d-bcc8-ffe1cdb1afe4,9852636930,",Internal Medicine,",West,2025-03-31 06:47:40.377819+00
b2e168aa-a781-4a79-bc85-320996c9dc2d,3204615377,",Obstetrics & Gynecology,",Northwest,2025-03-31 06:47:40.38264+00
b2e19e9b-8441-46be-a6a7-ed1561d666ec,1561334253,",Internal Medicine,",Northeast,2025-03-31 06:47:40.377443+00
b2e267d2-22d6-48fd-a4ac-82db7528f17e,2177668093,",Psychiatry,",Midwest,2025-03-31 06:47:40.383972+00
b2e4cdd0-6af0-4f44-8b04-bba2168b71c3,9360064116,",Cardiology,",Northwest,2025-03-31 06:47:40.390559+00
b2e5c125-aed5-4a20-bba9-efe57f123990,8873136912,",Urology,",South,2025-03-31 06:47:40.401013+00
b2ebe285-67e4-453d-81a2-9cbb88ad74f3,7968536176,",Internal Medicine,",South,2025-03-31 06:47:40.378767+00
b2ecbb29-ac60-4837-a8e4-769a0c861551,4051540317,",Psychiatry,",South,2025-03-31 06:47:40.384656+00
b3001d37-a3e1-4470-bf08-aba333d30405,5032342492,",Internal Medicine,",Midwest,2025-03-31 06:47:40.404644+00
b3063286-8621-453f-b1fc-3b2f0952ac98,7500638942,",Neurology,",West,2025-03-31 06:47:40.398444+00
b3095ebb-ad8a-4038-ba07-0d38367debee,8288680975,",Obstetrics & Gynecology,",South,2025-03-31 06:47:40.383514+00
b309e7cd-a62a-4adc-be2e-87c1cfcb6f6a,1897072740,",Internal Medicine,",Midwest,2025-03-31 06:47:40.381041+00
b30c2cb0-67af-4f45-968f-2b695c0dde6e,1692327087,",Gastroenterology,",Northwest,2025-03-31 06:47:40.400158+00
b30cac77-a1d3-46fe-a8d0-75d6b7b4e697,6663848001,",Neurology,",Midwest,2025-03-31 06:47:40.399021+00
b31dccc1-2697-42dd-936f-482dd0b60424,1757449715,",Urology,",Midwest,2025-03-31 06:47:40.400336+00
b3206bd0-47b8-40fd-8015-6d12c1b3f5de,6109693316,",Orthopedic Surgery,",South,2025-03-31 06:47:40.39209+00
b3219d08-66b9-43f3-8859-dc7bb860ea6e,9211741654,",Cardiology,",South,2025-03-31 06:47:40.389676+00
b3236c3f-ee16-4e4f-af8d-2de24d4583f6,4700446890,",Internal Medicine,",Northeast,2025-03-31 06:47:40.380054+00
b3293f66-b3d0-4a74-8622-00f122d45b35,8340694032,",Pulmonology,",Northeast,2025-03-31 06:47:40.401352+00
b32db89c-bece-4bcc-90bd-81f4f4b55d16,7290933521,",Psychiatry,",West,2025-03-31 06:47:40.386047+00
b33230db-4c4a-4a4d-865f-a248e0adea76,9439876419,",Internal Medicine,",Northwest,2025-03-31 06:47:40.403626+00
b33303b7-bbea-485f-95b0-e36aa37448e2,9601279346,",Radiology,",Northeast,2025-03-31 06:47:40.404235+00
b34dc9a0-fba3-44c1-aef4-cd17f2d89162,9521148409,",Urology,",South,2025-03-31 06:47:40.400814+00
b34ddc5c-40de-4c07-98ab-d4675e0a7f92,3021137559,",Anesthesiology,",Midwest,2025-03-31 06:47:40.39617+00
b3504a0e-79ac-4f3f-bc66-cc64ca050882,6632656663,",Pulmonology,",Northwest,2025-03-31 06:47:40.401093+00
b35911b8-d0d6-40f5-a375-c9b315e452dc,5240626367,",Anesthesiology,",South,2025-03-31 06:47:40.396464+00
b35a77d6-a8da-4590-b70e-17f95dd5c3ff,7327444789,",Urology,",Northwest,2025-03-31 06:47:40.401055+00
b3617cb9-3438-4c4e-9e4a-e541c692fc22,1227978156,",Internal Medicine,",Northwest,2025-03-31 06:47:40.376979+00
b36b9d5e-8371-4d2d-b0be-a90c4a532997,2456495192,",Psychiatry,",Northwest,2025-03-31 06:47:40.384848+00
b3722da5-24ce-4474-b33f-69ae20497a35,6368047151,",Radiology,",West,2025-03-31 06:47:40.395817+00
b38c21ae-42a7-42e4-907a-db902f28c825,6091061721,",Cardiology,",South,2025-03-31 06:47:40.389888+00
b38d8e87-7667-4280-8fb0-a5ce42cf6ff1,6142167076,",Neurology,",Northeast,2025-03-31 06:47:40.39827+00
b3929893-8dcc-4698-bb89-50da6c0ea608,6224345685,",Internal Medicine,",West,2025-03-31 06:47:40.376871+00
b3bb3ed6-6948-44c1-a561-533412862174,8331090945,",Urology,",Northeast,2025-03-31 06:47:40.4006+00
b3cc578a-b387-4a0f-b1ae-7b51851182d6,6750735557,",Cardiology,",South,2025-03-31 06:47:40.389401+00
b3ce1946-b0d0-4aa4-9b15-569126205e7f,9909623939,",Internal Medicine,",Northwest,2025-03-31 06:47:40.37795+00
b3d18fa7-3a71-48ec-a199-fc4c2e86c06c,8044430745,",Gastroenterology,",South,2025-03-31 06:47:40.40017+00
b3d20581-6d5b-4555-aa59-b626b4690afa,5813434185,",Dermatology,",South,2025-03-31 06:47:40.393176+00
b3d8170d-546f-4798-bbb4-02dfdb6adee2,6424051205,",Orthopedic Surgery,",Northeast,2025-03-31 06:47:40.391971+00
b3e74969-e1c4-494f-aca5-18d4607d7c77,2040645981,",Oncology,",Northwest,2025-03-31 06:47:40.404721+00
b3e8f526-aa8b-474c-8fe2-a723105a23f6,1166098686,",Internal Medicine,",Midwest,2025-03-31 06:47:40.379509+00
b3e96650-88c0-4793-bd3e-2d83e7d910f7,4609022865,",Radiology,",West,2025-03-31 06:47:40.395735+00
b3eaf5c1-1a97-4816-b562-d96d84c428ba,8005509992,",Internal Medicine,",Midwest,2025-03-31 06:47:40.378147+00
b3ede359-5253-469c-a510-2a92882760c2,1230339523,",Internal Medicine,",Midwest,2025-03-31 06:47:40.379328+00
b3f0b770-b601-4682-ab71-915f670f0a97,1180574307,",Internal Medicine,",Northwest,2025-03-31 06:47:40.377299+00
b3f5da81-0a97-438c-92bf-3c9902f83f19,9589812829,",Dermatology,",West,2025-03-31 06:47:40.393817+00
b3fafcc9-7eeb-4acf-996a-b9b381f63837,7728506417,",Internal Medicine,",West,2025-03-31 06:47:40.380673+00
b3ff6748-c066-463a-9457-6a8ef386009a,1991767171,",Internal Medicine,",Midwest,2025-03-31 06:47:40.378906+00
b3ffd826-ec5b-4976-b6cc-1a6727524444,8293657924,",Internal Medicine,",Midwest,2025-03-31 06:47:40.378867+00
b4075507-0d09-4e03-a489-dd2ab632c334,7393066425,",Gastroenterology,",Northeast,2025-03-31 06:47:40.399277+00
b408f599-3747-4706-a653-e23f1390ac15,2634361278,",Dermatology,",Northwest,2025-03-31 06:47:40.393255+00
b409bd2c-8444-46d0-b29a-1b084c822c3f,4281598142,",Radiology,",Northwest,2025-03-31 06:47:40.394311+00
b40ef6b9-9a6d-4254-99fd-ef82b90376d4,4619620406,",Internal Medicine,",West,2025-03-31 06:47:40.377101+00
b417d720-9954-4b5c-868c-c73816ff8cd6,4520121956,",Internal Medicine,",West,2025-03-31 06:47:40.377739+00
b4281002-b43f-472d-8ea5-bfa6b91cb221,9072593323,",Oncology,",Northeast,2025-03-31 06:47:40.403048+00
b4284180-b1b2-49da-891f-89837e5c3a86,3059751942,",Neurology,",Northwest,2025-03-31 06:47:40.398915+00
b429d904-cc64-4108-a733-0b8be39bcb00,3523016327,",Obstetrics & Gynecology,",Midwest,2025-03-31 06:47:40.382851+00
b43586cb-7f4b-4d2f-8482-642c2c4645aa,8012854012,",Neurology,",South,2025-03-31 06:47:40.399067+00
b437874b-5ae4-4ee8-9edb-983e8185c4ed,9130004433,",Dermatology,",South,2025-03-31 06:47:40.393184+00
b4396255-29f8-48ea-948d-ffcaf68b4184,6175873038,",Orthopedic Surgery,",Northwest,2025-03-31 06:47:40.390813+00
b440c086-9989-41eb-a355-d150b3a0dc9c,2259539306,",Pulmonology,",West,2025-03-31 06:47:40.401152+00
b459a8eb-472d-4784-b10d-d83cfb8d6aff,2615162678,",Urology,",Northeast,2025-03-31 06:47:40.400382+00
b45c7da8-4add-4ae0-80c2-bf12cc2f6e09,4097780045,",Pulmonology,",Northeast,2025-03-31 06:47:40.401729+00
b4605d9f-c872-460a-857b-db912081a589,7823418374,",Internal Medicine,",South,2025-03-31 06:47:40.403576+00
b46db7f2-1e7c-47c8-9ea5-bc231dbbba6e,8726636851,",Urology,",West,2025-03-31 06:47:40.400854+00
b4715e2a-34e6-4821-9add-e0810e33ffa2,4560681459,",Psychiatry,",West,2025-03-31 06:47:40.384225+00
b4718928-b44b-4de8-8a52-aa3739a9a0e0,4159971936,",Pulmonology,",South,2025-03-31 06:47:40.401601+00
b48281d8-ac13-4306-8beb-2a190e1963b9,5614429916,",Internal Medicine,",South,2025-03-31 06:47:40.403629+00
b48b0b7a-ad22-4239-8e62-a65e319a539e,2488317103,",Internal Medicine,",Northwest,2025-03-31 06:47:40.403263+00
b48ff53e-cccb-4dd0-90cf-06d0d694858a,1033408431,",Psychiatry,",West,2025-03-31 06:47:40.385978+00
b490e070-d697-4537-a5a4-f6908a23357b,7253420834,",Cardiology,",South,2025-03-31 06:47:40.388684+00
b490eb70-b8fa-4337-bd07-15a620fa7a80,3327904298,",Orthopedic Surgery,",South,2025-03-31 06:47:40.39218+00
b4976e0c-3a67-4749-ac52-8f7a904f6a28,7548694008,",Internal Medicine,",West,2025-03-31 06:47:40.379971+00
b499189e-3119-4d26-bc65-e4fa231fb280,2837573743,",Internal Medicine,",Northwest,2025-03-31 06:47:40.40347+00
b4a3c33e-a67d-4e8c-924f-baf8851b61e9,8256394548,",Radiology,",Midwest,2025-03-31 06:47:40.394709+00
b4b316f2-3029-4f02-9a41-0ee3af498be9,4123544927,",Internal Medicine,",West,2025-03-31 06:47:40.381282+00
b4b7debc-f71d-4a2d-9640-eeec003bb1b1,4444033638,",General Surgery,",West,2025-03-31 06:47:40.38803+00
b4d2c784-9ca9-4666-9f48-14378b5950a3,1666977372,",Internal Medicine,",Midwest,2025-03-31 06:47:40.378254+00
b4e13fd8-1f81-4fd9-bc70-4ff89fc26cf1,7530538129,",Gastroenterology,",South,2025-03-31 06:47:40.399184+00
b4e3561a-eddf-4b23-8fbe-749c85a0d09d,7410294683,",Cardiology,",Midwest,2025-03-31 06:47:40.38837+00
b4e66048-5f2c-41fc-9a42-cd57011c8d95,9381295712,",General Surgery,",Northeast,2025-03-31 06:47:40.387518+00
b4e66ed4-e7c1-44c9-b756-af16248abc8f,5189586192,",Dermatology,",West,2025-03-31 06:47:40.393604+00
b4e6c8d8-a4d4-418d-8a3e-dbd26b875bfd,6290743346,",Anesthesiology,",Northeast,2025-03-31 06:47:40.397153+00
b4ec9782-434e-4869-b958-caf5b2d5e3b9,4202185824,",Obstetrics & Gynecology,",Midwest,2025-03-31 06:47:40.382369+00
b4ef3184-97f1-4911-a706-456179244e57,7695269902,",Internal Medicine,",Northwest,2025-03-31 06:47:40.376082+00
b4f46941-f63d-4fb5-9c1b-ba71237eaf47,7424572533,",Psychiatry,",Northeast,2025-03-31 06:47:40.384517+00
b4f8e42a-99a7-43e1-ad5b-c54faf39e61a,2949409904,",Gastroenterology,",Northwest,2025-03-31 06:47:40.399553+00
b5298c84-8158-4426-b16d-d888457c0e82,2081510690,",Psychiatry,",West,2025-03-31 06:47:40.384062+00
b52a5ed3-bc72-41b3-a4dd-3383f5516279,1853946793,",Pulmonology,",Northeast,2025-03-31 06:47:40.401288+00
b534cb14-389f-4722-a744-b2168b6573b9,5316214032,",Psychiatry,",Northeast,2025-03-31 06:47:40.385145+00
b53c4dc7-304a-4dbb-ab15-24051edf838c,3984291073,",Dermatology,",Midwest,2025-03-31 06:47:40.394157+00
b541e37a-3b5e-4a3a-8e4b-3cd04548bdc1,1353239555,",General Surgery,",South,2025-03-31 06:47:40.386665+00
b546c70a-b330-444e-9f1d-d2b331af935c,7020906836,",Anesthesiology,",Northwest,2025-03-31 06:47:40.396623+00
b54fb7bf-06c8-4c27-85a9-c4122fd230b4,9754216468,",Cardiology,",South,2025-03-31 06:47:40.388961+00
b5531f89-05f4-4891-a2f8-f6701cbc284f,7031871653,",Orthopedic Surgery,",Northeast,2025-03-31 06:47:40.391717+00
b568d738-6806-4538-920f-9203235678b0,5887472722,",Psychiatry,",Northeast,2025-03-31 06:47:40.384712+00
b57aff26-6ef1-4d92-8808-cda726245eb5,4603098362,",Dermatology,",South,2025-03-31 06:47:40.393524+00
b582c187-4dd5-4eaf-bb57-48eb24e3da03,8422941994,",Neurology,",Northeast,2025-03-31 06:47:40.398471+00
b5898a2c-19bd-4f1c-bd78-4251cacfecd8,1678766266,",General Surgery,",Northeast,2025-03-31 06:47:40.386137+00
b58a03c9-f124-467a-ad8e-0c7b8ab079ee,7286875518,",General Surgery,",Midwest,2025-03-31 06:47:40.386597+00
b5a9135a-8297-46b3-bbf0-b78ca9bf7db5,5069734203,",Internal Medicine,",Midwest,2025-03-31 06:47:40.378608+00
b5ab95a2-f3e9-4d34-bfeb-56cd55e42590,7159883034,",Oncology,",West,2025-03-31 06:47:40.402785+00
b5b6f113-273e-4e71-8c1c-ec41371d559f,5562967060,",Neurology,",Northeast,2025-03-31 06:47:40.398777+00
b5bb585d-c0df-41e1-99d3-199fd9b7a6ed,6562426018,",Cardiology,",West,2025-03-31 06:47:40.390316+00
b5c109d3-55b4-410d-8f42-b4cb73894b59,6553213867,",Gastroenterology,",West,2025-03-31 06:47:40.399336+00
b5cf7fd8-34d9-4ec4-bca1-7998f54942e7,8338173244,",General Surgery,",West,2025-03-31 06:47:40.387912+00
b5d33e34-e731-411d-915d-b6f0b9646c67,4354664060,",Internal Medicine,",Northwest,2025-03-31 06:47:40.378042+00
b5d6465c-b567-445a-8830-2e7553b1e738,3530511116,",Psychiatry,",West,2025-03-31 06:47:40.384926+00
b5d75306-64f2-4f7f-a828-ca1865c303ed,6006830716,",Internal Medicine,",Midwest,2025-03-31 06:47:40.378415+00
b5d96af3-e0bc-41ca-bb11-88fefb9ff185,9268349291,",Orthopedic Surgery,",Northwest,2025-03-31 06:47:40.391331+00
b5e37d52-8d73-44dd-8038-56bf6fd4ea7c,1830075063,",Cardiology,",West,2025-03-31 06:47:40.403946+00
b5eaafa1-5fd5-4575-ad23-8a6911112808,6324725145,",Radiology,",South,2025-03-31 06:47:40.395671+00
b5eea3ff-dabc-41a4-a4e9-69fc16c62ce4,4151229030,",Urology,",Northwest,2025-03-31 06:47:40.401004+00
b5ef30ae-756d-4318-8d2d-bb3a037cbc6d,4007429005,",Cardiology,",Northwest,2025-03-31 06:47:40.388635+00
b5f5428b-481f-455f-a1cd-1cb8e8664552,2261445271,",Obstetrics & Gynecology,",Northeast,2025-03-31 06:47:40.382796+00
b5fb7ead-c145-4913-8256-7d5a7ac0a67b,8632573164,",General Surgery,",Midwest,2025-03-31 06:47:40.404471+00
b6052713-8285-4555-9a14-8885f0bbeeba,3891305738,",Oncology,",West,2025-03-31 06:47:40.402641+00
b61f3254-cbe6-46a4-86fc-f6cf0231e015,5798854040,",Orthopedic Surgery,",Midwest,2025-03-31 06:47:40.391813+00
b6200e6a-2499-48a4-b6aa-e22ab92af4a0,9549403502,",Internal Medicine,",Midwest,2025-03-31 06:47:40.376304+00
b637a108-4dd9-42a1-a732-3a9a1decbe08,8477847680,",Cardiology,",South,2025-03-31 06:47:40.390417+00
b6391be5-7ad0-4e34-8104-7afc1cdf25cc,4301544476,",Dermatology,",Northeast,2025-03-31 06:47:40.392872+00
b650f63c-9420-4654-8d87-0dcc35aaa9ff,9702818222,",Anesthesiology,",Northwest,2025-03-31 06:47:40.396469+00
b6576e8b-c8ee-4886-a283-f78849a8db21,9160093747,",Psychiatry,",West,2025-03-31 06:47:40.384689+00
b65d5e8c-6820-4b33-a50a-6ceda275ac5d,6264904071,",Cardiology,",Northwest,2025-03-31 06:47:40.390336+00
b65dd215-f637-4d91-ad64-a53a889cbc01,9647473518,",Internal Medicine,",South,2025-03-31 06:47:40.377397+00
b65f23fd-a50d-4cc3-84b9-924e4f29bf95,7299783645,",Neurology,",Northwest,2025-03-31 06:47:40.398532+00
b6664fe8-2170-4270-a2ca-0f0e06a33622,6956612268,",Radiology,",South,2025-03-31 06:47:40.394534+00
b6668ad7-1a2b-4483-bcd1-4b2bbc6fb50e,2580553038,",Internal Medicine,",Northeast,2025-03-31 06:47:40.381214+00
b66adcda-b5b7-4475-bc7e-e84f05280340,4193781711,",Anesthesiology,",Northeast,2025-03-31 06:47:40.39609+00
b66d0ebe-6651-472c-b255-8539eeb753db,9464956350,",Urology,",Northeast,2025-03-31 06:47:40.400735+00
b681e1a6-f24a-445c-9b6e-df79b8057277,4277550060,",Dermatology,",Northwest,2025-03-31 06:47:40.394074+00
b69481b0-957e-4abb-b82c-965aedc66141,7848500406,",Cardiology,",South,2025-03-31 06:47:40.389276+00
b6a21b77-9fe7-4400-982d-766e359dcc5c,5858327074,",Pulmonology,",Northwest,2025-03-31 06:47:40.401401+00
b6a3cb8d-9d02-4be1-a6ff-e9201f42b822,1748567190,",Orthopedic Surgery,",Northeast,2025-03-31 06:47:40.391018+00
b6a45f19-559b-4777-aa3d-21c9564df6e2,9645901034,",Radiology,",West,2025-03-31 06:47:40.394979+00
b6abb6da-4feb-40c0-a30f-2612c04edf1b,7993304738,",Psychiatry,",Northeast,2025-03-31 06:47:40.38478+00
b6b30d3b-394f-4b34-a0d6-3fef3167863f,9886830593,",General Surgery,",Northwest,2025-03-31 06:47:40.386769+00
b6ba9cb7-f6e9-42a1-a1a4-3d81a069e18e,5180762867,",Cardiology,",Midwest,2025-03-31 06:47:40.389427+00
b6c91ea3-8f76-447f-83b6-4d698126220d,3193781858,",Obstetrics & Gynecology,",Northeast,2025-03-31 06:47:40.382678+00
b6dbe5b5-7f24-4b59-bf52-f701d0b772b5,4293054225,",Internal Medicine,",Midwest,2025-03-31 06:47:40.380609+00
b6ddc269-e38c-405d-851d-3aaa7a4430b1,8410422497,",Gastroenterology,",Northwest,2025-03-31 06:47:40.3996+00
b6e101ca-0da6-4b04-80b3-9f0e5af22d05,2498421499,",Orthopedic Surgery,",Northeast,2025-03-31 06:47:40.391442+00
b6e5b24f-8c01-4e2b-b48c-4926e3ed9268,2086065265,",Psychiatry,",Midwest,2025-03-31 06:47:40.403696+00
b6e875be-1c06-4582-b60e-3e87d4910e5d,5153500765,",Dermatology,",South,2025-03-31 06:47:40.393021+00
b6ee800e-a094-4bfe-8e7e-cdaa7b7e4dc8,8290832166,",General Surgery,",Midwest,2025-03-31 06:47:40.386367+00
b6f53ed4-4c1d-4f8d-b6ed-b73e3f76b86e,7410526196,",Internal Medicine,",Midwest,2025-03-31 06:47:40.381044+00
b7024a97-ecf8-44ea-be11-a9bc245fcc70,9419350566,",General Surgery,",South,2025-03-31 06:47:40.387808+00
b70bd2b3-8f98-437f-9250-22ab38251277,4758037664,",Psychiatry,",South,2025-03-31 06:47:40.38503+00
b70e7cb8-d7d9-406d-888e-3da2c8114954,1741026891,",Anesthesiology,",South,2025-03-31 06:47:40.397607+00
b719d98f-f16d-431a-93e7-086b884d1b81,4959618533,",Internal Medicine,",South,2025-03-31 06:47:40.381094+00
b71a2d02-6b64-47be-a756-fec6f97b7f58,3825116175,",Urology,",Midwest,2025-03-31 06:47:40.400583+00
b71a2f1d-fa29-4dff-877e-4b5544678e9b,5839949187,",Radiology,",Midwest,2025-03-31 06:47:40.395648+00
b71eac2e-a8e8-4cdb-912b-d9fc72c55be8,7515792806,",Dermatology,",West,2025-03-31 06:47:40.392979+00
b7218fc7-9b3c-4c47-9f9d-8532a91fca95,9240075449,",Obstetrics & Gynecology,",Northeast,2025-03-31 06:47:40.381745+00
b724bdf6-74b4-4959-b66e-8061550eafca,1419278588,",Anesthesiology,",Midwest,2025-03-31 06:47:40.40432+00
b7279954-0dcf-4069-8b1a-03641e22bde0,4153247557,",Internal Medicine,",Midwest,2025-03-31 06:47:40.378685+00
b72a113f-6f7d-42ee-93af-4d95e0a483d8,6384337298,",Cardiology,",West,2025-03-31 06:47:40.389279+00
b72e745a-22e8-4ccc-b3b9-8b6d4c8d05f5,9298095107,",Obstetrics & Gynecology,",Midwest,2025-03-31 06:47:40.382081+00
b733fde0-637f-4f68-ace7-0611aa65048a,6214451291,",Gastroenterology,",South,2025-03-31 06:47:40.399588+00
b73c9c07-fcd2-45a4-956d-45cc25c77b14,5845361872,",Cardiology,",West,2025-03-31 06:47:40.388678+00
b73e1e67-f45a-4b1c-874a-6acb962a59e3,3002475066,",Gastroenterology,",Midwest,2025-03-31 06:47:40.399523+00
b7427ab6-b229-4e1b-89a6-1af294cf0837,8912139378,",General Surgery,",Midwest,2025-03-31 06:47:40.38635+00
b7453c99-a1db-4b9c-8149-c296d5054ef5,5418247558,",Nephrology,",Northwest,2025-03-31 06:47:40.402106+00
b7587e0c-3cbb-4abb-84e1-2f1d202fbc24,6187260637,",Anesthesiology,",Northeast,2025-03-31 06:47:40.396603+00
b75e7494-1481-4f74-b1bd-c7e8827599f7,6119602763,",Urology,",Midwest,2025-03-31 06:47:40.400342+00
b769bb4c-67d7-4770-beee-608eff87aa12,9794280905,",Oncology,",Northeast,2025-03-31 06:47:40.402712+00
b77096d4-5e68-488f-8f9f-b00572b0b13d,4961851880,",Obstetrics & Gynecology,",Midwest,2025-03-31 06:47:40.382442+00
b77374f7-5707-4a59-95b3-16ac00fbed48,5997741583,",Pulmonology,",West,2025-03-31 06:47:40.40192+00
b775234e-d74d-44f4-a82d-ae46c8167fa6,1543768121,",Neurology,",West,2025-03-31 06:47:40.39848+00
b77839c4-9d0d-4905-aab3-e44e992885bb,1034027379,",Cardiology,",South,2025-03-31 06:47:40.388834+00
b7824943-6fca-4a8d-be37-aa5e6052e4f2,3725824650,",Radiology,",Northeast,2025-03-31 06:47:40.395221+00
b78b7060-7457-4747-a45f-7c1b75f43db7,7109564303,",Neurology,",Northeast,2025-03-31 06:47:40.404686+00
b790db15-3feb-499d-998d-ca2a573a4a1a,1333134401,",Obstetrics & Gynecology,",Northeast,2025-03-31 06:47:40.383693+00
b791dcbb-7364-479f-a551-972ca30e14c5,1639938044,",General Surgery,",Northeast,2025-03-31 06:47:40.388117+00
b79a5317-0134-4e4f-ac3d-92642be6d7ed,2234051509,",Pulmonology,",Midwest,2025-03-31 06:47:40.401465+00
b7a0d6ee-01b6-4e1f-a84c-58db8568cc0f,2384895198,",Orthopedic Surgery,",Northeast,2025-03-31 06:47:40.391771+00
b7a1260c-f106-4665-8d24-8cca9057291c,8603712108,",Neurology,",West,2025-03-31 06:47:40.403407+00
b7a6d46c-fe0e-46e2-a8f1-fe9f95711a56,9040422656,",Oncology,",Midwest,2025-03-31 06:47:40.402678+00
b7a9038a-ad9a-4a0c-badf-5be6a3214416,4136854741,",Internal Medicine,",West,2025-03-31 06:47:40.403303+00
b7ad7783-2e0e-4612-bd1e-31150111f7ac,6886609657,",Psychiatry,",West,2025-03-31 06:47:40.385103+00
b7b62b4d-e77f-4e9b-86a7-794b9ec06d71,5118220866,",Obstetrics & Gynecology,",Northeast,2025-03-31 06:47:40.383438+00
b7bdc50c-97df-4910-aef0-84829a2e39b1,5929159818,",General Surgery,",Northeast,2025-03-31 06:47:40.388191+00
b7ce24e0-08a6-48fa-9ec1-7a6b171edfb9,8259760487,",Obstetrics & Gynecology,",Midwest,2025-03-31 06:47:40.383418+00
b7d0a00a-56d2-466a-bf2d-70dd126cd78b,5170131415,",Obstetrics & Gynecology,",South,2025-03-31 06:47:40.383464+00
b7d8d71e-1241-4525-b1c7-a8eb16590aaa,1608181231,",Cardiology,",Northwest,2025-03-31 06:47:40.389412+00
b7dc0739-2c98-4a21-94ed-ccb537d096d2,1344719679,",Dermatology,",South,2025-03-31 06:47:40.393771+00
b7ddcbbc-2e5c-4427-bd3c-b96c5776860a,1152052967,",Anesthesiology,",Midwest,2025-03-31 06:47:40.396581+00
b7df0895-25f7-4240-b6e8-39f52437d5bb,7091250529,",Neurology,",Northeast,2025-03-31 06:47:40.399004+00
b7e5b1b5-656c-4478-8731-42bc6f492e01,2299419063,",Obstetrics & Gynecology,",South,2025-03-31 06:47:40.381934+00
b7f5ed67-59f4-49c8-8923-f048d0892ebb,5908762530,",Orthopedic Surgery,",West,2025-03-31 06:47:40.391316+00
b7f67000-cf85-4598-8ec2-5a1ef7d640bc,9799614347,",Internal Medicine,",Northwest,2025-03-31 06:47:40.376263+00
b815cb22-27e0-4892-b176-6f90e1e13cbe,3826861787,",Orthopedic Surgery,",Northeast,2025-03-31 06:47:40.39185+00
b81924db-6eae-4df8-8570-52da7178ce65,7744664242,",Internal Medicine,",South,2025-03-31 06:47:40.376396+00
b81cfe40-9c77-4570-93b5-2d1c7a5917df,5016794678,",Cardiology,",West,2025-03-31 06:47:40.390414+00
b82abf57-fc67-4003-88ce-26571b8a5b86,9493448315,",Orthopedic Surgery,",South,2025-03-31 06:47:40.392042+00
b8303cb7-5fa7-439e-befb-449d382a3b9d,2452409209,",General Surgery,",West,2025-03-31 06:47:40.386293+00
b8319a2f-23b9-4436-8912-31f5b839b835,7856805544,",Internal Medicine,",Northeast,2025-03-31 06:47:40.381206+00
b83e7551-049e-4509-b6fe-bc1542986b04,1252921522,",Anesthesiology,",West,2025-03-31 06:47:40.397028+00
b84c9c4a-a33f-4940-8143-ec2094aa928d,7011876600,",Obstetrics & Gynecology,",West,2025-03-31 06:47:40.382099+00
b8533b6a-e588-41e4-94ee-c697428c427e,5955828790,",General Surgery,",Midwest,2025-03-31 06:47:40.388138+00
b85582db-668e-473c-a6f4-a4b0de7c7b91,3654645757,",General Surgery,",Northeast,2025-03-31 06:47:40.38681+00
b860ab90-c06f-4654-bb48-09b637c72796,1073032938,",Anesthesiology,",South,2025-03-31 06:47:40.396179+00
b8622441-2557-4533-beef-505017eb4aa6,3702341315,",Dermatology,",Northeast,2025-03-31 06:47:40.393737+00
b86a8c72-4a09-46a9-a73c-43b8b1209629,3967274684,",General Surgery,",Northwest,2025-03-31 06:47:40.387858+00
b893db91-88d8-4b53-b5e4-2ed6973af8ff,5918148433,",Pulmonology,",Northeast,2025-03-31 06:47:40.401374+00
b895e40b-bb40-491e-a9ac-7c4cc7838e98,3157425365,",Pulmonology,",West,2025-03-31 06:47:40.401946+00
b899ee0e-882a-4f6b-8f61-e7ecba1fa924,2716826655,",Cardiology,",Northwest,2025-03-31 06:47:40.389532+00
b8b26208-bd8f-4542-9435-2eed2f9016aa,6007220626,",General Surgery,",Northwest,2025-03-31 06:47:40.387763+00
b8c1cfb5-f7bc-4717-b7e9-3746ce5567f7,4738765258,",Anesthesiology,",Midwest,2025-03-31 06:47:40.397646+00
b8c452f0-b71a-41b9-9838-696cf2102234,9109655158,",Anesthesiology,",Northeast,2025-03-31 06:47:40.396703+00
b8ca8acc-d276-4b46-be6f-e7644f280195,3345941645,",Psychiatry,",Northwest,2025-03-31 06:47:40.385208+00
b8ccbce7-391c-46e4-85e9-8c5e460ffb83,4903599471,",Anesthesiology,",Northwest,2025-03-31 06:47:40.396478+00
b8db46bd-b93b-4528-8c33-82a18ea3b7b1,4716414506,",Urology,",Midwest,2025-03-31 06:47:40.400307+00
b8e2cf80-e2a6-4b3a-a139-b8acec14c47e,5272047997,",Obstetrics & Gynecology,",West,2025-03-31 06:47:40.383415+00
b8f4d692-f22a-4eec-b4fd-461ba38d18fa,1226496637,",General Surgery,",Northeast,2025-03-31 06:47:40.386498+00
b8fb2d24-94d8-4b91-b606-a40c441d85fb,7243172391,",Dermatology,",South,2025-03-31 06:47:40.39288+00
b8fb576b-91d0-49fb-a232-30dfc93de2c4,8590356221,",Pulmonology,",South,2025-03-31 06:47:40.401456+00
b8ff4ac5-1320-43ad-9f04-eb72fcc1f547,8952539476,",Nephrology,",South,2025-03-31 06:47:40.402232+00
b90d3564-9dc4-4b30-9675-8c50c804eeaa,3072891660,",Psychiatry,",Northwest,2025-03-31 06:47:40.38583+00
b91251aa-89de-4756-8d89-fd874e796e23,3321241105,",Nephrology,",Northwest,2025-03-31 06:47:40.402438+00
b914be08-d727-4c3c-8929-9a5e3298409d,3382826518,",Internal Medicine,",Midwest,2025-03-31 06:47:40.380814+00
b915ed91-890b-48ae-a376-837033b2e908,1445673941,",Cardiology,",South,2025-03-31 06:47:40.403473+00
b91c5f7f-e186-43ad-be6c-c71fe930392e,3748075589,",General Surgery,",Midwest,2025-03-31 06:47:40.38748+00
b924a8f7-34a9-49aa-b12f-0a657f9f6f6b,1999510079,",Internal Medicine,",South,2025-03-31 06:47:40.403975+00
b92cb6ca-7d1f-44a8-b17e-4b7436c0cf38,2155835791,",Radiology,",South,2025-03-31 06:47:40.39564+00
b92d23f9-9bc5-405d-8434-fcfa868f117b,7552222992,",Internal Medicine,",South,2025-03-31 06:47:40.403786+00
b9371811-d327-4427-b270-baaf99601234,9550652216,",Obstetrics & Gynecology,",Midwest,2025-03-31 06:47:40.383316+00
b9503e5e-f393-4ddf-ba9e-e3a6ebf31388,2470072669,",Obstetrics & Gynecology,",West,2025-03-31 06:47:40.382535+00
b95368ee-be3a-4f04-a1de-2c77af636d4b,2518004854,",Psychiatry,",South,2025-03-31 06:47:40.385698+00
b95fd397-f23d-465b-9092-f404f10b3ffa,2667763951,",General Surgery,",West,2025-03-31 06:47:40.386935+00
b9684804-8c7c-47ab-a596-a0c9f90be5c9,1994343307,",Obstetrics & Gynecology,",West,2025-03-31 06:47:40.382811+00
b96983b8-fcbc-4917-aebd-fa0d483f4a96,4946465847,",Psychiatry,",Northwest,2025-03-31 06:47:40.384857+00
b96b7cb1-f1e7-42d7-b81f-e86444a29e54,5756673603,",General Surgery,",South,2025-03-31 06:47:40.388252+00
b974a0e3-f72c-4f61-8962-efcdc18a4921,7996335453,",Pulmonology,",Northwest,2025-03-31 06:47:40.401957+00
b9788321-8f4e-458e-83c4-383f7d9ad57f,2653330682,",General Surgery,",Northeast,2025-03-31 06:47:40.388001+00
b97b045d-3b74-4527-be39-5b0b4c0f7d24,8243824780,",Dermatology,",Northeast,2025-03-31 06:47:40.394237+00
b983b73d-c68e-4364-b6c3-a0303c04c60e,5390141696,",Anesthesiology,",Northeast,2025-03-31 06:47:40.397245+00
b997a436-3c32-4c7b-85b0-f6fcd0b49e7e,5092448845,",Internal Medicine,",Northwest,2025-03-31 06:47:40.380585+00
b9a74d89-047d-41fc-a329-4b85369f5751,9302277886,",Internal Medicine,",South,2025-03-31 06:47:40.380843+00
b9a7c05c-042d-4c9b-9cec-b078cff11ad3,2383641852,",Internal Medicine,",Northwest,2025-03-31 06:47:40.378578+00
b9a84ee5-2733-4824-a1d5-38113ea73f36,2817250453,",Psychiatry,",West,2025-03-31 06:47:40.384097+00
b9aa9850-cc93-4c62-abd3-0db2bbbba9de,4972794417,",Dermatology,",West,2025-03-31 06:47:40.393669+00
b9af7486-5745-4bcd-8701-92334aeceadf,5755435507,",Cardiology,",Northwest,2025-03-31 06:47:40.388395+00
b9b970a4-c9ef-4ed1-a39e-cf50fbfcc0b4,3918660006,",Orthopedic Surgery,",Northeast,2025-03-31 06:47:40.391027+00
b9be826f-2a27-48e6-a2cb-2572ec7fe249,3135674801,",Internal Medicine,",West,2025-03-31 06:47:40.404044+00
b9bf9699-32ca-4025-be8d-f59a05807c8c,1496436476,",Gastroenterology,",South,2025-03-31 06:47:40.400124+00
b9c3a66d-6ca0-45af-a29b-09cbe736e3bc,5878163523,",Pulmonology,",South,2025-03-31 06:47:40.401792+00
b9ca930e-3fa9-40bf-bf62-73214fd86b0a,4113748758,",Neurology,",Midwest,2025-03-31 06:47:40.398238+00
b9d08246-4cf7-41d3-b2c6-fee7fccd4ab7,1456197681,",Internal Medicine,",Midwest,2025-03-31 06:47:40.381522+00
b9d1c824-f656-4937-822b-27cd6e90fc8f,4683473369,",Anesthesiology,",Northwest,2025-03-31 06:47:40.397484+00
b9e4ea76-df40-4a4d-8f87-e55c5b9e3cb2,6420264597,",Anesthesiology,",Northeast,2025-03-31 06:47:40.397461+00
b9e987e6-67d4-4035-b362-197d93d1da82,6045748534,",Internal Medicine,",Northwest,2025-03-31 06:47:40.378697+00
b9f021aa-b351-4a86-8667-575732deeda9,8071755069,",Obstetrics & Gynecology,",West,2025-03-31 06:47:40.382632+00
b9ff7eec-cd15-4619-967c-bc3a4129d0b0,6843435201,",General Surgery,",South,2025-03-31 06:47:40.387529+00
ba0313cf-2975-40eb-b090-b3d542c960ed,5504599665,",Psychiatry,",Northeast,2025-03-31 06:47:40.384548+00
ba1002c5-603c-47f9-9bd0-58d7d2e5b3f6,1891381682,",Oncology,",West,2025-03-31 06:47:40.402732+00
ba1680cb-adc2-4c7f-bb5e-4c0b36fec29f,9471482151,",Neurology,",South,2025-03-31 06:47:40.397781+00
ba186f1e-108e-4b54-ba18-39644b3bccb8,8033266943,",Psychiatry,",Midwest,2025-03-31 06:47:40.384247+00
ba2275e3-30ec-4b11-9eb4-9539e509f33c,5888668064,",Radiology,",Northwest,2025-03-31 06:47:40.403145+00
ba259950-436d-461e-a33d-b7ccec595581,8151172643,",Internal Medicine,",West,2025-03-31 06:47:40.376923+00
ba341cb2-aa47-462f-babe-1ee7b974378c,7081619846,",Radiology,",South,2025-03-31 06:47:40.395482+00
ba39b0c2-9edb-4854-afe5-4ece357b76fd,6576674741,",Neurology,",Midwest,2025-03-31 06:47:40.398944+00
ba3c36df-704b-490c-9547-599bd9b606f1,7100828492,",General Surgery,",Northeast,2025-03-31 06:47:40.387437+00
ba3e9522-5f90-4574-b39c-407ec2a7893a,3779506681,",Internal Medicine,",Midwest,2025-03-31 06:47:40.376098+00
ba424869-5e28-49c1-b3d7-948cab39ffd3,5657278509,",Dermatology,",Midwest,2025-03-31 06:47:40.393276+00
ba43aa5c-3bba-4fef-bfc8-8a8747777439,9504138989,",Internal Medicine,",South,2025-03-31 06:47:40.377112+00
ba465eea-2098-41cc-8d39-83202968065b,4169092030,",Neurology,",Northwest,2025-03-31 06:47:40.39775+00
ba5f62e7-3cee-430f-9591-d54c2b61bd66,8587611311,",Pulmonology,",Northeast,2025-03-31 06:47:40.401801+00
ba718731-b284-4e41-9b7c-f6c900e8992e,2787939887,",Neurology,",South,2025-03-31 06:47:40.397793+00
ba78ce59-b7c1-42b6-b046-8b61b2522f06,3248757230,",Orthopedic Surgery,",Midwest,2025-03-31 06:47:40.392202+00
ba7b7095-47ff-49d7-afab-aceaff98598a,4881547090,",Cardiology,",Midwest,2025-03-31 06:47:40.389865+00
ba831b2e-48d0-4640-a357-8f6a15c72b22,4067476034,",Cardiology,",West,2025-03-31 06:47:40.390388+00
ba84276b-ccb6-4af7-b99e-1a56f8d0f068,7018708950,",Internal Medicine,",Midwest,2025-03-31 06:47:40.380074+00
ba8937ee-bca6-44ef-b4e0-399dd7050159,4600632823,",Internal Medicine,",West,2025-03-31 06:47:40.376935+00
ba94829a-dc2a-4ff2-a3da-8f2862008b6d,3910585814,",Anesthesiology,",South,2025-03-31 06:47:40.397202+00
ba9d3cbf-58d0-47ed-a789-356787a8554a,3895535559,",Internal Medicine,",Midwest,2025-03-31 06:47:40.381059+00
ba9ef1e2-f179-456e-80ce-fc99e2ffbbb6,3318308900,",Anesthesiology,",Northeast,2025-03-31 06:47:40.397061+00
baa51f7d-afaa-4c0e-b2d8-3f238480f61d,8987586681,",Nephrology,",West,2025-03-31 06:47:40.402333+00
bab9fee3-2469-421b-abe4-6e14416857f3,3377732117,",Urology,",Northwest,2025-03-31 06:47:40.400958+00
babcf05d-8cd8-4058-9df1-39ac32c49235,4524736737,",Neurology,",South,2025-03-31 06:47:40.399076+00
bac1a112-9792-4bf9-8b36-b6da1db94206,5604919596,",Dermatology,",Northwest,2025-03-31 06:47:40.393481+00
bac82269-1ed0-40b9-9e10-62d7d90bb5dd,5697874488,",Internal Medicine,",Midwest,2025-03-31 06:47:40.376938+00
bacdd793-e24c-4ba4-af6c-d5b9389ee859,3173468529,",Obstetrics & Gynecology,",West,2025-03-31 06:47:40.382509+00
bad4ad9b-5c05-4bdf-b447-64cc2048c2fb,6481889509,",Pulmonology,",West,2025-03-31 06:47:40.401824+00
bad5b785-fc30-4394-bfc2-993748757200,1057292025,",Dermatology,",Northwest,2025-03-31 06:47:40.394143+00
badc280e-958d-42fc-888e-9efa1d6c837a,7639031523,",Psychiatry,",Northwest,2025-03-31 06:47:40.385632+00
bade1eb2-226c-4c95-9d79-4fa5004b6941,1218187696,",Internal Medicine,",West,2025-03-31 06:47:40.377385+00
bae29b24-ec06-48b3-9f8e-03095358b7ab,7345530494,",Urology,",West,2025-03-31 06:47:40.400495+00
baf57a43-1f10-466c-8dbb-3dd59da30a09,6792967150,",Anesthesiology,",Northeast,2025-03-31 06:47:40.39766+00
baf58f7c-0ab7-4af9-bfbc-aa66667622c5,7906964260,",Internal Medicine,",Northwest,2025-03-31 06:47:40.380278+00
baf5bf8f-3b2f-4c3b-a734-65e009bb0f16,3486568934,",Gastroenterology,",Northwest,2025-03-31 06:47:40.399137+00
bafb20b5-ed22-49d2-8173-991c241ff043,3812758639,",Gastroenterology,",Northwest,2025-03-31 06:47:40.399466+00
bb02137e-f109-4472-80e7-8e3077057cb3,8149965178,",Internal Medicine,",Midwest,2025-03-31 06:47:40.403476+00
bb02962c-c4c5-4f78-a0a2-8abcc91378e7,7517872509,",Anesthesiology,",Northeast,2025-03-31 06:47:40.39682+00
bb092466-1fd2-4c11-b661-df5674248f9c,9765611261,",Internal Medicine,",West,2025-03-31 06:47:40.376301+00
bb0e59ba-71ff-4a48-807d-8d466bffb22d,4466898328,",Orthopedic Surgery,",South,2025-03-31 06:47:40.392321+00
bb1591cb-7207-4d88-939a-5bc3e2dae194,8370190464,",Anesthesiology,",South,2025-03-31 06:47:40.396939+00
bb1daf25-d9c4-4822-b7d9-64e0f10e6fec,8961446732,",Obstetrics & Gynecology,",South,2025-03-31 06:47:40.382279+00
bb247a30-576d-4633-8a3b-361251c456ef,4017037833,",Anesthesiology,",Northeast,2025-03-31 06:47:40.3963+00
bb2f3e1d-69f8-42a9-a3f7-6d477e08e2bb,3305954567,",Orthopedic Surgery,",West,2025-03-31 06:47:40.403163+00
bb310373-5d74-47c8-a569-36ff7859aee9,3913636979,",Radiology,",Northeast,2025-03-31 06:47:40.395783+00
bb32e0e5-4605-4f2f-ad6a-a7d3ee4a8e15,6276410031,",General Surgery,",West,2025-03-31 06:47:40.38678+00
bb391836-667d-4b8c-8987-c456e004aa1b,9450446892,",Orthopedic Surgery,",West,2025-03-31 06:47:40.391508+00
bb47737c-ad7d-4664-8ffc-b0a164af97eb,6353489347,",Internal Medicine,",Northeast,2025-03-31 06:47:40.378436+00
bb4875f2-c8b7-491d-a084-13ad13b29416,8150873519,",Gastroenterology,",Midwest,2025-03-31 06:47:40.400243+00
bb5669ef-4c15-469a-9048-c21d6677cf60,8141456684,",Internal Medicine,",Northwest,2025-03-31 06:47:40.381563+00
bb5913ca-dc41-43b9-84d0-b1bf77a7cad2,6283064973,",Psychiatry,",South,2025-03-31 06:47:40.384085+00
bb68749c-bb14-4ccd-bea6-2eebb6209eff,2232373360,",Internal Medicine,",West,2025-03-31 06:47:40.404127+00
bb71e0ed-fbc8-431f-be6e-7678d3a3178c,6361554008,",Neurology,",West,2025-03-31 06:47:40.398166+00
bb742cf5-07ff-4306-96af-4f4ff0bf31b1,8610525331,",Pulmonology,",Northeast,2025-03-31 06:47:40.40136+00
bb7cc9a8-a72d-44ed-8437-bf8476f3619b,9114758692,",Obstetrics & Gynecology,",South,2025-03-31 06:47:40.383356+00
bb7dd928-4076-475b-93a9-7d64d233d366,7284335574,",Psychiatry,",Northeast,2025-03-31 06:47:40.384345+00
bb8180f4-ae99-4e56-b7a6-6c38af49655d,9079575327,",Orthopedic Surgery,",West,2025-03-31 06:47:40.392389+00
bb829e1d-7c29-4a6b-84a4-2ea137dded79,7254074758,",General Surgery,",South,2025-03-31 06:47:40.386603+00
bb8320fd-0117-41fb-8cbf-9fb0c5693291,8871197203,",Dermatology,",Midwest,2025-03-31 06:47:40.393422+00
bb835847-c5e8-4a7b-ab93-2c92050b0ee6,9707760853,",Orthopedic Surgery,",Northwest,2025-03-31 06:47:40.390886+00
bb925c80-e7ce-4c6e-8f32-158969c051dc,3992203182,",Internal Medicine,",Northeast,2025-03-31 06:47:40.379137+00
bb9c4060-b13c-4316-a443-04505b78e748,3194842724,",Orthopedic Surgery,",West,2025-03-31 06:47:40.391496+00
bba29d2f-5ff4-415c-9d67-eaf8c5610829,3912659475,",Dermatology,",West,2025-03-31 06:47:40.393082+00
bba665bc-7815-4247-9c06-01951261fc4f,3392239190,",Cardiology,",Midwest,2025-03-31 06:47:40.389944+00
bba9474b-c0c7-4a2c-b432-e5bb575f8ee6,3916257223,",Oncology,",South,2025-03-31 06:47:40.40295+00
bbaa6682-c446-4674-81ee-a445650f8b44,7244834104,",Internal Medicine,",South,2025-03-31 06:47:40.37634+00
bbc40c51-c8ac-4a8d-a60f-91e4ff884a6d,6564405119,",General Surgery,",West,2025-03-31 06:47:40.403573+00
bbcac900-d540-4fb8-b47d-38795d61ece4,6670808189,",Obstetrics & Gynecology,",Midwest,2025-03-31 06:47:40.383384+00
bbd0628f-c545-495f-9246-268f866cf086,5535530476,",Psychiatry,",Northwest,2025-03-31 06:47:40.386032+00
bbd2b59b-8616-4295-8d3a-6b000f077823,1755683876,",Gastroenterology,",South,2025-03-31 06:47:40.399542+00
bbd5693c-a7f2-447a-80c9-d7802601b73c,4676035700,",Obstetrics & Gynecology,",Midwest,2025-03-31 06:47:40.383211+00
bbe239a0-3daf-416c-9bdf-c782c238b431,2246113479,",Psychiatry,",Northwest,2025-03-31 06:47:40.385882+00
bbed1d4b-65f2-48f6-84b3-3a4874679c7d,5020126773,",Internal Medicine,",West,2025-03-31 06:47:40.380834+00
bbf50aeb-2565-40e6-b65e-0815a07f2245,7315196169,",Obstetrics & Gynecology,",West,2025-03-31 06:47:40.382429+00
bbf9b979-929c-48ff-b0a9-720a943e0f12,5986954186,",Anesthesiology,",Midwest,2025-03-31 06:47:40.396347+00
bc00948f-bad8-4697-93d0-ae58c02f0227,9930660587,",Anesthesiology,",Northeast,2025-03-31 06:47:40.396644+00
bc0dbd1d-a629-4a88-8cea-9288704ca247,7986216442,",Obstetrics & Gynecology,",Northwest,2025-03-31 06:47:40.382931+00
bc312f07-f6f4-45e8-9ea5-e817fae85e5e,4930354521,",Psychiatry,",Northeast,2025-03-31 06:47:40.385277+00
bc3434c0-0f33-421e-b65e-f46224a8f4e6,9723302803,",Dermatology,",Northeast,2025-03-31 06:47:40.393399+00
bc3c3028-22ae-46e4-ad77-697335b85593,9071396688,",Obstetrics & Gynecology,",Northwest,2025-03-31 06:47:40.383792+00
bc565bc5-089d-4b5a-ae4f-d14473420cd1,6918306353,",General Surgery,",Northeast,2025-03-31 06:47:40.387264+00
bc581891-735b-4194-9d96-172818122a58,5153100561,",Psychiatry,",South,2025-03-31 06:47:40.385709+00
bc5ccc64-92b8-4bf0-a1c4-63c92238c401,8089291783,",Anesthesiology,",South,2025-03-31 06:47:40.397274+00
bc608951-6122-40e4-8dec-6c96250494f6,8150491995,",Cardiology,",Northwest,2025-03-31 06:47:40.390598+00
bc66ae4e-e41a-442d-83d3-e16cc2a2aa5b,9992324674,",Dermatology,",Northeast,2025-03-31 06:47:40.394068+00
bc71bd0c-3709-4621-ad96-a558210577b1,6321755673,",Internal Medicine,",West,2025-03-31 06:47:40.377081+00
bc82c63b-f227-45a7-822a-1fb4d07f2b23,7879853378,",Nephrology,",West,2025-03-31 06:47:40.402345+00
bc89d584-9389-4225-9fea-5225a3521c7a,9900241585,",General Surgery,",South,2025-03-31 06:47:40.387054+00
bc8b2f41-b2c5-4eed-812e-d51bff278137,7216176989,",Internal Medicine,",South,2025-03-31 06:47:40.377382+00
bc95aba1-4c8a-4db2-843b-46fa15ca882f,2053478308,",Psychiatry,",South,2025-03-31 06:47:40.384542+00
bc9a396e-896e-4c4e-803b-05b21b087bf0,9306210405,",Anesthesiology,",Midwest,2025-03-31 06:47:40.396376+00
bc9b8dee-c310-4684-a366-32b5747a755e,7832783702,",Obstetrics & Gynecology,",Midwest,2025-03-31 06:47:40.403442+00
bc9efe63-efcf-40a0-bc67-eba8fb98fb9b,3199128486,",Oncology,",Midwest,2025-03-31 06:47:40.402914+00
bca5922b-6f03-423f-a8b8-94130b3c98f9,3354168451,",Cardiology,",Northeast,2025-03-31 06:47:40.389673+00
bcba4c13-340c-4b1d-8e74-136441c23051,2384019055,",Anesthesiology,",Northwest,2025-03-31 06:47:40.397019+00
bcc65de5-a349-442f-963e-71eadc4a918b,8486871550,",Psychiatry,",West,2025-03-31 06:47:40.384587+00
bcca3fcb-78cd-4bd8-9e0c-e9fc5ee25726,4106309533,",Urology,",Midwest,2025-03-31 06:47:40.40088+00
bcde2e92-8ce0-497e-929b-e04b2f543b38,7411689197,",Cardiology,",Northeast,2025-03-31 06:47:40.390239+00
bcf27497-5c90-449b-9a7a-7c92938eeb22,8385387579,",Obstetrics & Gynecology,",Northeast,2025-03-31 06:47:40.38317+00
bcf67b83-6499-47d0-910f-9b0c4c9e3ab8,8023023722,",Obstetrics & Gynecology,",West,2025-03-31 06:47:40.381774+00
bcf6ca0d-bdac-4200-bbcd-3b05384b4d25,2093812834,",Cardiology,",Midwest,2025-03-31 06:47:40.388542+00
bd001cce-4b0b-46df-8c87-8db4c19916b9,9575717884,",Orthopedic Surgery,",Northwest,2025-03-31 06:47:40.39165+00
bd024554-98df-4a3e-ae66-1223f0429a16,9759683329,",Orthopedic Surgery,",West,2025-03-31 06:47:40.391091+00
bd08a1d9-647e-4910-af51-1d5293369367,6526393317,",Cardiology,",Northeast,2025-03-31 06:47:40.4042+00
bd0f38b6-8e3e-4529-a84c-2f3bbb3ce687,7722062094,",Internal Medicine,",Northeast,2025-03-31 06:47:40.377448+00
bd18f5c2-3d28-4d90-ad53-7ea7e1606c74,8358182817,",Orthopedic Surgery,",South,2025-03-31 06:47:40.391058+00
bd1aacdc-6b99-46af-8693-f6379ea642a2,8888545093,",Anesthesiology,",Northeast,2025-03-31 06:47:40.39606+00
bd1d4d85-7d41-49aa-85c9-6d1827ec0905,8734011042,",Anesthesiology,",South,2025-03-31 06:47:40.396714+00
bd34386d-ca41-4bcf-b599-176687043403,7845314929,",Gastroenterology,",Midwest,2025-03-31 06:47:40.400049+00
bd39bbf5-7688-4d80-8f7d-2e00ad678993,1903973337,",Neurology,",Northeast,2025-03-31 06:47:40.398379+00
bd437d15-7cca-4752-beed-0b591907bab7,8851524255,",Orthopedic Surgery,",South,2025-03-31 06:47:40.391298+00
bd45849b-57c5-40ed-9dc7-fc73aad61503,6948003024,",Urology,",Midwest,2025-03-31 06:47:40.400391+00
bd45f619-de5f-40bc-a3c6-f47e3919c3fb,3399352393,",Urology,",Midwest,2025-03-31 06:47:40.400696+00
bd509a50-3e01-4881-a16b-82268dc05c58,2047296713,",Cardiology,",West,2025-03-31 06:47:40.389989+00
bd50fe67-7ead-4849-8ecf-323b50b4e13e,5936934645,",General Surgery,",Northwest,2025-03-31 06:47:40.387934+00
bd5168b5-fee0-4611-9c31-e474e1946c1e,5025353268,",Internal Medicine,",West,2025-03-31 06:47:40.378531+00
bd51f930-538e-4865-acfd-6ccde5865ac4,4338588533,",Cardiology,",Northeast,2025-03-31 06:47:40.388472+00
bd5ab3c1-05eb-48c3-8fa8-ce21c32c3a93,9776319254,",Internal Medicine,",West,2025-03-31 06:47:40.381338+00
bd65e6f3-bacd-4ba3-9a4c-c52989eab74b,3193696715,",General Surgery,",South,2025-03-31 06:47:40.386875+00
bd69c841-56a1-4050-a6d4-140cbf85c632,5615457590,",Orthopedic Surgery,",Midwest,2025-03-31 06:47:40.391479+00
bd6bd914-e4de-47ce-9eac-a6a55f43d0d4,5918906354,",Internal Medicine,",Midwest,2025-03-31 06:47:40.378193+00
bd76b749-ea1a-4eb6-8b0a-464e4c0fab98,2719047083,",Internal Medicine,",Northwest,2025-03-31 06:47:40.38105+00
bd76c9aa-f9ab-4db0-ace3-d85f1534d391,8392106281,",Obstetrics & Gynecology,",Northwest,2025-03-31 06:47:40.38335+00
bd7a27ef-1274-4897-a776-d622a3d2082c,3879940275,",Gastroenterology,",West,2025-03-31 06:47:40.399391+00
bd7b409a-238c-420c-aa94-2eacb2c41459,6065852975,",Internal Medicine,",Northwest,2025-03-31 06:47:40.403917+00
bd830165-338e-4c41-9fce-5f4a60d3d1d7,3286740804,",Cardiology,",Northwest,2025-03-31 06:47:40.388604+00
bd895019-61fe-48b4-a88d-d8cc1dd99915,8617195098,",Orthopedic Surgery,",Northeast,2025-03-31 06:47:40.392372+00
bd8a3df7-20ae-4625-ab9a-c47598d8a5a6,6811894922,",Pulmonology,",Northwest,2025-03-31 06:47:40.401314+00
bd8b2f05-c789-4ca0-88e8-6d3d98e96287,9062028075,",Internal Medicine,",South,2025-03-31 06:47:40.381467+00
bd8c4048-5741-4594-9e08-b296c9d95f65,2288393548,",Obstetrics & Gynecology,",West,2025-03-31 06:47:40.383361+00
bd8cc7e4-4c7c-4f4a-83ab-356997a7e36d,9361930353,",Psychiatry,",Northwest,2025-03-31 06:47:40.384883+00
bd922943-1e7c-464b-bc0f-9ce33f1fcb69,9786249435,",Obstetrics & Gynecology,",Midwest,2025-03-31 06:47:40.381928+00
bd954d27-8625-4202-a679-6765e13bf877,6221612610,",Pulmonology,",Northwest,2025-03-31 06:47:40.401127+00
bda0da98-19fd-4a0d-8dba-7803e483bcaf,5577420484,",Neurology,",West,2025-03-31 06:47:40.397819+00
bda35b36-7294-4e9f-8b68-fbe9a32e7c26,9592349852,",Internal Medicine,",Northwest,2025-03-31 06:47:40.379079+00
bda367bb-a0b9-4b19-b5e5-b0425caa5812,6126810947,",Internal Medicine,",Northeast,2025-03-31 06:47:40.380696+00
bda6d63a-b994-4766-8703-8cf7c65b7087,3006112966,",Obstetrics & Gynecology,",West,2025-03-31 06:47:40.383373+00
bdab14fc-1a1b-4e8a-9ab3-d04ac0f1c36e,5017174348,",General Surgery,",Midwest,2025-03-31 06:47:40.387923+00
bde964b0-2272-4a0b-adac-46048c71e958,7411583183,",Psychiatry,",West,2025-03-31 06:47:40.385819+00
be016027-acba-4445-a6c0-10cea50935f7,2468975746,",Anesthesiology,",West,2025-03-31 06:47:40.397334+00
be0555a0-9d3d-4d13-ace1-7dca9a00f96b,4512443760,",Cardiology,",Midwest,2025-03-31 06:47:40.390057+00
be062e1e-fcb3-43cb-99b3-580bc968107c,8037048746,",Radiology,",South,2025-03-31 06:47:40.394758+00
be14e317-602e-4e54-9bd8-d24cba2c1737,4857194484,",Dermatology,",Northwest,2025-03-31 06:47:40.394114+00
be195580-c689-4cfc-97fc-1459405b3c90,3626948233,",Obstetrics & Gynecology,",Northeast,2025-03-31 06:47:40.383511+00
be26c321-f158-42d0-ae3f-eaaefe3df924,3243633068,",Anesthesiology,",South,2025-03-31 06:47:40.396737+00
be2de256-4032-4e0d-a2b6-c2f64e9b99d3,3784739035,",Obstetrics & Gynecology,",South,2025-03-31 06:47:40.383586+00
be2ec8f8-c98f-429c-84d7-85a93285f291,1672209602,",Cardiology,",Midwest,2025-03-31 06:47:40.389125+00
be3026fe-c479-4de3-b728-4cc0a39550c9,7301915771,",Obstetrics & Gynecology,",West,2025-03-31 06:47:40.382364+00
be32a40f-c749-4e44-a3e1-31d77f685b18,2722680005,",Internal Medicine,",Northeast,2025-03-31 06:47:40.381428+00
be39359b-a342-4bcb-aeab-7067db4ee662,2652983287,",Psychiatry,",South,2025-03-31 06:47:40.383906+00
be3fd708-b17d-416d-b6fd-e41958bc545d,3094196107,",Dermatology,",South,2025-03-31 06:47:40.392655+00
be478539-2a0f-48f4-98c2-d1084ffaf9a6,5334320794,",Radiology,",Northeast,2025-03-31 06:47:40.403957+00
be543004-ceb8-424f-be08-4eef8f175b61,6975415540,",Internal Medicine,",Northeast,2025-03-31 06:47:40.376987+00
be597427-f8da-4191-adef-6264ab281949,3176811305,",Oncology,",Northeast,2025-03-31 06:47:40.402658+00
be5d45c0-258d-47fd-a480-6aa51f62d07a,4557688727,",Internal Medicine,",West,2025-03-31 06:47:40.379222+00
be67f0d6-53e4-46cc-a44e-e4b3c4fcbed2,2704618467,",Internal Medicine,",Midwest,2025-03-31 06:47:40.377297+00
be6895da-8ec4-43bc-a95d-349260f0de4c,1373402817,",Internal Medicine,",South,2025-03-31 06:47:40.379008+00
be6bcd83-7e34-4ace-8a03-45b24070fd49,6225910491,",Internal Medicine,",South,2025-03-31 06:47:40.376518+00
be6d437b-a983-43a2-af68-f006213b10b4,4566408573,",General Surgery,",Midwest,2025-03-31 06:47:40.386555+00
be6f0aad-1369-4132-aaff-a5fec6893385,7924416333,",Internal Medicine,",Northwest,2025-03-31 06:47:40.378932+00
be714495-f88b-4004-8b9f-f8ee778274b6,6981881420,",Oncology,",Northwest,2025-03-31 06:47:40.402941+00
be719439-21e4-428e-92b2-0008da60642a,6867874047,",Urology,",Northwest,2025-03-31 06:47:40.400422+00
be753344-8b16-47c0-abe9-435d542bf2b5,5693990003,",Psychiatry,",Midwest,2025-03-31 06:47:40.385458+00
be7ad3da-b3e8-4651-9235-e665415231bb,9092851766,",Orthopedic Surgery,",Northeast,2025-03-31 06:47:40.391032+00
be8011d9-bd1b-4836-8964-3a96c80ceff1,4022346220,",Internal Medicine,",Northwest,2025-03-31 06:47:40.37742+00
be83160f-4036-42c2-9cc9-8e9abf05eac2,7350329350,",Internal Medicine,",West,2025-03-31 06:47:40.379627+00
be91e2a2-c3f6-4515-a683-03648bc253cc,2657985313,",Neurology,",West,2025-03-31 06:47:40.399015+00
be98b198-a139-4002-9baa-56e655059b73,6462769573,",Internal Medicine,",West,2025-03-31 06:47:40.381306+00
beaaba8e-ebb1-4bd0-9ee4-e5b6de8a3d1e,6154379856,",Dermatology,",West,2025-03-31 06:47:40.394129+00
bebf4261-4326-4bdd-9613-2240aa850992,6366331423,",Psychiatry,",West,2025-03-31 06:47:40.383999+00
bebfd595-c274-46d6-b28e-9becdae2cde1,3915521318,",Cardiology,",West,2025-03-31 06:47:40.388981+00
bed982f7-01ea-48d3-a79b-0a89b8be17db,9891472594,",Internal Medicine,",Midwest,2025-03-31 06:47:40.378642+00
bedf3c31-5f3b-44db-bb2d-6b027810dc61,6497227390,",Internal Medicine,",Northeast,2025-03-31 06:47:40.377232+00
bee695fe-78cc-4058-9ef7-2255110a2c38,4969954382,",Neurology,",Northeast,2025-03-31 06:47:40.398093+00
bef255db-1726-49af-afdd-9b3b54a1953e,3745778625,",Internal Medicine,",Midwest,2025-03-31 06:47:40.376248+00
befe131a-8a6e-4072-82fb-9837ec607f7b,4746526062,",Radiology,",West,2025-03-31 06:47:40.404581+00
bf02e002-b5e7-4e6e-a2c2-ab3c1625e5f6,7125414007,",Neurology,",Midwest,2025-03-31 06:47:40.399056+00
bf07d9cd-bec2-4f5c-a5fc-818eb5c421d2,2446689162,",Pulmonology,",West,2025-03-31 06:47:40.401858+00
bf16ba71-83b5-4116-a29e-4add6fbe902b,7425901764,",General Surgery,",Midwest,2025-03-31 06:47:40.387245+00
bf1a031a-5e75-4e27-a4a8-e66d33b53f2a,3738996728,",Psychiatry,",Midwest,2025-03-31 06:47:40.385516+00
bf1c8708-9bf3-4a41-9505-2357dc1e103e,3723063537,",Anesthesiology,",Northeast,2025-03-31 06:47:40.397067+00
bf233545-b507-4e48-8b7d-9256267c79e8,3725411242,",Anesthesiology,",Midwest,2025-03-31 06:47:40.396185+00
bf249549-ed4b-4617-8a84-1554f7e818c3,9397384972,",Nephrology,",South,2025-03-31 06:47:40.40245+00
bf25cc5b-06d6-4ab7-967d-ec573412bcde,5962982518,",Radiology,",Midwest,2025-03-31 06:47:40.394834+00
bf3791e7-34e4-473c-873f-58052f49616c,9549000743,",Obstetrics & Gynecology,",South,2025-03-31 06:47:40.383376+00
bf3b4640-412d-43c6-b629-c20ccd8cfc77,6159346460,",Cardiology,",West,2025-03-31 06:47:40.390017+00
bf403acf-e306-4a41-9dc8-5a949bc56eae,7568094604,",Radiology,",Northwest,2025-03-31 06:47:40.395178+00
bf4e4669-d6d6-4590-b005-244dc7e484e0,3798873593,",Dermatology,",Midwest,2025-03-31 06:47:40.394134+00
bf4f5ede-c81d-4949-b35c-5856bfff4b9c,9824261783,",Cardiology,",Northwest,2025-03-31 06:47:40.39029+00
bf645ee4-9b64-4bb4-941c-74faa6159d57,8739143112,",Orthopedic Surgery,",Midwest,2025-03-31 06:47:40.391585+00
bf6bf609-60df-43b4-8bda-0234c6c3251d,4855735416,",Dermatology,",West,2025-03-31 06:47:40.393725+00
bf7c9c3c-4f8f-42bc-931e-a7f3ee91ccf6,3618855603,",Internal Medicine,",Midwest,2025-03-31 06:47:40.378738+00
bf7d45dc-3086-4793-a4c5-90ef8b679566,1176398906,",Obstetrics & Gynecology,",South,2025-03-31 06:47:40.382663+00
bf821ef5-8e30-4ed1-ac4f-500f326d9dbb,7081908543,",Obstetrics & Gynecology,",South,2025-03-31 06:47:40.382717+00
bf8eec73-e18c-4f89-b864-7d7d6cf0b7da,5758897916,",Neurology,",Northwest,2025-03-31 06:47:40.399047+00
bfa239f9-0ce6-4af8-b850-4da31c7490cb,7617792765,",Internal Medicine,",West,2025-03-31 06:47:40.380941+00
bfa3b73a-393f-46d6-8ada-18979d350976,2669622303,",Dermatology,",Northeast,2025-03-31 06:47:40.39309+00
bfa3e2d8-97c3-4314-b815-52efe5a7f834,3735772736,",Urology,",West,2025-03-31 06:47:40.400617+00
bfa43e2f-e5f8-405e-9468-40b6129e2bcc,6348193893,",Internal Medicine,",South,2025-03-31 06:47:40.380799+00
bfa5168a-02e1-4d97-bafd-87f73368109a,2109298879,",Cardiology,",Northwest,2025-03-31 06:47:40.388464+00
bfaa3466-b03b-4f5b-965f-7db84bc7aa74,9951438831,",Radiology,",Northeast,2025-03-31 06:47:40.403436+00
bfb494f9-1f94-4c96-bf13-282915694aae,3912912275,",Internal Medicine,",Midwest,2025-03-31 06:47:40.379506+00
bfb50791-cb80-430f-b173-b42d77f4f7b4,1451771195,",Internal Medicine,",Northeast,2025-03-31 06:47:40.377141+00
bfbdfb6b-d906-4d6f-a13e-63b27961f3b9,6851128769,",Dermatology,",Northwest,2025-03-31 06:47:40.392708+00
bfc3db19-694a-4a72-8f34-3de2f7a7756e,6569287910,",Psychiatry,",West,2025-03-31 06:47:40.385095+00
bfcd0995-6cd3-4245-8577-2cf416a5bdb4,7936168844,",Obstetrics & Gynecology,",Northwest,2025-03-31 06:47:40.383679+00
bfcf4607-5828-4365-ae36-6edebffbc952,3285425214,",Orthopedic Surgery,",West,2025-03-31 06:47:40.391845+00
bfd1bbf8-eb5a-460d-896a-fa69a8ed3975,5417903963,",Gastroenterology,",Northeast,2025-03-31 06:47:40.39986+00
bfdca7be-da99-485d-99a1-4423744fd9f6,3501818326,",General Surgery,",Northwest,2025-03-31 06:47:40.388071+00
bfe50ea1-068d-4fda-8ddb-7fe29c30b161,7350284888,",Anesthesiology,",South,2025-03-31 06:47:40.397377+00
bffa2a70-5d22-4990-8bb6-6ed7c0a3def0,7172480902,",Pulmonology,",West,2025-03-31 06:47:40.401617+00
bffc6798-8a88-432f-b4a2-40d37958a241,5092195890,",Dermatology,",Northeast,2025-03-31 06:47:40.393434+00
c0049dbb-b11e-4fd2-87dc-98c15df64b93,8425061357,",Internal Medicine,",Midwest,2025-03-31 06:47:40.380336+00
c01bbbd0-2bd5-4bba-afcf-d9aec78ce8a5,2236730914,",Psychiatry,",Midwest,2025-03-31 06:47:40.385306+00
c01cb6a3-335c-4f85-bfbc-dea35634debc,7785907211,",Gastroenterology,",Northeast,2025-03-31 06:47:40.400041+00
c01d99d3-cdc8-41bc-9661-e26557057392,7887669181,",Internal Medicine,",Northwest,2025-03-31 06:47:40.378048+00
c0258a59-a3aa-4d1b-a95f-de0607bb0db7,7413081635,",Dermatology,",Northeast,2025-03-31 06:47:40.392823+00
c02c85d4-fcd5-4445-b612-5ba2addc11ab,5230134215,",Obstetrics & Gynecology,",South,2025-03-31 06:47:40.381831+00
c03cb0bd-e041-4434-a294-77b2c2ffd79b,9442273893,",Dermatology,",Northeast,2025-03-31 06:47:40.393181+00
c042dcd7-25fe-4111-b03d-c31937dd6059,7068006005,",Internal Medicine,",West,2025-03-31 06:47:40.378223+00
c04feeae-060b-4878-907c-91d95a242b89,1934613338,",Psychiatry,",South,2025-03-31 06:47:40.384604+00
c054a1a8-3985-4804-a112-13dcbf590851,1442048366,",Dermatology,",Northwest,2025-03-31 06:47:40.393513+00
c05f72cb-8d24-4451-871f-7a20f3a3130b,4726552885,",Dermatology,",West,2025-03-31 06:47:40.392935+00
c07146ad-8a47-4ea2-823f-00580a2fd385,5988052808,",Obstetrics & Gynecology,",Midwest,2025-03-31 06:47:40.383708+00
c0759345-1e6e-4628-9c90-2c97e37fce95,1110681454,",Anesthesiology,",West,2025-03-31 06:47:40.397058+00
c0771e30-c355-4edb-95e3-0cc5a803bd54,6394147352,",Pulmonology,",Northeast,2025-03-31 06:47:40.401583+00
c082dfed-d992-4a30-b200-f021f806fe0f,7679050790,",Radiology,",South,2025-03-31 06:47:40.395688+00
c08a90b3-ef0c-42a1-b6f9-a825f2cf9d7c,9618948085,",Dermatology,",Midwest,2025-03-31 06:47:40.394083+00
c08fb01d-1bd6-4f75-bce3-a058a5fdbd1c,5609176582,",Internal Medicine,",Northeast,2025-03-31 06:47:40.377962+00
c0a477f4-b152-4c6d-a42c-db9290c415c7,2497193860,",Pulmonology,",Midwest,2025-03-31 06:47:40.401982+00
c0b2e167-c677-4f8f-8dc4-89f3e2e9bad1,1531970329,",Orthopedic Surgery,",West,2025-03-31 06:47:40.391726+00
c0b4865b-439c-4f98-8fdf-bdcdbef262f3,4839750884,",General Surgery,",Northwest,2025-03-31 06:47:40.386732+00
c0c2c2dc-9f6b-4565-b76b-e66c963c6483,4453507427,",Orthopedic Surgery,",Northwest,2025-03-31 06:47:40.390841+00
c0d2f0dc-5d4a-4767-af0f-99cb9ad04f60,9030069872,",Internal Medicine,",Northeast,2025-03-31 06:47:40.380499+00
c0db441e-2514-40e3-a1d5-740820db0613,2354215496,",Cardiology,",Northeast,2025-03-31 06:47:40.388319+00
c0ddbf8e-4c8d-4628-afdf-171172d5ae79,3495621663,",Cardiology,",Midwest,2025-03-31 06:47:40.390248+00
c0e293d6-48dd-41f1-9486-da6d4afb4a18,1576275913,",Radiology,",South,2025-03-31 06:47:40.403644+00
c0e6d79f-5fcd-4c4d-9d3e-c6374c3f27be,4898880598,",General Surgery,",Northwest,2025-03-31 06:47:40.386489+00
c0e8e260-4d83-48b1-9cb7-a70272792d6a,8088852037,",Neurology,",Northwest,2025-03-31 06:47:40.398186+00
c0f07b3c-4841-40a0-8a38-11c1f36882cc,5721913545,",Psychiatry,",Midwest,2025-03-31 06:47:40.385759+00
c0f350a0-d334-432f-a864-3db447a93139,9608409055,",Psychiatry,",Northwest,2025-03-31 06:47:40.384737+00
c0f65562-1a7e-44a7-a5c5-881558a7b648,1067534811,",Cardiology,",West,2025-03-31 06:47:40.390051+00
c0f874b7-d281-4e11-812c-3d32855040b1,4743010526,",Internal Medicine,",Northwest,2025-03-31 06:47:40.378276+00
c0fa122e-64da-4be9-9f86-c95f6cc11cbd,2758183407,",Radiology,",Northwest,2025-03-31 06:47:40.403462+00
c0fdfe53-1aa5-4939-bd87-a1e6bf4e779f,7723662655,",Urology,",West,2025-03-31 06:47:40.400283+00
c101e651-15c4-4f32-9282-885ca80e4baa,2098431207,",Neurology,",West,2025-03-31 06:47:40.398008+00
c109cf33-1a93-46df-b3ba-732e352b4eb2,9117377926,",Internal Medicine,",West,2025-03-31 06:47:40.403281+00
c10d7986-44a1-4aec-9c00-98fb09da80b9,7242660355,",Obstetrics & Gynecology,",Northeast,2025-03-31 06:47:40.382646+00
c10fecfa-a019-4bfc-a643-cc1b7cbd8cfd,3294692041,",Orthopedic Surgery,",Northwest,2025-03-31 06:47:40.403774+00
c115ea4f-e71d-43ab-a6ff-0af47e64622a,7774859027,",Internal Medicine,",Northeast,2025-03-31 06:47:40.38097+00
c117213b-42f5-46a9-9919-b0053b14b687,2880416297,",General Surgery,",Midwest,2025-03-31 06:47:40.388193+00
c11b1554-b14c-4fc3-84dd-a232819755c3,4038122026,",Orthopedic Surgery,",South,2025-03-31 06:47:40.392555+00
c11b413a-8ef0-4474-b8f3-c1caf0db7171,3028976016,",Orthopedic Surgery,",Midwest,2025-03-31 06:47:40.391757+00
c12086eb-c6f5-471c-90b6-d3ade0a07327,9916298810,",Gastroenterology,",Northwest,2025-03-31 06:47:40.403833+00
c122d751-a8a9-46c3-a62b-172f2ff6f79a,4642342815,",Orthopedic Surgery,",Northeast,2025-03-31 06:47:40.391723+00
c12ac50d-72ce-4d16-9d6a-0ca3e0b34f73,8271044879,",Nephrology,",West,2025-03-31 06:47:40.402058+00
c136b502-3786-403e-85ad-11ee8a0f8336,5744025309,",Neurology,",West,2025-03-31 06:47:40.398359+00
c146fae0-f58b-4145-9806-7b1dc51b1fce,6532376761,",Obstetrics & Gynecology,",South,2025-03-31 06:47:40.382661+00
c15c79ed-516c-4f0d-a308-fa8ca0cd166c,9865129904,",Anesthesiology,",Northeast,2025-03-31 06:47:40.396262+00
c15dc113-42f8-4d0c-8632-98549a889274,5845412014,",Dermatology,",Northwest,2025-03-31 06:47:40.39422+00
c16dd004-f5ab-4e91-ac93-0939525c8e04,9569747616,",Dermatology,",Midwest,2025-03-31 06:47:40.393977+00
c1727b35-348b-435c-b4b3-45e623ede163,4071538197,",Anesthesiology,",Northeast,2025-03-31 06:47:40.396587+00
c1745c12-f29d-46f5-9148-0b58b2bcd8a0,5573962195,",Anesthesiology,",West,2025-03-31 06:47:40.396611+00
c17623b3-4cd9-43fd-8aeb-0951c2f93ec0,8253927658,",Dermatology,",South,2025-03-31 06:47:40.403751+00
c179b6a5-bd8d-49d3-a59b-814d662ae913,4046626113,",Obstetrics & Gynecology,",West,2025-03-31 06:47:40.381879+00
c1808d81-c982-42e5-a250-72636d5b8c4b,8595364460,",Cardiology,",Midwest,2025-03-31 06:47:40.390382+00
c181175a-69a4-4fdd-8b9a-591407d4f01c,9225460521,",Psychiatry,",West,2025-03-31 06:47:40.385782+00
c18b9c7b-a5a5-4123-8eb2-be265bace3a3,3137025897,",Psychiatry,",South,2025-03-31 06:47:40.384339+00
c1998d12-f706-42ad-a26c-287df6a0ea08,1647456059,",Anesthesiology,",South,2025-03-31 06:47:40.396147+00
c19d2555-38a2-468c-9804-ccc007d5e5be,3211775331,",Obstetrics & Gynecology,",West,2025-03-31 06:47:40.381961+00
c1a61015-b407-42a3-a0db-f73c55cf8272,2037272398,",Radiology,",Midwest,2025-03-31 06:47:40.394721+00
c1a6f3ad-dbd7-4a5f-ad16-b0bbd44cb06d,6191692533,",Internal Medicine,",South,2025-03-31 06:47:40.379511+00
c1ad022f-e374-4923-b46c-6b79c44e6e66,6731499278,",Anesthesiology,",South,2025-03-31 06:47:40.396196+00
c1b5f3b9-f3c6-479a-a3d3-aaf250bc1b08,4242296823,",Pulmonology,",Northeast,2025-03-31 06:47:40.401681+00
c1c6d288-c9d0-4915-b80a-9ae0e41c3861,3084560466,",Dermatology,",Northeast,2025-03-31 06:47:40.393588+00
c1c7a300-4b66-4bf9-9c44-5d0c5c9622bc,8729545019,",Internal Medicine,",West,2025-03-31 06:47:40.376138+00
c1c8f083-6c63-4600-9fed-25a569427a4b,5950065922,",Internal Medicine,",West,2025-03-31 06:47:40.377859+00
c1cc9a11-8a4c-46e5-a9fe-c4d23b5631bf,3891875646,",Anesthesiology,",Northeast,2025-03-31 06:47:40.397288+00
c1cf3a3a-b960-40e4-93f5-67652ad680e4,9079318083,",Internal Medicine,",South,2025-03-31 06:47:40.377146+00
c1de4f21-863f-4e5b-87cd-4f5b9eabeed4,9252417606,",Pulmonology,",West,2025-03-31 06:47:40.403632+00
c1e1b2ac-2c60-41d9-99b3-d742189d7fd9,1899700279,",Cardiology,",Northeast,2025-03-31 06:47:40.390262+00
c1e96db4-7f49-4e8a-ac12-2bac02d9975e,5434476534,",Internal Medicine,",Northwest,2025-03-31 06:47:40.377215+00
c1f10ce6-df6e-4019-867e-e18eab0d5804,8556503170,",Radiology,",West,2025-03-31 06:47:40.39576+00
c203193b-dc1b-42d0-8ad4-9da6fde2d260,1141506956,",Dermatology,",Northwest,2025-03-31 06:47:40.393458+00
c20570e6-7dc4-4e36-86fe-dc5231398ea8,5161446262,",Internal Medicine,",Midwest,2025-03-31 06:47:40.380882+00
c213987a-a33c-442b-ad6d-c151c7141f36,4988375033,",Psychiatry,",West,2025-03-31 06:47:40.38536+00
c21dc0a1-bbb0-489d-b4ab-f41c087728e9,9931268796,",Cardiology,",Northeast,2025-03-31 06:47:40.388646+00
c221b990-c257-44ff-a0b0-3599b263e95f,3247481011,",Psychiatry,",South,2025-03-31 06:47:40.385205+00
c2319c62-c3ad-48c7-8e9b-fb0492d52790,3639199444,",Internal Medicine,",West,2025-03-31 06:47:40.376771+00
c236c074-be5c-4433-b4cb-eeea2cdcb808,2740411609,",Internal Medicine,",Midwest,2025-03-31 06:47:40.379431+00
c239d343-326e-4c8a-ae38-c71ccd69b863,9081426663,",Orthopedic Surgery,",Midwest,2025-03-31 06:47:40.392532+00
c256ccc2-d882-45f1-a3e4-059693a405df,5019498712,",Obstetrics & Gynecology,",West,2025-03-31 06:47:40.383187+00
c25f099d-0c0a-4e3c-9595-ddf42fe32eda,6255912235,",Orthopedic Surgery,",South,2025-03-31 06:47:40.39075+00
c260658e-2300-4392-a5ec-6558936d3a15,3523981175,",Dermatology,",West,2025-03-31 06:47:40.39416+00
c2610959-aaed-4db0-a2e6-5829e997727c,9192448846,",Internal Medicine,",Northwest,2025-03-31 06:47:40.378447+00
c268bb22-ce60-4648-a20a-fd0f3fe33dcc,4893974571,",Obstetrics & Gynecology,",Midwest,2025-03-31 06:47:40.381665+00
c270661f-3280-4231-933a-4cfe2cff80e7,7060247848,",General Surgery,",Midwest,2025-03-31 06:47:40.386139+00
c2772463-8f36-4852-b4b9-d6ccf06cc5a0,5076982218,",Internal Medicine,",West,2025-03-31 06:47:40.378024+00
c27e9290-59b0-4f98-896f-dd7fc5c918c3,5080828464,",General Surgery,",West,2025-03-31 06:47:40.386255+00
c2926b37-608c-4304-9eda-9a363128e49a,4847485935,",Internal Medicine,",Northwest,2025-03-31 06:47:40.380002+00
c293e75f-8087-4d99-9940-79cabe7d59c7,8337488664,",Orthopedic Surgery,",Midwest,2025-03-31 06:47:40.390707+00
c29c86e2-8fc7-48ed-b45f-d555e85be78a,5159805921,",Internal Medicine,",Northwest,2025-03-31 06:47:40.381315+00
c2a6e0f2-8a43-485f-8564-519d1780a236,8717313379,",Anesthesiology,",Northeast,2025-03-31 06:47:40.397082+00
c2bd9194-8941-4ac1-afe1-4967817438c2,1144440319,",Urology,",Midwest,2025-03-31 06:47:40.400315+00
c2bdc0ee-b5f8-4613-a000-e47267778775,2778344731,",Neurology,",Northeast,2025-03-31 06:47:40.397853+00
c2c5bede-4e4e-48f9-9a1e-c7726bad771d,3964650442,",Psychiatry,",Northwest,2025-03-31 06:47:40.385796+00
c2ca2f8d-6a72-499c-8017-7638eed16c5e,3737557594,",Dermatology,",Northeast,2025-03-31 06:47:40.392644+00
c2cca3e3-6e10-454f-b1d5-9c70ff37cb45,5952648649,",Dermatology,",South,2025-03-31 06:47:40.393848+00
c2cca62a-a916-441c-bdf7-0dd9657ad8ff,7197529881,",Nephrology,",Midwest,2025-03-31 06:47:40.402402+00
c2e89ca8-116d-446e-a38c-f588b007e5d6,2770745748,",Internal Medicine,",Northeast,2025-03-31 06:47:40.379719+00
c2f516b2-0d89-490d-8f3e-544ee97d1aaa,1258539102,",Anesthesiology,",Northwest,2025-03-31 06:47:40.397361+00
c2f6157f-3d63-44b7-84bb-8609a1eb648e,7558344464,",Internal Medicine,",West,2025-03-31 06:47:40.376286+00
c2fae8f4-4770-435a-803d-1216726c1947,5853660504,",Cardiology,",South,2025-03-31 06:47:40.388878+00
c2fc139b-2a9e-4388-b107-80088016a45c,9278355657,",Psychiatry,",Midwest,2025-03-31 06:47:40.384461+00
c2fca527-5ba4-427c-9d49-3d028708af5e,6126076896,",Obstetrics & Gynecology,",Northeast,2025-03-31 06:47:40.383307+00
c303ccd9-253e-4bf8-b080-0b2aa58b8a63,3781004256,",Dermatology,",Midwest,2025-03-31 06:47:40.393681+00
c30402ac-c6bf-4bfb-ae02-a383e4d3a961,7817768877,",Internal Medicine,",Northwest,2025-03-31 06:47:40.379146+00
c316ceb8-3b5d-438f-9f0c-542a3566fefd,1163278106,",Internal Medicine,",Northwest,2025-03-31 06:47:40.381134+00
c3198331-7c77-4788-9b28-517e6893bd53,7184644643,",Internal Medicine,",West,2025-03-31 06:47:40.376399+00
c32a2e5a-bc9e-4036-8073-fa17994ee95b,4220563726,",Internal Medicine,",Northeast,2025-03-31 06:47:40.378593+00
c32b3bc2-e093-4ea1-b5ad-c432569045f9,6164202426,",Obstetrics & Gynecology,",South,2025-03-31 06:47:40.38205+00
c347b55d-4c3f-4510-a513-866a6af4f54d,7761638457,",Neurology,",Northwest,2025-03-31 06:47:40.397804+00
c34a3d06-1546-46a8-8c2b-f60b8821c9c3,5679635208,",Obstetrics & Gynecology,",West,2025-03-31 06:47:40.382172+00
c34de5c5-6d23-4c69-9e52-83823e0c4f86,4102810266,",Orthopedic Surgery,",Northeast,2025-03-31 06:47:40.390721+00
c355d6ea-d9f6-4768-bfe4-0b476648e875,4120182857,",Oncology,",Northwest,2025-03-31 06:47:40.402684+00
c35fbf6b-3663-4682-a08d-e05d3051aae2,5153299037,",Psychiatry,",South,2025-03-31 06:47:40.384909+00
c37112fd-a6af-4d28-a00b-782cd0a65995,1096582340,",Internal Medicine,",Midwest,2025-03-31 06:47:40.378755+00
c373f619-c5d6-4fa0-ba05-606d75985653,8383804905,",General Surgery,",South,2025-03-31 06:47:40.387412+00
c37583f2-ccca-4a16-ab13-54800fcdfb08,5774749450,",Neurology,",Northeast,2025-03-31 06:47:40.398247+00
c37b5523-8910-4435-9475-a51d65625e7f,7479731990,",Neurology,",Northeast,2025-03-31 06:47:40.398656+00
c3801d21-f88f-4cd7-827c-ca3e1e0c6f04,3560447346,",Cardiology,",West,2025-03-31 06:47:40.388813+00
c386d3de-d303-4b17-8cec-c44243dc9518,2780954198,",General Surgery,",Midwest,2025-03-31 06:47:40.403739+00
c3929968-0aef-4696-b1ae-c9d8ac4f3633,2303371327,",Internal Medicine,",Midwest,2025-03-31 06:47:40.377066+00
c392eed2-ce85-4d41-b022-6a32d0b57e29,1190220066,",Orthopedic Surgery,",Northeast,2025-03-31 06:47:40.391596+00
c3a4783a-aee0-4ad3-8f37-789d9c52bb7c,6622452518,",Cardiology,",South,2025-03-31 06:47:40.389853+00
c3ac24f9-e5f9-4f11-b13c-b1126c8053c3,9088443608,",Anesthesiology,",Midwest,2025-03-31 06:47:40.397544+00
c3ae5573-1bf1-4160-86b6-1fd9cbe1c61c,8488944295,",Orthopedic Surgery,",West,2025-03-31 06:47:40.391528+00
c3b30ffa-84f8-49c5-b244-41e04f3f355e,2268198343,",Cardiology,",Northwest,2025-03-31 06:47:40.388649+00
c3b7e221-06f2-4ec9-9d3e-10ee2c7e7a01,5331039792,",Cardiology,",Midwest,2025-03-31 06:47:40.388328+00
c3bbbe37-8c86-47fb-aaa8-9e06eee02c77,9765151526,",Psychiatry,",Northwest,2025-03-31 06:47:40.385918+00
c3c4ff79-c88e-453e-8558-11311dc65894,9355769654,",Psychiatry,",West,2025-03-31 06:47:40.385681+00
c3c7abc8-bf11-4cf4-aa97-180ef32e16f0,4396042795,",Radiology,",Northeast,2025-03-31 06:47:40.394336+00
c3c905f8-7691-4a6d-a522-ff7d760e6c54,9307556629,",Internal Medicine,",Midwest,2025-03-31 06:47:40.377845+00
c3d5749a-6bf2-4a36-a316-7ae86315ef62,8057511718,",Psychiatry,",South,2025-03-31 06:47:40.385317+00
c3d6c32b-b9c5-4552-b770-25ffd58ea30c,6826009951,",Psychiatry,",Midwest,2025-03-31 06:47:40.38473+00
c3dae771-eabc-48b7-b60b-9013036ba483,3682440412,",Internal Medicine,",South,2025-03-31 06:47:40.380252+00
c3dcf397-8d06-4aed-9446-37056c75f87b,3065134434,",Orthopedic Surgery,",Northwest,2025-03-31 06:47:40.392569+00
c3dd6268-c95a-4236-a86a-548585d62ca5,6209182860,",Psychiatry,",Northwest,2025-03-31 06:47:40.384973+00
c3df0ab1-4b29-404e-bc37-e985afb02d51,4251813322,",Orthopedic Surgery,",West,2025-03-31 06:47:40.39167+00
c3dfca46-ad37-4a6c-a004-4e397bbfac31,7197498694,",Radiology,",West,2025-03-31 06:47:40.395019+00
c3e68a3f-b84d-4511-96c0-05fa2b201294,8268437736,",Gastroenterology,",Midwest,2025-03-31 06:47:40.399153+00
c3e74b49-cd1d-4ce4-a5aa-2070a6670899,2710804413,",Neurology,",Northwest,2025-03-31 06:47:40.403341+00
c3ec8ccd-00b2-4d46-96c3-f50cc1522bb1,6141328624,",Obstetrics & Gynecology,",West,2025-03-31 06:47:40.383781+00
c3eed539-e53f-4809-a441-838a87a652cd,1118405429,",Obstetrics & Gynecology,",Northeast,2025-03-31 06:47:40.382138+00
c3ffec15-2eb3-4c18-b6f5-819123ccd301,9573815929,",Anesthesiology,",South,2025-03-31 06:47:40.397256+00
c400bded-9a3b-40b9-a9f3-ee8497dc3baf,5470718025,",Radiology,",Midwest,2025-03-31 06:47:40.394466+00
c418ae52-da7d-4daf-8efe-e4f8c6b5b77e,1260902094,",Gastroenterology,",Midwest,2025-03-31 06:47:40.399406+00
c41acff3-0edd-41e4-bb8e-fd8544b894aa,8686932546,",Oncology,",West,2025-03-31 06:47:40.402886+00
c421aa7c-c12d-4511-9c8e-7f89246a58fc,5723814531,",Radiology,",Northeast,2025-03-31 06:47:40.395319+00
c428dd70-8203-4ae1-97f5-c83aa83ae7fd,8894161937,",Psychiatry,",South,2025-03-31 06:47:40.384932+00
c4290886-fdf6-48e5-9275-da4597e5a98c,1978824201,",Oncology,",West,2025-03-31 06:47:40.402647+00
c42ba151-d15b-4a91-bfbc-1805b1e54738,5956555531,",Obstetrics & Gynecology,",South,2025-03-31 06:47:40.382729+00
c42ddf57-8db7-4583-b757-852956a7b143,2419615230,",Radiology,",Northwest,2025-03-31 06:47:40.395039+00
c42f1eb4-e5c3-4a45-8cb8-24dc34f70114,8515984579,",General Surgery,",South,2025-03-31 06:47:40.386278+00
c43b80c7-63c2-428d-8dcb-e859477414db,2606004712,",Radiology,",West,2025-03-31 06:47:40.395308+00
c43c0f64-db91-432e-bdcd-b4c6a0bb3a97,1900514125,",Orthopedic Surgery,",Northeast,2025-03-31 06:47:40.390682+00
c4421ee8-37fa-4633-98f4-ea5ff70030af,1843715092,",Anesthesiology,",West,2025-03-31 06:47:40.397655+00
c444178b-a216-47d8-9ab7-22bae75c55c8,1511985236,",Obstetrics & Gynecology,",Northeast,2025-03-31 06:47:40.404497+00
c4475147-0d52-485e-b13b-aad129dcaf93,8553112838,",Internal Medicine,",West,2025-03-31 06:47:40.37907+00
c448d4b5-2de7-4f68-b764-55ffd55a26f9,8598402825,",Internal Medicine,",Northeast,2025-03-31 06:47:40.403101+00
c44bb0ea-60d7-4259-b465-5a5cb5534c22,7179426894,",Anesthesiology,",Northwest,2025-03-31 06:47:40.396208+00
c4552568-7d25-4744-bf85-fe83805e5546,9385695047,",Internal Medicine,",Midwest,2025-03-31 06:47:40.381002+00
c455da72-9bcb-42c6-b5f4-741b70f9149b,5423230411,",Internal Medicine,",Northwest,2025-03-31 06:47:40.377288+00
c45e5a98-dd30-4a11-bd69-cb561b3b26d0,1126942506,",Psychiatry,",Midwest,2025-03-31 06:47:40.384805+00
c45e6966-32fb-4191-a578-a265a66a9c05,1049884316,",Cardiology,",South,2025-03-31 06:47:40.39033+00
c466529b-e4c0-4011-aceb-df0979afbf56,7825346911,",Obstetrics & Gynecology,",West,2025-03-31 06:47:40.38294+00
c471813c-cecd-40a5-b965-d06fb019d8cb,5438078924,",Orthopedic Surgery,",Northeast,2025-03-31 06:47:40.390907+00
c472b379-0dcd-41dc-9bc8-0b6719b12012,5661078649,",Internal Medicine,",West,2025-03-31 06:47:40.404358+00
c486232b-71ae-41be-903c-c14bc704a6e8,7775042294,",Internal Medicine,",South,2025-03-31 06:47:40.377337+00
c49a3530-538e-4add-b062-63279d2e56af,8617392667,",Radiology,",Northeast,2025-03-31 06:47:40.395346+00
c4a7b422-377b-4cd9-8c0c-95384efaa255,4840747561,",General Surgery,",South,2025-03-31 06:47:40.38731+00
c4ad7672-bc37-47c0-ac47-b977cfb25a70,7130502172,",Urology,",South,2025-03-31 06:47:40.400586+00
c4ad8252-37a0-4b90-9f0e-c8e0997b1aad,5160960173,",General Surgery,",Northwest,2025-03-31 06:47:40.38806+00
c4b3b155-3205-4907-9724-9009b26b5113,8531315998,",Cardiology,",Midwest,2025-03-31 06:47:40.390225+00
c4b77ea1-8c7e-4638-8f6b-b3e542a09180,6669499130,",Orthopedic Surgery,",Northwest,2025-03-31 06:47:40.392295+00
c4b9ce71-3b7d-489f-8fd0-58beabfe0a73,1958770186,",Gastroenterology,",Midwest,2025-03-31 06:47:40.399983+00
c4bf0829-a21f-4dc8-8e89-2ecdebcd6008,5239744418,",Cardiology,",West,2025-03-31 06:47:40.404346+00
c4c4492d-ff0b-42ba-b93c-dace1c5da33d,6876290261,",Gastroenterology,",West,2025-03-31 06:47:40.399268+00
c4d3ebe5-4f01-4307-931f-b1b956273d22,8220058648,",Dermatology,",West,2025-03-31 06:47:40.392956+00
c4dc8795-bf12-4ff2-8155-5741d0fbdd4c,2005574212,",Psychiatry,",South,2025-03-31 06:47:40.384958+00
c4e1bd5f-a5d2-4575-8d27-c979e2879a32,2254084898,",Neurology,",Northwest,2025-03-31 06:47:40.397839+00
c4e26f2d-fcb8-4664-8cdc-1c37fc03fc79,5653702716,",General Surgery,",Northwest,2025-03-31 06:47:40.386299+00
c4fbf8dc-3b9a-4e2b-a035-5151bf765ee9,5444138006,",Obstetrics & Gynecology,",Midwest,2025-03-31 06:47:40.381609+00
c5043e39-03dd-487b-8c66-2ab984319926,5881787012,",Anesthesiology,",Northeast,2025-03-31 06:47:40.397048+00
c5052085-59ec-4713-aa7c-814f7dcddf47,9166142576,",Internal Medicine,",Midwest,2025-03-31 06:47:40.376996+00
c50a2343-22d1-4b60-b29f-70a08dd57c69,7909663981,",Dermatology,",Midwest,2025-03-31 06:47:40.392959+00
c51301e7-ec5a-4998-85d3-5a85f7cb4c22,6460723775,",Internal Medicine,",Midwest,2025-03-31 06:47:40.379962+00
c51acaef-305a-441b-9ee1-f7eabdbafebe,1544918010,",Radiology,",South,2025-03-31 06:47:40.394955+00
c51b44e3-57b7-4f28-b0ce-6d2aeeb9e34b,7254952118,",Obstetrics & Gynecology,",Midwest,2025-03-31 06:47:40.381958+00
c52d41b0-fe3d-45a8-9e43-5a5806a96b53,8759220757,",General Surgery,",West,2025-03-31 06:47:40.388167+00
c53a1a00-51ee-4351-a95e-6d2ccb78b785,2585499565,",Oncology,",Midwest,2025-03-31 06:47:40.402756+00
c54453e6-be63-43b2-8f31-6eb57d633069,3296095879,",Internal Medicine,",West,2025-03-31 06:47:40.379292+00
c5469ef2-f48d-4319-bfaf-7d956a32ca61,3829381880,",Urology,",South,2025-03-31 06:47:40.401081+00
c550f839-f477-409a-a4a1-8e39b39898a7,1652594754,",Internal Medicine,",South,2025-03-31 06:47:40.378744+00
c552dbdf-b91d-42d3-b345-55075c646ef0,1448017128,",Radiology,",South,2025-03-31 06:47:40.395462+00
c55c00e9-cd0b-4c16-a763-3c9fc9a1603f,3977222353,",Cardiology,",Northwest,2025-03-31 06:47:40.389108+00
c55ca918-d236-44ac-931b-fe48b1a21b44,6446854277,",General Surgery,",West,2025-03-31 06:47:40.386813+00
c560802d-9b58-4ea3-8291-27e501b22ca7,7412888439,",Dermatology,",Northwest,2025-03-31 06:47:40.394146+00
c56682f4-a7fc-44a1-b513-13c95da4277f,8563454214,",Gastroenterology,",West,2025-03-31 06:47:40.399611+00
c56c08ac-e78d-443a-8000-89240f97c9b9,3629101378,",Pulmonology,",West,2025-03-31 06:47:40.401646+00
c56f4ffc-6e81-4162-81b8-30ad3a756ab9,3553932522,",Gastroenterology,",Northeast,2025-03-31 06:47:40.399512+00
c5704fd7-37a5-41d2-b84a-6c408626a3dd,5137728353,",Psychiatry,",Northwest,2025-03-31 06:47:40.384703+00
c57569e4-6925-4f8c-8c18-af807a883412,1336196998,",Oncology,",Midwest,2025-03-31 06:47:40.402842+00
c586055b-cb70-4594-8f9a-3f7dcbf86210,8688882841,",Anesthesiology,",Northwest,2025-03-31 06:47:40.39621+00
c58bf79a-cd14-4eba-8cff-aa2f5d76cee5,6093412953,",Internal Medicine,",Midwest,2025-03-31 06:47:40.38099+00
c59bc9ac-e027-4057-9679-dc0a484e578f,7151784552,",Internal Medicine,",West,2025-03-31 06:47:40.377795+00
c5a808d2-0e26-4c5d-86c1-09521a1c75dd,2353784115,",Psychiatry,",Midwest,2025-03-31 06:47:40.38443+00
c5a86e50-b3e3-4f4f-9cd7-71d7dd44c613,4474387813,",Internal Medicine,",Northwest,2025-03-31 06:47:40.376231+00
c5ab3116-1cec-4a85-9757-4066e78d5d1b,5768489573,",Pulmonology,",Midwest,2025-03-31 06:47:40.401443+00
c5aea46d-9d8a-4157-8ec4-e953bd06da32,6981540935,",Nephrology,",Northwest,2025-03-31 06:47:40.40241+00
c5af2173-91e4-476a-87bd-55ef377631b3,4144811229,",Internal Medicine,",Northwest,2025-03-31 06:47:40.380545+00
c5afffb5-e2fa-40aa-9e60-6d67c2f11256,6751404120,",Cardiology,",Midwest,2025-03-31 06:47:40.388444+00
c5cc3be6-457a-4413-8307-8cee97338329,1425389035,",Radiology,",West,2025-03-31 06:47:40.394491+00
c5cddc1d-909b-4ca4-bd85-bdc3e859ce56,4235503705,",Orthopedic Surgery,",West,2025-03-31 06:47:40.403349+00
c5d19ccd-a254-44db-be02-ac627ed335b1,8899384457,",Internal Medicine,",West,2025-03-31 06:47:40.380158+00
c5dcd722-eefb-4feb-b33d-47f048c0cc87,7778645716,",Orthopedic Surgery,",South,2025-03-31 06:47:40.39116+00
c5dd6c71-694b-4966-9d34-25aba51904a8,3098203019,",Neurology,",Midwest,2025-03-31 06:47:40.398794+00
c5e510e9-da29-42ac-97e5-5e2339d5c050,7202851315,",Cardiology,",South,2025-03-31 06:47:40.389298+00
c5e54522-b3bc-43d9-91a7-678e308224c7,3480788274,",Internal Medicine,",Northeast,2025-03-31 06:47:40.404407+00
c6001f19-9c5f-451f-81be-dc2c5d1456f0,5039415400,",Urology,",Northwest,2025-03-31 06:47:40.401002+00
c602b65c-5758-460c-8a60-bc2c22430623,8882744094,",Internal Medicine,",Midwest,2025-03-31 06:47:40.376412+00
c6034489-4940-484d-a35d-596a503eed9d,2035591540,",Internal Medicine,",Northwest,2025-03-31 06:47:40.380851+00
c6082252-4844-451c-a251-273eeafd15b2,4517213563,",Obstetrics & Gynecology,",South,2025-03-31 06:47:40.383327+00
c60a9895-a479-42a1-9b0b-6b074ac4c6ad,2787927021,",Internal Medicine,",South,2025-03-31 06:47:40.378243+00
c60d743a-6bd0-437e-9552-7e00151ec361,5972736181,",General Surgery,",West,2025-03-31 06:47:40.388179+00
c60edd9a-c1d6-4ec6-a250-b39a0b40bd09,5860167420,",Internal Medicine,",Midwest,2025-03-31 06:47:40.377909+00
c6101a11-60a1-47fd-8648-d6c6035fbb9e,3972478327,",Urology,",South,2025-03-31 06:47:40.400417+00
c6261b1d-0e41-427f-98b9-8c5198369803,8586167369,",Internal Medicine,",West,2025-03-31 06:47:40.376265+00
c6312e05-9c83-4844-b62d-74ccab5bebc2,1808463715,",Oncology,",Northeast,2025-03-31 06:47:40.404032+00
c63cc30a-8dc6-4389-9056-fe6e4a647f72,6831769982,",Neurology,",Northeast,2025-03-31 06:47:40.397969+00
c63cf854-77ba-4178-bdb9-4b02abde978b,1556936080,",Cardiology,",South,2025-03-31 06:47:40.388675+00
c63f8803-e413-4938-b165-da0559e9bcd9,7668454864,",Dermatology,",Northeast,2025-03-31 06:47:40.393627+00
c64578ac-cc97-43c1-b99b-5c779a1fb7b6,9916654169,",Neurology,",West,2025-03-31 06:47:40.398125+00
c6499324-4dc1-4a00-9741-89c1f82e2f77,9880799579,",Psychiatry,",Midwest,2025-03-31 06:47:40.384131+00
c64bccad-a1e2-490a-aa00-02b661b54ee2,9910171132,",Dermatology,",Midwest,2025-03-31 06:47:40.39305+00
c6577279-3680-4f30-a971-3ec28d2d60e7,3768606596,",Neurology,",South,2025-03-31 06:47:40.39834+00
c65d9995-83f4-4ff5-b71b-23edd6fbe188,8300054110,",Psychiatry,",Northwest,2025-03-31 06:47:40.384791+00
c667d942-bfb1-4afe-a62e-e5b6d8c91d41,5443943086,",Orthopedic Surgery,",Northwest,2025-03-31 06:47:40.390727+00
c6742b0d-2322-4503-809a-d1246babce87,9084449626,",Cardiology,",Midwest,2025-03-31 06:47:40.390508+00
c675053c-b70d-4678-bfc8-50ba521bf432,1716217245,",Dermatology,",West,2025-03-31 06:47:40.393498+00
c67cdc4e-f98d-4e53-9545-9c9e495efce3,2660370935,",Orthopedic Surgery,",Midwest,2025-03-31 06:47:40.392132+00
c67f6092-aa1c-4a12-abe5-da938d6647ad,8919045337,",Dermatology,",West,2025-03-31 06:47:40.392826+00
c6830372-e3ab-4213-bad3-72984608fcec,8327302343,",Internal Medicine,",South,2025-03-31 06:47:40.381108+00
c6865441-08c1-4e39-a417-ffc0e25b068a,7146123231,",Gastroenterology,",Midwest,2025-03-31 06:47:40.399271+00
c68b3a5f-311f-410f-a0ff-c74aae668262,6806561858,",Orthopedic Surgery,",Northeast,2025-03-31 06:47:40.403719+00
c68cfc65-b803-425b-a15c-d3285861c297,3897744556,",Cardiology,",Northwest,2025-03-31 06:47:40.388785+00
c68f5a3f-c5b5-4ef6-8e66-488c91b6599d,2824147202,",Gastroenterology,",Northeast,2025-03-31 06:47:40.399866+00
c691eae4-781f-4e7e-9d89-a73871dc0519,2583376894,",Obstetrics & Gynecology,",Northeast,2025-03-31 06:47:40.38309+00
c693104d-5f8f-4821-bb1c-ad700a7eb1fd,2226904739,",Orthopedic Surgery,",South,2025-03-31 06:47:40.391536+00
c69f0491-efb3-4ea8-a902-54043eff62b7,1938121407,",Obstetrics & Gynecology,",South,2025-03-31 06:47:40.382339+00
c69fe2e1-99c7-410f-bc1d-d84d1772a2a5,4584144878,",Dermatology,",Northeast,2025-03-31 06:47:40.394065+00
c6a110a2-afe7-4865-958e-0d3804cf9d76,2349384298,",Neurology,",South,2025-03-31 06:47:40.398221+00
c6aaeb71-35b8-4c7c-a75e-9057d5634ad1,3313982684,",Obstetrics & Gynecology,",Northeast,2025-03-31 06:47:40.382017+00
c6b427fc-6bce-4828-8ead-d7005732c357,1560328970,",Psychiatry,",West,2025-03-31 06:47:40.385581+00
c6bb8b04-6732-447d-bd89-cb9e54760dc7,1626350797,",Neurology,",Northwest,2025-03-31 06:47:40.398667+00
c6d0672d-ef25-47f4-88ad-66907a32c885,9514832918,",Orthopedic Surgery,",West,2025-03-31 06:47:40.391325+00
c6d4a056-0b24-4484-8b05-171f62600dc4,7325692761,",Obstetrics & Gynecology,",West,2025-03-31 06:47:40.381846+00
c6dbf07a-b1c9-4b14-beb5-9cd2310cfb1a,9989041722,",Obstetrics & Gynecology,",Northwest,2025-03-31 06:47:40.382902+00
c6de61d4-aa4b-405d-9cc9-fe3d0588d553,9043865672,",Psychiatry,",Northwest,2025-03-31 06:47:40.384519+00
c6e31943-1ec3-4db5-a1a9-500bdaf6ae40,7498247045,",Internal Medicine,",Northeast,2025-03-31 06:47:40.376873+00
c6e6b372-dde2-4cf1-8cb5-f13f4dd5ab11,4512843366,",Internal Medicine,",Northwest,2025-03-31 06:47:40.379526+00
c6e99510-c42d-45e9-8194-0bfd1438fb35,9255751611,",Orthopedic Surgery,",Midwest,2025-03-31 06:47:40.392189+00
c6edb40f-0015-4a6c-a211-8595c3a4be3a,3774038648,",Gastroenterology,",Northwest,2025-03-31 06:47:40.399924+00
c70c099e-b459-444f-bade-2f9ab648fe59,8602037855,",Dermatology,",Northwest,2025-03-31 06:47:40.393067+00
c70d3f03-77b7-453e-b02d-f1a6206b1656,8940373581,",Orthopedic Surgery,",West,2025-03-31 06:47:40.391968+00
c71164a2-4aa8-44fb-9615-a6624d13e420,7168282434,",Psychiatry,",South,2025-03-31 06:47:40.385365+00
c718f7fc-fadb-4968-aa70-976b9612d143,7487335132,",Internal Medicine,",West,2025-03-31 06:47:40.376085+00
c71ea091-f996-4416-a5ac-bc4a43b4e41f,4829988622,",Cardiology,",South,2025-03-31 06:47:40.39065+00
c71f44e6-4445-4e4e-bcc8-06ec5d11feea,7968857961,",Neurology,",West,2025-03-31 06:47:40.3982+00
c71f8c65-5223-4195-82cf-2f69d3ebf13f,6836869063,",Gastroenterology,",South,2025-03-31 06:47:40.403909+00
c720b899-ea5f-443c-a058-b3e6634e7d35,9572619176,",Orthopedic Surgery,",Northeast,2025-03-31 06:47:40.392518+00
c72ccd42-d35e-4503-b856-db17cec0f736,1937145239,",Urology,",Midwest,2025-03-31 06:47:40.401087+00
c7324dc5-5ee6-4d7f-a27b-30a54c0fd94b,4475142181,",Cardiology,",South,2025-03-31 06:47:40.39008+00
c735ec41-2a92-4305-bc59-d697dd1dc425,3399252367,",Internal Medicine,",Northwest,2025-03-31 06:47:40.378826+00
c7396a40-70a2-4e68-94b8-b2100b045129,4693159445,",Internal Medicine,",South,2025-03-31 06:47:40.379286+00
c741b0fd-ed17-4b6a-9201-57435f7830e6,4126791506,",Internal Medicine,",Midwest,2025-03-31 06:47:40.380894+00
c74dfae0-fe23-4a48-ae40-375879cd5848,9843844215,",Orthopedic Surgery,",Northwest,2025-03-31 06:47:40.392475+00
c7617e53-18db-4aaa-a985-0af3669ef03d,9135705579,",Cardiology,",Northwest,2025-03-31 06:47:40.388415+00
c767141f-8e6f-4f15-92b2-20363eab9b48,3962296656,",General Surgery,",South,2025-03-31 06:47:40.386151+00
c77de60b-f3d6-4870-aa52-8407306a4599,4661459242,",Obstetrics & Gynecology,",Northeast,2025-03-31 06:47:40.382014+00
c77e7cf7-937f-4b84-b363-948db9be08e8,8596093922,",General Surgery,",West,2025-03-31 06:47:40.387648+00
c78c8ab6-1337-49e5-9062-dbe757462793,4361570677,",Pulmonology,",South,2025-03-31 06:47:40.401404+00
c7b86f57-ced6-488c-8633-062b65963ed0,7460284238,",Radiology,",West,2025-03-31 06:47:40.395674+00
c7bf639d-cbde-4a36-a771-b95b1cfb0925,9554956219,",Internal Medicine,",South,2025-03-31 06:47:40.378636+00
c7c71ed3-08cd-445a-afba-0a21b3d9eb86,1126573573,",Psychiatry,",South,2025-03-31 06:47:40.386012+00
c7ca1820-d56e-4c19-ad3f-7786ba3e50a6,2242605562,",Neurology,",West,2025-03-31 06:47:40.398889+00
c7d7e93c-549c-41ab-999e-df271240ca0e,2604091116,",Cardiology,",Northwest,2025-03-31 06:47:40.38833+00
c7e4b4bb-52ad-4a43-a3f1-20b24b465e1b,8767398545,",General Surgery,",Northeast,2025-03-31 06:47:40.386401+00
c7e89c30-c306-4a58-a0f0-a5ac95ce79f2,4647241972,",Dermatology,",Northeast,2025-03-31 06:47:40.393273+00
c7efd83b-6ee0-4821-ae5c-c721bd2f06a3,7299879571,",General Surgery,",West,2025-03-31 06:47:40.387063+00
c7f65dcb-2970-4cae-be47-562ed1176914,8654654492,",Psychiatry,",West,2025-03-31 06:47:40.384013+00
c7f7e7c8-ff09-4855-9d19-9c8704ba9540,9645131413,",Anesthesiology,",Midwest,2025-03-31 06:47:40.396979+00
c7f80cc0-dd97-40bf-839c-838ae0b6380d,2312338644,",Obstetrics & Gynecology,",Midwest,2025-03-31 06:47:40.382195+00
c7fe0af3-c3c1-45d1-b8a3-0bcb6c0c8da9,2271387818,",Psychiatry,",South,2025-03-31 06:47:40.384424+00
c8008f31-b176-4922-babe-a7c9ae9dd3ea,5061444577,",General Surgery,",West,2025-03-31 06:47:40.387883+00
c8025d4c-0d37-4f83-9d72-404362595beb,6896819130,",Internal Medicine,",Midwest,2025-03-31 06:47:40.40387+00
c80b2069-d2a7-4a19-a0de-67bf33086cd2,8156730400,",Radiology,",Northeast,2025-03-31 06:47:40.394365+00
c80fd000-061d-44bd-a810-ada72d3e01cb,7710690789,",Radiology,",South,2025-03-31 06:47:40.394912+00
c8239cf9-7c3d-40dc-9fd7-81853f68f89f,9824193770,",Psychiatry,",West,2025-03-31 06:47:40.384273+00
c825e11e-ef5a-49ca-a0f5-c9a6730c312e,5849264273,",Radiology,",West,2025-03-31 06:47:40.39545+00
c82e21e5-59e9-46dd-9c45-dcb31f97e3d8,1183179833,",Anesthesiology,",Midwest,2025-03-31 06:47:40.397142+00
c831807c-fcce-48d4-acf3-c7cd8ea0a249,7474412906,",Pulmonology,",Midwest,2025-03-31 06:47:40.401829+00
c844e62e-e567-4c42-9e63-47f7af4a05fc,6385955489,",Nephrology,",South,2025-03-31 06:47:40.404021+00
c845c602-4b20-4b19-8eca-15574fe1d0ca,4323438329,",Internal Medicine,",Midwest,2025-03-31 06:47:40.404465+00
c848b97b-2c26-4b1e-8f23-7253be88547f,6624556451,",Gastroenterology,",Northwest,2025-03-31 06:47:40.404556+00
c856f432-2360-4d54-82fd-bd1d7dbb6f08,4425416154,",Internal Medicine,",Midwest,2025-03-31 06:47:40.377938+00
c85a2b5b-c884-4726-827c-45ec5417bcf3,2581467360,",General Surgery,",Northwest,2025-03-31 06:47:40.386356+00
c85f9e6f-ded2-4e21-991a-572f7b1cb783,4440432460,",Internal Medicine,",Midwest,2025-03-31 06:47:40.378228+00
c86fd30b-cb8e-4a50-8cb6-babe0abef7cd,6100717104,",Obstetrics & Gynecology,",West,2025-03-31 06:47:40.382447+00
c87c0cfb-c43d-48fe-83ab-3b340e8c3427,5878272186,",Nephrology,",South,2025-03-31 06:47:40.40215+00
c8816c0f-0c2a-41f1-b596-0365f652fd3d,2344903418,",Psychiatry,",South,2025-03-31 06:47:40.383895+00
c881a955-c42d-4303-8d24-334f5c74d754,7510470717,",Psychiatry,",Midwest,2025-03-31 06:47:40.385562+00
c8830ece-314c-4d36-9f8d-277d500fc3b3,6182763009,",Internal Medicine,",South,2025-03-31 06:47:40.38026+00
c8839fcb-f582-4250-b8bb-b6bd81545868,3715189064,",Pulmonology,",Northwest,2025-03-31 06:47:40.401372+00
c887ee44-9628-429d-bc49-d1a190097dea,5929590160,",Nephrology,",Northeast,2025-03-31 06:47:40.402147+00
c8893efc-02ca-449e-a5d3-5ba337bb12f8,7390299372,",General Surgery,",Midwest,2025-03-31 06:47:40.386921+00
c890b1d7-0099-4218-aa50-6086e2f51ea2,8707002357,",Radiology,",South,2025-03-31 06:47:40.394976+00
c8a81e28-16ad-46df-a6a6-43aaedb7763d,4520073513,",Psychiatry,",Northwest,2025-03-31 06:47:40.385652+00
c8aa53aa-9cf9-4008-8dd3-5f106222debd,8077692721,",Cardiology,",Northeast,2025-03-31 06:47:40.389718+00
c8b0dc82-b7a1-442d-8126-5adff7e30207,5068935438,",Psychiatry,",West,2025-03-31 06:47:40.384686+00
c8b6ce2f-c4a5-429b-aa22-e884d8c4f1e2,3038251093,",Cardiology,",Northeast,2025-03-31 06:47:40.388908+00
c8bdf686-8873-4cab-96c7-68b6ecb05c7c,9303909734,",Internal Medicine,",Northeast,2025-03-31 06:47:40.377862+00
c8c2c823-7ef6-46e4-8c4c-81539f88a974,8196840339,",Dermatology,",Midwest,2025-03-31 06:47:40.393294+00
c8c4c9f7-0784-4503-83ad-6769ab5d27a8,1822744149,",Psychiatry,",Northeast,2025-03-31 06:47:40.384148+00
c8c578e7-424e-4519-b577-0e5e46681343,2047242345,",Internal Medicine,",Midwest,2025-03-31 06:47:40.376888+00
c8caf7ab-1029-450c-acf1-2d5e5358b7c0,1962967421,",Internal Medicine,",Midwest,2025-03-31 06:47:40.379313+00
c8d34db6-018a-4751-864e-50aa9d4b41cd,8865548472,",Internal Medicine,",Northwest,2025-03-31 06:47:40.377451+00
c8d7e603-e97d-4aae-b379-e8506a6b5864,9783778318,",Internal Medicine,",South,2025-03-31 06:47:40.379821+00
c8d9cd37-96ab-482e-8775-2fe0ba38aa57,2947886987,",Dermatology,",West,2025-03-31 06:47:40.393507+00
c8ef4740-5fd3-49e5-bbab-3d3b4d7b9a21,7940944282,",Radiology,",South,2025-03-31 06:47:40.39521+00
c8f467fe-8cc7-45cc-b762-d99e839f2bb1,8910763576,",Neurology,",West,2025-03-31 06:47:40.397993+00
c8febf1f-0cc9-4642-b65f-11900065e633,2599344585,",Orthopedic Surgery,",Northwest,2025-03-31 06:47:40.390833+00
c8ff3876-2899-42eb-8a08-347706a32ee7,2308038927,",Psychiatry,",South,2025-03-31 06:47:40.384134+00
c903fc67-68f4-40a2-801d-30075817bbf4,2863756160,",Orthopedic Surgery,",South,2025-03-31 06:47:40.392433+00
c90c4d0a-a902-4875-92eb-1292295e87f3,5426483777,",Psychiatry,",Northwest,2025-03-31 06:47:40.384231+00
c9124f96-3b8e-462b-87c5-7f934c3a5f9e,7713018809,",Orthopedic Surgery,",West,2025-03-31 06:47:40.392396+00
c91379ef-a36f-457b-9523-f5ee09ad841d,6962227125,",General Surgery,",Midwest,2025-03-31 06:47:40.387645+00
c913ea73-31f7-4318-9427-20837a551ae8,7289074559,",Neurology,",Midwest,2025-03-31 06:47:40.398831+00
c91be1c1-6f9f-411b-beb5-06ed3c87604f,6224697157,",Orthopedic Surgery,",South,2025-03-31 06:47:40.391286+00
c92fa117-f151-44fa-9b72-de6814f9e0b4,9086438232,",Pulmonology,",Midwest,2025-03-31 06:47:40.401606+00
c93097b9-f2e0-4f15-aba6-504a0173e4a2,9329218020,",Internal Medicine,",Northwest,2025-03-31 06:47:40.377135+00
c937eb8d-d1c5-4f38-8773-e90d97cfba95,9208556709,",Radiology,",Northeast,2025-03-31 06:47:40.395786+00
c93972ba-fdb9-4ef8-86d5-acd4d3be7fd6,2521136119,",General Surgery,",Northeast,2025-03-31 06:47:40.386541+00
c93e0766-d756-42a8-8faa-ed63414a6fa1,4290574162,",Gastroenterology,",Northeast,2025-03-31 06:47:40.399742+00
c94ff498-c805-40d9-8be4-52094e360dd8,1766885399,",Oncology,",South,2025-03-31 06:47:40.402854+00
c9506eb3-a21f-46af-9af8-c3b9aa44c5d4,1082871331,",Internal Medicine,",West,2025-03-31 06:47:40.37653+00
c951cead-c89a-44f1-a690-e57a61a521c3,1092659423,",Psychiatry,",South,2025-03-31 06:47:40.384412+00
c95fbc9f-08f1-44f9-823b-d476b1d2aa7a,8289613311,",Neurology,",Midwest,2025-03-31 06:47:40.403567+00
c96c3010-bcd3-4cdb-98bb-f321dc4091b6,4448491069,",Anesthesiology,",South,2025-03-31 06:47:40.396274+00
c96cc498-6648-490a-b534-c8cecc6b2481,8498486252,",Psychiatry,",Northeast,2025-03-31 06:47:40.404568+00
c96f8345-fd2c-40a7-bafa-912002c763d3,1250448443,",Internal Medicine,",South,2025-03-31 06:47:40.379815+00
c97322a9-4dcc-4ae9-a7d7-79a4501cdc1e,5926465723,",Gastroenterology,",Midwest,2025-03-31 06:47:40.39925+00
c97634bd-d9f7-46e1-8cc0-89ed3dd0ae14,5406135103,",Radiology,",South,2025-03-31 06:47:40.394692+00
c97bfd00-901d-44f0-bd58-d84c7d4b5e90,8072102242,",Obstetrics & Gynecology,",South,2025-03-31 06:47:40.38384+00
c98235a7-e9b0-4b01-b6ed-87665aa32fc1,7801765016,",Orthopedic Surgery,",Northeast,2025-03-31 06:47:40.392109+00
c98597df-4470-41f4-9484-9f6b1aea6bed,3319466086,",General Surgery,",West,2025-03-31 06:47:40.386978+00
c98ac1cb-769f-49b5-ac9a-de33ecadb429,8543293236,",Psychiatry,",Northwest,2025-03-31 06:47:40.384056+00
c98bc4a4-0e9f-472d-b289-db7300ae2736,3070820685,",Nephrology,",Northwest,2025-03-31 06:47:40.402026+00
c98fe5a4-c836-4db0-b710-e589c9dea075,9496623929,",General Surgery,",South,2025-03-31 06:47:40.387976+00
c99e2d9a-0db3-4ec7-8368-bdbf7831bd6a,7683652010,",Dermatology,",Northeast,2025-03-31 06:47:40.394229+00
c9a287f2-20fd-42cf-a624-8ad3ddf7a424,4469599493,",Nephrology,",Northwest,2025-03-31 06:47:40.402229+00
c9a64c6b-3396-45b5-ae80-2aa56b351862,6063706086,",Dermatology,",Northwest,2025-03-31 06:47:40.392788+00
c9aadb2e-dea3-42f2-8a0d-2253815d833d,1832997778,",Cardiology,",Northeast,2025-03-31 06:47:40.390065+00
c9b18cb8-598e-4fd7-8d72-d8de440b51c0,3795167606,",Psychiatry,",South,2025-03-31 06:47:40.383996+00
c9b2d4a2-be3c-4d0a-a535-f66f31c4a9ad,1160730609,",Psychiatry,",Midwest,2025-03-31 06:47:40.385168+00
c9b54664-a1aa-42f8-923d-7a4793747bc5,8537896365,",General Surgery,",Northwest,2025-03-31 06:47:40.387199+00
c9b58b50-c0a9-4cd1-bc0c-033051a30ea5,2373401312,",Cardiology,",South,2025-03-31 06:47:40.390607+00
c9bd6333-52bc-41ef-a6df-f8bfb38711bf,3473739604,",Neurology,",Northwest,2025-03-31 06:47:40.403646+00
c9be2157-dea0-44a0-9bc1-66a757f7b55c,1126284804,",Radiology,",Midwest,2025-03-31 06:47:40.39461+00
c9c1a607-74f4-41bf-8195-eeee7dc1e507,8104749727,",General Surgery,",West,2025-03-31 06:47:40.387982+00
c9c70dc0-b436-42ee-b0f7-e0152fec7159,4882530458,",Radiology,",Midwest,2025-03-31 06:47:40.394278+00
c9cacdd4-28fc-4314-bad5-9932b4aa28ac,7377696905,",Cardiology,",Midwest,2025-03-31 06:47:40.389316+00
c9d15080-f9be-44ae-9ad6-246a8d371fee,9586344222,",Radiology,",South,2025-03-31 06:47:40.394764+00
ca07fbc2-b80f-4b95-84b5-6102d7aedb7d,6302473754,",Internal Medicine,",Northwest,2025-03-31 06:47:40.380935+00
ca0a892c-d57d-4631-8aea-71ad9cf58338,7848400752,",Internal Medicine,",Northeast,2025-03-31 06:47:40.380831+00
ca0c1fd8-8ff0-4d3f-8d3b-10a402d95d2d,2773845611,",Gastroenterology,",Northeast,2025-03-31 06:47:40.399176+00
ca1729a0-4853-46cb-a6c4-577b493540a1,4333226400,",Obstetrics & Gynecology,",West,2025-03-31 06:47:40.403891+00
ca1cd45c-b79b-4ba8-9c72-201806070a09,5706925695,",Nephrology,",Northwest,2025-03-31 06:47:40.402198+00
ca271f18-762a-4628-b026-68b112ab9b4c,7132367542,",Anesthesiology,",West,2025-03-31 06:47:40.397291+00
ca298af6-63bd-4b86-83f1-dfa340b4b75c,5808162155,",Internal Medicine,",South,2025-03-31 06:47:40.40417+00
ca2b6ffe-6513-44c6-b9e1-83ac19fbd3bf,8804495864,",Radiology,",Northwest,2025-03-31 06:47:40.394662+00
ca2fe3e5-988f-49a6-a4dc-ba8ffeb49435,6685004204,",Internal Medicine,",Northeast,2025-03-31 06:47:40.376891+00
ca30c9a0-6f6b-411f-a45d-0753b6e576e1,8173099534,",Cardiology,",Northeast,2025-03-31 06:47:40.389916+00
ca3f6049-3c32-42fc-a788-311a77ad03e8,4715474277,",General Surgery,",Northeast,2025-03-31 06:47:40.387967+00
ca4053a7-2354-4d39-bef1-0c1f0f206d5b,8230165698,",Obstetrics & Gynecology,",West,2025-03-31 06:47:40.383274+00
ca449fbc-bf2d-47cb-90a1-7601b008526c,2252588834,",Cardiology,",Northeast,2025-03-31 06:47:40.390211+00
ca48d8f1-54a1-40e5-8f1a-a69674be91c6,7228667221,",Obstetrics & Gynecology,",Northeast,2025-03-31 06:47:40.383834+00
ca49781c-edee-4503-bf59-c6da26c7c619,2939605341,",Radiology,",Northeast,2025-03-31 06:47:40.395274+00
ca500a8b-3e69-4858-868c-28aee6e616bc,1046253593,",Gastroenterology,",Midwest,2025-03-31 06:47:40.399869+00
ca578898-fa04-4ec0-bd9c-bef69e18546b,7237665121,",General Surgery,",Northeast,2025-03-31 06:47:40.387358+00
ca5bb4ac-9706-44af-9be9-64442f2a2188,7287028384,",Internal Medicine,",Northeast,2025-03-31 06:47:40.376435+00
ca624226-736a-4b0d-8ea5-2047e9a30e88,6382393124,",General Surgery,",Midwest,2025-03-31 06:47:40.386213+00
ca69446e-c013-40c7-9899-f86eb24b07be,9510790589,",Radiology,",West,2025-03-31 06:47:40.395243+00
ca6e5d7e-c549-4d10-86f0-b3adebb03927,6298688005,",Nephrology,",Midwest,2025-03-31 06:47:40.402501+00
ca781d12-8a66-4deb-9412-533dadeb5689,8968677152,",Orthopedic Surgery,",Northeast,2025-03-31 06:47:40.39243+00
ca7d483b-6a32-4a52-ad72-75fe4341bbe1,9761094088,",General Surgery,",West,2025-03-31 06:47:40.387988+00
ca825c55-7ab1-495e-9292-8e9fbe4adbfe,1529574638,",Orthopedic Surgery,",Midwest,2025-03-31 06:47:40.390853+00
ca857b13-5d7a-4b6e-a35f-3ff5a2e29fcc,1606554112,",Internal Medicine,",Northwest,2025-03-31 06:47:40.403427+00
ca948655-279c-48b5-bc8b-4d4165cd24ae,7298418363,",Radiology,",Midwest,2025-03-31 06:47:40.394565+00
ca9a8d40-5d48-4d99-8580-59cefab2531b,7121726708,",Radiology,",Midwest,2025-03-31 06:47:40.395448+00
ca9b6fbf-bced-446c-bb80-94cd691fe214,2801493906,",Internal Medicine,",Midwest,2025-03-31 06:47:40.377212+00
ca9d4a75-07f3-461c-bc80-faf00d4cd905,9877004251,",Radiology,",South,2025-03-31 06:47:40.394387+00
caa01879-7fd1-4c63-a763-e0e3ff759f3a,7702892207,",General Surgery,",Northwest,2025-03-31 06:47:40.38792+00
caa5381e-3023-4ccd-980e-2593a4311c9a,2791050803,",Obstetrics & Gynecology,",South,2025-03-31 06:47:40.381814+00
caa6423a-9dab-42b8-aa7a-7dabba42a7ca,3637314401,",Urology,",South,2025-03-31 06:47:40.400665+00
caa93589-6efc-4866-8d8f-4c31f60b6545,8971756225,",General Surgery,",Midwest,2025-03-31 06:47:40.387415+00
caab8c79-7d8a-4401-8ade-81fff29cba74,3006248119,",Psychiatry,",South,2025-03-31 06:47:40.384384+00
cab6b22b-e1c8-4e6d-a368-0b99cf48af03,9053477599,",General Surgery,",Midwest,2025-03-31 06:47:40.386333+00
cab8e393-c1ae-4d44-8701-ef9c18bbc534,6196659034,",Internal Medicine,",West,2025-03-31 06:47:40.381038+00
cabacc21-5f14-450f-84a0-5d044434a0ba,8956092459,",Internal Medicine,",South,2025-03-31 06:47:40.380947+00
caca28b2-02c3-4c34-a4b5-ebcb01b181e0,8463029712,",Dermatology,",West,2025-03-31 06:47:40.393877+00
caccfe3e-a2f6-4e0c-aee0-ffcf900292a0,5534552645,",Neurology,",Midwest,2025-03-31 06:47:40.398068+00
cad1b346-edfb-40ea-8855-bf35a3645868,7631807558,",Cardiology,",Northeast,2025-03-31 06:47:40.388554+00
cae03438-3027-46bb-ac3d-aa4dde29a90d,9388375853,",General Surgery,",Northeast,2025-03-31 06:47:40.387454+00
cae0c338-1d0a-4e01-a25e-724c7bf8af2b,2850639511,",Cardiology,",Northeast,2025-03-31 06:47:40.388345+00
cae1c297-e058-4694-b9b3-fee7431de930,1446085584,",Internal Medicine,",South,2025-03-31 06:47:40.376461+00
cae9c3bf-86b2-4281-bade-76473fc6dd20,7204034025,",General Surgery,",West,2025-03-31 06:47:40.386967+00
caf4cd9f-3b38-42d7-a186-463d9490fddb,4482113012,",Internal Medicine,",West,2025-03-31 06:47:40.380921+00
caf4da7c-c88d-416e-836b-fbdc7fd3ae53,5216823123,",Radiology,",Midwest,2025-03-31 06:47:40.394517+00
cb0d0873-537d-48df-999e-94d960910b4f,8039736903,",Cardiology,",Northwest,2025-03-31 06:47:40.388565+00
cb151d7f-fbe5-454f-9afa-395a9ccc6662,4205591770,",Orthopedic Surgery,",Northeast,2025-03-31 06:47:40.391633+00
cb263f14-d86f-4512-9ec9-3c640a9a600c,8420079593,",Neurology,",Northeast,2025-03-31 06:47:40.398537+00
cb33da6d-df83-4d30-b77e-1c95023df91f,3728072988,",General Surgery,",West,2025-03-31 06:47:40.388173+00
cb3a176f-0102-4b6e-96d5-88da866c5585,8076384853,",Dermatology,",Northwest,2025-03-31 06:47:40.392731+00
cb4af740-ecbd-45c4-8652-949c5ba02ec6,8567619998,",Internal Medicine,",Northwest,2025-03-31 06:47:40.377768+00
cb4b213b-a968-4a19-97ec-d1bb4347baa6,8030314152,",Psychiatry,",South,2025-03-31 06:47:40.384983+00
cb76b9b2-c30f-4a1e-af7d-65a13dcc90fe,6660341623,",Cardiology,",Northwest,2025-03-31 06:47:40.390459+00
cb782c14-817c-461b-983e-96a65cab50c8,8108208295,",Radiology,",Northwest,2025-03-31 06:47:40.395662+00
cb7de486-0f39-4178-a28a-fd386f5eacc5,6464739316,",Radiology,",Midwest,2025-03-31 06:47:40.394258+00
cb8661b9-faec-4c3e-8fff-8c613a80bce5,5338578292,",Internal Medicine,",Northeast,2025-03-31 06:47:40.404665+00
cb8704a6-6f62-4afd-9f28-eeb8b2ef54ce,5751864453,",Orthopedic Surgery,",West,2025-03-31 06:47:40.392442+00
cb988c09-428a-4adc-bdc8-bd3bdeeb7d21,3948791256,",Neurology,",South,2025-03-31 06:47:40.398441+00
cb996c34-04c3-4976-8d42-19dbb95f9211,9036291986,",Cardiology,",Northwest,2025-03-31 06:47:40.38899+00
cba3457e-fd97-4929-9e59-e8f0cc7d9dd6,4222950101,",General Surgery,",South,2025-03-31 06:47:40.387797+00
cba8e0e8-2f3e-4390-adc3-f910733fe4f2,4538242462,",Internal Medicine,",South,2025-03-31 06:47:40.379267+00
cbb62636-2efe-467f-a06a-584200906040,4926398275,",Internal Medicine,",West,2025-03-31 06:47:40.376346+00
cbbb71ed-48f8-41de-b481-75792024a143,8689525540,",Nephrology,",Northwest,2025-03-31 06:47:40.403542+00
cbca55dc-a25b-46b9-aea3-42861c6c72f7,5624937105,",Gastroenterology,",Northeast,2025-03-31 06:47:40.399162+00
cbcfeb8b-70e9-4e9d-9bd2-dd7af81e37fe,7358682459,",Psychiatry,",Northwest,2025-03-31 06:47:40.404413+00
cbd264e7-1a3b-4c45-8742-bcd4cfdf3fdf,3945326775,",Obstetrics & Gynecology,",South,2025-03-31 06:47:40.381986+00
cbd5fc21-17d6-4ff6-bbb2-5c618e2666f0,9234522630,",General Surgery,",Northeast,2025-03-31 06:47:40.386412+00
cbd90a84-e0c9-48dc-9821-c12d039a5f5e,2072561479,",Radiology,",Midwest,2025-03-31 06:47:40.39549+00
cbda6f80-5361-4dcc-a5e2-41cac24e6bcb,8936210685,",Anesthesiology,",South,2025-03-31 06:47:40.397649+00
cbdcb4fc-cdef-481e-9900-0f0f475ade95,4406835874,",Obstetrics & Gynecology,",Northwest,2025-03-31 06:47:40.383581+00
cbe994ee-a788-4d1b-9857-102d85bc3200,7591406951,",Radiology,",Northwest,2025-03-31 06:47:40.395485+00
cbed6db5-54ec-438a-82d9-1a94b6296202,6583069332,",Orthopedic Surgery,",Midwest,2025-03-31 06:47:40.391465+00
cbf94757-02d8-42dd-8162-85f2727ff571,4493779154,",Gastroenterology,",Northwest,2025-03-31 06:47:40.399686+00
cbfa882a-adab-4e22-a817-8f90116f6bf5,8023326925,",General Surgery,",Midwest,2025-03-31 06:47:40.386792+00
cc0146ba-a4a3-47b5-8e95-bbb9e064ce3d,4695255263,",Neurology,",West,2025-03-31 06:47:40.398854+00
cc015dc7-3fe4-42e1-a518-1e3e84fa2986,5414858905,",Gastroenterology,",Northwest,2025-03-31 06:47:40.399331+00
cc0463ed-713c-4c2d-88bc-229011972c85,2834240614,",Cardiology,",Northwest,2025-03-31 06:47:40.38934+00
cc09d70a-7716-4ab1-89fd-8b5725911525,4478452088,",Dermatology,",Midwest,2025-03-31 06:47:40.3941+00
cc0c6478-f875-4708-9043-67ff8b9dbe67,2938544164,",Cardiology,",West,2025-03-31 06:47:40.389862+00
cc11f2d3-c550-45f1-9ce7-7e464f3ed03a,4371370540,",Urology,",Midwest,2025-03-31 06:47:40.401067+00
cc1d9e56-faa3-4bec-a9a4-fc3c4f4d48db,3052202069,",Cardiology,",Northeast,2025-03-31 06:47:40.390596+00
cc275c09-576a-4458-832a-c9945a9daeb3,5741392875,",Radiology,",Northwest,2025-03-31 06:47:40.395771+00
cc2b788c-9b18-4b4a-a76f-b7326ad7bdd9,3324726546,",Dermatology,",Northeast,2025-03-31 06:47:40.393871+00
cc3020c6-a055-4b5a-8afd-c35dee0cafad,2580160841,",General Surgery,",West,2025-03-31 06:47:40.38808+00
cc328a1a-7be0-4d04-8cea-1018b58f1d3f,6340134175,",Dermatology,",Northwest,2025-03-31 06:47:40.394166+00
cc41b7c0-2ec2-4757-8537-3a3ec75f4a14,8254371204,",Urology,",Northeast,2025-03-31 06:47:40.400634+00
cc42f676-957f-47d7-bfab-ed2244d84a6a,7545576799,",Urology,",West,2025-03-31 06:47:40.400775+00
cc497194-5bbe-4eb6-b621-700d23528779,9881829057,",Nephrology,",South,2025-03-31 06:47:40.402282+00
cc5de4d3-ebaa-4c4f-b178-c4bd53036201,7407830377,",Anesthesiology,",Northeast,2025-03-31 06:47:40.39719+00
cc5de754-9fc1-46a3-9a5c-2635794f1672,8886311778,",Anesthesiology,",Northwest,2025-03-31 06:47:40.396353+00
cc65bbb3-195a-4179-8068-9958adf89959,8126618474,",Internal Medicine,",Northwest,2025-03-31 06:47:40.378214+00
cc6d70b7-a50e-4761-8d37-f3432be60052,2923359826,",Cardiology,",Northeast,2025-03-31 06:47:40.389796+00
cc75cb10-60f5-4f4c-a821-887086bda3ef,5233284705,",Internal Medicine,",West,2025-03-31 06:47:40.378485+00
cc81325a-f78a-4358-8087-b7bfc3aed2a6,9378454576,",Obstetrics & Gynecology,",Northeast,2025-03-31 06:47:40.382163+00
cc835514-9144-4a93-af22-3102ae8404a6,1491667127,",Neurology,",Northwest,2025-03-31 06:47:40.398256+00
cc8586d0-6d69-44e4-9d0d-07870d495e0c,6250675355,",General Surgery,",Northwest,2025-03-31 06:47:40.386586+00
cc8f2a13-1770-4ddb-b9ff-a98fbcd2bafe,4755890043,",Obstetrics & Gynecology,",Northeast,2025-03-31 06:47:40.382585+00
cc901406-225b-4a6d-bb72-5bb33c93b151,5596630225,",General Surgery,",South,2025-03-31 06:47:40.386833+00
cc996067-7dae-423b-944a-2731aa9b461f,3407096630,",Cardiology,",South,2025-03-31 06:47:40.388718+00
cc9aa23d-e0a4-4224-8eae-7b3f17e820c1,6123687200,",Obstetrics & Gynecology,",South,2025-03-31 06:47:40.383667+00
cca33902-4ed0-4f75-94d6-2c0762768992,3382911142,",Anesthesiology,",Northwest,2025-03-31 06:47:40.396202+00
ccbbf1df-db60-4424-b591-da2e5d090a52,7073282927,",Internal Medicine,",Northeast,2025-03-31 06:47:40.376781+00
ccc32b82-7e75-4812-a190-aecafcc2fc2c,7862229324,",Nephrology,",Northeast,2025-03-31 06:47:40.402221+00
cccd16fa-bd07-4675-a8d6-516e85d7dd3b,3676155745,",Gastroenterology,",South,2025-03-31 06:47:40.403332+00
ccd59dcc-b0b9-4b27-a2af-41b8d50a753d,2087463448,",Obstetrics & Gynecology,",Northeast,2025-03-31 06:47:40.383018+00
ccd61418-2a62-4936-8aa4-d4d901fa0815,6422668648,",Psychiatry,",South,2025-03-31 06:47:40.384624+00
ccd8fa28-a3bc-40b0-a463-5424f83c21a1,3415582507,",Obstetrics & Gynecology,",Northeast,2025-03-31 06:47:40.382053+00
ccdadd5c-6532-4dcd-99a7-4df2554d2b9d,5725309003,",Oncology,",South,2025-03-31 06:47:40.402984+00
cce82b84-f526-4415-97ed-b5968886a531,4193840471,",Neurology,",Northwest,2025-03-31 06:47:40.397957+00
cceb716d-e806-41c6-a380-d8138774ba7a,9966133677,",Obstetrics & Gynecology,",South,2025-03-31 06:47:40.38311+00
cced9456-878e-42f4-a0a1-fbdd453c5a4f,8584751348,",Pulmonology,",Northwest,2025-03-31 06:47:40.401741+00
ccf298c2-cd7a-43ff-b51d-32ef463b9991,9724567137,",Urology,",South,2025-03-31 06:47:40.401061+00
cd0073f9-0f9e-41fb-852e-28e228149750,6195191209,",Obstetrics & Gynecology,",Northwest,2025-03-31 06:47:40.382108+00
cd0c6ab0-2f0a-4585-bb22-d2f8c3505168,5574312634,",Anesthesiology,",Midwest,2025-03-31 06:47:40.396761+00
cd0fa134-49fc-4006-b0bf-d9f6545670d8,8569762516,",Anesthesiology,",Northeast,2025-03-31 06:47:40.397345+00
cd15f5d4-f4dd-4331-8ca2-aad97160ab24,5084322220,",Internal Medicine,",Midwest,2025-03-31 06:47:40.377303+00
cd195128-2960-4c73-96ef-b669a3173d6a,3503274093,",Internal Medicine,",Northeast,2025-03-31 06:47:40.381399+00
cd1960da-7833-4ffc-a423-81b168fb898d,2433114147,",Orthopedic Surgery,",West,2025-03-31 06:47:40.391371+00
cd240ce1-4258-43fc-b1db-01d9bb493b8c,1116949227,",Anesthesiology,",Midwest,2025-03-31 06:47:40.396337+00
cd2583ff-9e12-4d89-8971-89a53f97172d,1738668338,",Cardiology,",West,2025-03-31 06:47:40.388574+00
cd2f413e-8d6d-4995-8cf1-4ac230e622b8,4211566169,",Internal Medicine,",South,2025-03-31 06:47:40.376283+00
cd37a030-4a83-42fb-8aeb-9eb20dfc9f7c,4031807863,",Dermatology,",West,2025-03-31 06:47:40.39424+00
cd380ce9-cfd2-43fb-9ae9-acf5b6f94124,8332696194,",Psychiatry,",West,2025-03-31 06:47:40.385718+00
cd39b75b-b532-47d9-9bd9-9448e6b25cf1,2784998487,",General Surgery,",West,2025-03-31 06:47:40.386157+00
cd3f9b26-75c3-4167-aa9e-a2e45e1110b0,9693140272,",Internal Medicine,",Northwest,2025-03-31 06:47:40.380231+00
cd4cb192-6d77-4ff7-b364-d4d32728445e,7786222794,",Neurology,",Northeast,2025-03-31 06:47:40.398258+00
cd4ddab8-a99b-4a32-9e5f-58303be291bb,4551846375,",Cardiology,",South,2025-03-31 06:47:40.389873+00
cd502235-3ea2-48c9-92f1-9b4968c0bece,8046293951,",Obstetrics & Gynecology,",West,2025-03-31 06:47:40.403234+00
cd54d36e-95ea-4061-accf-b20081078eec,9318899333,",Urology,",Northwest,2025-03-31 06:47:40.400705+00
cd571a22-62c2-44a6-b3fb-47273e3e0b63,5385913137,",Internal Medicine,",Northeast,2025-03-31 06:47:40.380918+00
cd61d143-b1c3-456c-a221-ab680f733c19,8528000883,",Obstetrics & Gynecology,",Northwest,2025-03-31 06:47:40.381647+00
cd649092-ead0-4a9c-b00a-450921ff6401,9758245850,",Cardiology,",Midwest,2025-03-31 06:47:40.404474+00
cd67d19c-271e-4f44-81af-b51abc6cf611,5443385588,",Radiology,",South,2025-03-31 06:47:40.394952+00
cd697bef-4567-4c39-854b-70ffcb88e7bf,9615213777,",Internal Medicine,",Northeast,2025-03-31 06:47:40.38158+00
cd909c43-e9f6-43d8-abed-82aeec524784,4907499326,",Neurology,",Midwest,2025-03-31 06:47:40.398241+00
cd958234-143b-40bb-898a-1d2edc11269e,7986367163,",Psychiatry,",Northwest,2025-03-31 06:47:40.384721+00
cd9f64fb-635d-4d5f-bc3b-0ba864d4fa78,1989898768,",Gastroenterology,",West,2025-03-31 06:47:40.399898+00
cda7664a-627c-434c-a5cb-df435643b696,4940344388,",Internal Medicine,",Midwest,2025-03-31 06:47:40.380641+00
cdb1ce1e-243c-48b5-b8e8-942123c12270,2102011583,",Obstetrics & Gynecology,",Midwest,2025-03-31 06:47:40.383635+00
cdb5a36d-7804-482a-bb06-1b722728536d,2147176406,",Internal Medicine,",Midwest,2025-03-31 06:47:40.381082+00
cdbf8c63-8f93-433a-8b1b-58cd24d9f8c3,4257516480,",Radiology,",Northwest,2025-03-31 06:47:40.394848+00
cdc5e93c-4e33-4cf6-a364-1eafb26ad3d1,8450355695,",Dermatology,",Northwest,2025-03-31 06:47:40.393243+00
cdd04f64-2ad4-4283-972a-1421350c4893,4157869023,",Pulmonology,",Midwest,2025-03-31 06:47:40.401346+00
cde030a4-d3b5-49ac-ad58-4f83034cc3fc,3463228718,",Orthopedic Surgery,",South,2025-03-31 06:47:40.392242+00
cdeb6c05-212a-43b7-8139-3c7781a4bf1c,6130602887,",Internal Medicine,",South,2025-03-31 06:47:40.37941+00
cdeb9da4-851f-4923-b9c6-8bea528b4325,2557883280,",Dermatology,",Northeast,2025-03-31 06:47:40.393641+00
cdeee354-d7c8-4aeb-b553-ae742c43ae58,8315328997,",Orthopedic Surgery,",West,2025-03-31 06:47:40.392264+00
cdf96af8-0cf2-49bc-952b-2830f24e9209,4175917932,",Obstetrics & Gynecology,",South,2025-03-31 06:47:40.382652+00
ce02a668-a77c-47c8-a888-06940e304b42,3217628967,",Anesthesiology,",Midwest,2025-03-31 06:47:40.396047+00
ce099d77-cdd0-405e-861c-19cf7804e88c,2214911080,",General Surgery,",West,2025-03-31 06:47:40.386515+00
ce0af47e-b06e-4851-9fec-74cb11062af3,5247657813,",Neurology,",West,2025-03-31 06:47:40.398127+00
ce1328ba-e0b9-4468-b6d0-ca38439a3796,7813658653,",Anesthesiology,",Northeast,2025-03-31 06:47:40.39691+00
ce1a4314-f09d-4703-8636-7d912fe46f23,9708942919,",Internal Medicine,",Midwest,2025-03-31 06:47:40.377437+00
ce2583d7-12cd-4ef7-a0dc-2b16ff1f014e,9511270484,",General Surgery,",Midwest,2025-03-31 06:47:40.387961+00
ce31937b-4650-4983-ae59-05686484af6c,8573424265,",Orthopedic Surgery,",Northwest,2025-03-31 06:47:40.403089+00
ce344604-4286-47f5-8504-99fa2ba667a2,9882006182,",Obstetrics & Gynecology,",South,2025-03-31 06:47:40.383405+00
ce3a726a-623e-4baa-8c0c-07a0a589e5b6,7541536732,",Psychiatry,",South,2025-03-31 06:47:40.385188+00
ce3cb0e3-41f0-495b-8f8d-5f9f176a5227,7214267356,",Radiology,",Northwest,2025-03-31 06:47:40.394528+00
ce3deeec-5515-474a-af28-ec8818fa6044,1909967924,",Dermatology,",South,2025-03-31 06:47:40.393142+00
ce56ebca-5011-4308-8923-508686b7749f,7599414750,",Nephrology,",Northwest,2025-03-31 06:47:40.402063+00
ce5bf882-170f-4e5f-ae3d-30d9da2202d5,5470865599,",Internal Medicine,",Northeast,2025-03-31 06:47:40.379404+00
ce64d76c-6a75-45a1-ae24-fb6e1d97be14,2431285994,",Anesthesiology,",West,2025-03-31 06:47:40.397633+00
ce753b46-6bb1-47ff-b8be-014889243972,7195580664,",Urology,",South,2025-03-31 06:47:40.400628+00
ce781853-c569-429a-b40c-6af7fdb74691,1913454225,",Internal Medicine,",Northeast,2025-03-31 06:47:40.378338+00
ce7c850a-0790-4374-b2e0-47e7c02f7eed,7847665443,",Internal Medicine,",Northeast,2025-03-31 06:47:40.376746+00
ce83de9d-11fa-4808-aba2-9c6368e787ef,7681146112,",Obstetrics & Gynecology,",South,2025-03-31 06:47:40.381991+00
ce924953-d150-4853-9d43-324874083afc,8092464455,",Anesthesiology,",Midwest,2025-03-31 06:47:40.403148+00
ce9c75cf-5fd1-4501-9239-1712bfb1ff3d,8544433610,",Anesthesiology,",West,2025-03-31 06:47:40.397684+00
ce9cc9d7-3414-47c6-a89b-f0da3906e1d4,3393087644,",Pulmonology,",West,2025-03-31 06:47:40.40111+00
ce9e956b-1427-495e-9e72-d1d2fa9c9d3f,8543897337,",Internal Medicine,",South,2025-03-31 06:47:40.377932+00
cea87960-f1f4-4866-8959-5c51294d3186,2398512575,",Anesthesiology,",South,2025-03-31 06:47:40.396784+00
cea8a2c5-1a90-4efd-a8dc-8680fbd12ec8,9263551005,",Pulmonology,",West,2025-03-31 06:47:40.403897+00
ceac9fca-f163-4282-b272-aa3ec2497190,2318103729,",Obstetrics & Gynecology,",Northwest,2025-03-31 06:47:40.383497+00
ceb7af46-7f97-44c7-b471-86b98a912129,9789256117,",Orthopedic Surgery,",South,2025-03-31 06:47:40.391252+00
ceb8ddfc-ce99-4101-a8e8-81828101f866,5089069686,",Obstetrics & Gynecology,",Northwest,2025-03-31 06:47:40.382861+00
ceb8f9c7-4c3f-4f9a-82bf-de98a36c57d4,2098817227,",Obstetrics & Gynecology,",West,2025-03-31 06:47:40.381997+00
cebeaa91-dd74-4fa7-803c-6ae7dc7410ca,1900417007,",Internal Medicine,",West,2025-03-31 06:47:40.379912+00
cec1914d-0bf4-43f0-8cc4-85bc260da973,1072676769,",Internal Medicine,",Midwest,2025-03-31 06:47:40.378379+00
cec78e1d-c3a0-4c94-a9a0-8bbb8e44acf0,8437728659,",Cardiology,",Midwest,2025-03-31 06:47:40.404349+00
cee53143-3be3-4bc8-a1d8-47ed17d82faf,6756603973,",Internal Medicine,",South,2025-03-31 06:47:40.38095+00
cee53a63-66fb-4701-9622-002911ad65bc,3609299748,",Internal Medicine,",Northeast,2025-03-31 06:47:40.378543+00
ceea83c1-1419-4167-830c-477e80f610a4,8519151272,",Internal Medicine,",Northeast,2025-03-31 06:47:40.376973+00
ceed028d-78a0-4b5b-a52e-28b305e61e24,6642708009,",Internal Medicine,",Northeast,2025-03-31 06:47:40.381434+00
cef86e21-33ac-4c86-97f6-267aeb6a436a,1165517230,",Obstetrics & Gynecology,",West,2025-03-31 06:47:40.382706+00
cefda54f-298b-404e-a188-e07eb7125d60,6418269935,",Urology,",Northeast,2025-03-31 06:47:40.40052+00
cf01625f-df39-45a9-9df6-409f9620819f,3141712509,",Internal Medicine,",Northwest,2025-03-31 06:47:40.377891+00
cf0a2d12-74e0-4780-a450-1c030af835e5,4209077773,",Psychiatry,",Northeast,2025-03-31 06:47:40.403552+00
cf14c24a-2210-4f94-9aad-75358e6dc640,4374031460,",Gastroenterology,",West,2025-03-31 06:47:40.400172+00
cf19bc8a-0742-4f56-963a-81db72b4c009,4272502934,",Gastroenterology,",Northeast,2025-03-31 06:47:40.399548+00
cf308fab-41bb-4860-88eb-f0e1fd23cbdc,7420149965,",Radiology,",West,2025-03-31 06:47:40.394605+00
cf3848da-4e6c-4ba9-a014-ad92db95768a,2663042309,",Orthopedic Surgery,",Northeast,2025-03-31 06:47:40.392197+00
cf417d92-94b3-4d4b-af17-db8d2380fc83,8959316692,",Obstetrics & Gynecology,",Midwest,2025-03-31 06:47:40.38209+00
cf4cfaec-112f-4697-a5a9-141cc709504f,2201861743,",Orthopedic Surgery,",Midwest,2025-03-31 06:47:40.391545+00
cf4f7821-ee1e-4a92-8269-bc30f6f58969,7681622611,",Internal Medicine,",South,2025-03-31 06:47:40.377261+00
cf513fa0-f981-4809-9daa-12c605d84882,6631930858,",Cardiology,",Northwest,2025-03-31 06:47:40.390214+00
cf522c08-3c62-473d-adaa-8aeacf5bdc26,8064269678,",Radiology,",South,2025-03-31 06:47:40.395282+00
cf581b67-0ea8-4fea-ace9-64c89a7c161b,6267849566,",Neurology,",Northeast,2025-03-31 06:47:40.399024+00
cf5b180f-2f5b-4dab-8814-f08a3c7195c6,3248514265,",Psychiatry,",South,2025-03-31 06:47:40.385047+00
cf5d5162-4a15-4b2b-a817-7c63846250a4,7313648688,",Cardiology,",Midwest,2025-03-31 06:47:40.388597+00
cf5fedd0-0759-4094-b80b-a5cfc02bee26,3895486128,",Internal Medicine,",West,2025-03-31 06:47:40.380768+00
cf63669e-bb4b-48a7-8f60-10505abe0a50,4972285681,",Cardiology,",South,2025-03-31 06:47:40.38931+00
cf6505c1-310b-4cf6-a017-8573a381ca12,5205680331,",Obstetrics & Gynecology,",West,2025-03-31 06:47:40.382462+00
cf66489f-632b-417f-a4b6-3076217e8a36,7998565225,",Obstetrics & Gynecology,",South,2025-03-31 06:47:40.383364+00
cf6e8aa7-007a-49c1-b50e-0e511af2e466,3097101621,",Pulmonology,",West,2025-03-31 06:47:40.401369+00
cf72d38e-d809-4aec-a947-952bc72e474c,1623910348,",Nephrology,",South,2025-03-31 06:47:40.402246+00
cf77e083-94ce-466b-aeae-980734c5d25a,3981789282,",Internal Medicine,",West,2025-03-31 06:47:40.378735+00
cf898b1f-6a63-48e3-b30d-36a2ba6656d6,9122383719,",Anesthesiology,",South,2025-03-31 06:47:40.396962+00
cf90c5cc-5c34-464e-a42c-a3a0c1c78461,6448757068,",Internal Medicine,",Northeast,2025-03-31 06:47:40.380143+00
cf92683f-40cf-4194-b0cc-456b93153de8,5836608574,",General Surgery,",West,2025-03-31 06:47:40.388238+00
cf942646-c899-4456-95a6-88a4fd66fe13,5796150932,",General Surgery,",Midwest,2025-03-31 06:47:40.386145+00
cf967996-7f63-4f1e-8d5f-b6abcf1eb14c,7708432261,",Internal Medicine,",West,2025-03-31 06:47:40.378729+00
cf9fc650-accd-4c91-9413-2b9d5d16a89f,2727657061,",Pulmonology,",West,2025-03-31 06:47:40.401473+00
cfa0b8a4-724f-41c3-86cd-7d1cac16e1ee,9424743710,",Neurology,",Northwest,2025-03-31 06:47:40.398392+00
cfa1661d-6190-4918-b573-5e03a638393d,6549535924,",Obstetrics & Gynecology,",South,2025-03-31 06:47:40.382887+00
cfa64b30-184d-4b89-81b3-3eae3882c9ea,3370953140,",Cardiology,",West,2025-03-31 06:47:40.389495+00
cfab4ace-bc50-4c5f-a6a1-ca5c04c86e4f,2919116166,",Internal Medicine,",South,2025-03-31 06:47:40.380756+00
cfae1113-a237-4f28-874f-357b4bc841ca,6688501356,",Neurology,",Northwest,2025-03-31 06:47:40.397923+00
cfb10a65-4075-4096-b0a6-5fbad788faee,3061748568,",Orthopedic Surgery,",Northwest,2025-03-31 06:47:40.390804+00
cfb3cabd-71f0-45b4-b0ea-7de0dcc9498a,6733242339,",Neurology,",Northeast,2025-03-31 06:47:40.399081+00
cfc78dc5-e9b1-432f-8fbb-92bcdaee2175,8490231543,",Psychiatry,",Midwest,2025-03-31 06:47:40.385556+00
cfcfb299-5d28-4a38-9cc8-922c001af4a5,7313444932,",General Surgery,",Northeast,2025-03-31 06:47:40.387888+00
cfdad886-46af-4b46-b489-24bc66f88e95,4412988293,",Gastroenterology,",West,2025-03-31 06:47:40.399368+00
cfe1dd59-7610-44f6-b105-269939db777a,1926046847,",Obstetrics & Gynecology,",Midwest,2025-03-31 06:47:40.382526+00
cfe37e79-95da-4576-adbe-7e62c5d62a4d,1965492476,",Internal Medicine,",Northeast,2025-03-31 06:47:40.380929+00
cfe6323c-6e64-4d5c-b6de-4adc4eb4e912,4191172361,",Dermatology,",West,2025-03-31 06:47:40.393774+00
cff70faf-99af-4b03-9df2-5494dca1d740,5273935989,",Obstetrics & Gynecology,",Midwest,2025-03-31 06:47:40.383121+00
d000c644-2c00-44b7-ac2e-bc1fd444ee24,4340126881,",Dermatology,",West,2025-03-31 06:47:40.392985+00
d003400a-5c30-4740-a1b6-a69d152c784d,4510858531,",Obstetrics & Gynecology,",Midwest,2025-03-31 06:47:40.383458+00
d012a548-0e13-4672-8eff-f63be0078d6f,7143562068,",Neurology,",Midwest,2025-03-31 06:47:40.398511+00
d016e687-66b2-4565-9bcf-af51906b1c8f,4182673173,",Neurology,",Midwest,2025-03-31 06:47:40.397971+00
d018e985-3cc8-49de-856f-3dc0ffa9347b,4989591132,",Orthopedic Surgery,",West,2025-03-31 06:47:40.392213+00
d01a8369-b67e-492e-bf5f-4111211eae93,8460381193,",Psychiatry,",Northwest,2025-03-31 06:47:40.38445+00
d01ae086-3c11-4bfc-8de7-40273cd214d2,7421008648,",Orthopedic Surgery,",South,2025-03-31 06:47:40.392544+00
d02017ca-b344-4ccc-82e2-f5f8265ccd78,1878790001,",Obstetrics & Gynecology,",Northeast,2025-03-31 06:47:40.382834+00
d02d10b8-94b0-48fb-a478-1bf21cafecfb,5487477967,",Internal Medicine,",Northeast,2025-03-31 06:47:40.377873+00
d037d7e0-83ff-4ab1-8311-c22820af360f,5399581163,",Psychiatry,",Midwest,2025-03-31 06:47:40.384573+00
d0400717-bcfe-45c3-a438-d5e65c91cc87,7524823104,",Dermatology,",South,2025-03-31 06:47:40.392703+00
d048733d-60f5-4ca3-8a48-182e8df21d09,5561354297,",Psychiatry,",Northwest,2025-03-31 06:47:40.385134+00
d0512fa8-d7a6-4f5b-81e3-ff210fc8586a,6376431439,",Psychiatry,",Midwest,2025-03-31 06:47:40.383883+00
d0544648-c2e0-446a-bb41-0d733cbfe397,1452684222,",Oncology,",Northwest,2025-03-31 06:47:40.402897+00
d05af96e-4206-48ea-823f-d6f9308ed646,8188838518,",Pulmonology,",Northeast,2025-03-31 06:47:40.401335+00
d0684340-7ac3-4791-b8e4-85d80f271cd7,6672305597,",Urology,",Northwest,2025-03-31 06:47:40.40048+00
d06c8e18-f0da-40dd-88af-d4dca8d166a5,6684944078,",General Surgery,",West,2025-03-31 06:47:40.38739+00
d06cf9ec-cb71-48e1-b272-f54dfeadc755,3170117571,",Pulmonology,",Midwest,2025-03-31 06:47:40.401908+00
d0764f1d-a54a-40d9-8ccb-6cbcb1ec1630,8883604875,",Dermatology,",Northeast,2025-03-31 06:47:40.393286+00
d07710a0-0926-4165-a78b-4f4f9320e4ca,1439195248,",Orthopedic Surgery,",Northeast,2025-03-31 06:47:40.391833+00
d07a5780-4500-415b-aca1-88c0d6c66789,4331958769,",Urology,",West,2025-03-31 06:47:40.40092+00
d081778b-1ed1-48ec-8f55-e7cba4a15810,6677137207,",Cardiology,",South,2025-03-31 06:47:40.388818+00
d089a836-b6c5-452e-ae80-59eaf42e9119,7549572666,",Obstetrics & Gynecology,",West,2025-03-31 06:47:40.38348+00
d08acd9a-27f6-4a46-90fa-fbf6342bd19a,2786752528,",Internal Medicine,",Midwest,2025-03-31 06:47:40.380388+00
d09bbee4-0bb6-49ab-bcde-352378ee3cbe,2730801410,",Dermatology,",West,2025-03-31 06:47:40.393553+00
d09e564e-6ef1-403c-81f3-f5791f45cd4b,8349281434,",Anesthesiology,",South,2025-03-31 06:47:40.397236+00
d0a0bbc5-5c79-43b3-9ea5-8144d029a4e9,3031411470,",Radiology,",Midwest,2025-03-31 06:47:40.395859+00
d0a3212e-bccf-42f0-a9b3-e51237bb8593,8832428052,",Neurology,",West,2025-03-31 06:47:40.398342+00
d0a3f3ae-f961-48a7-8749-7c7e62c0cf1c,9714213132,",Internal Medicine,",Northeast,2025-03-31 06:47:40.380243+00
d0a749d0-bf19-4cf4-94c2-116f99709637,7687229393,",Psychiatry,",Northeast,2025-03-31 06:47:40.385627+00
d0acf4b3-14e4-4f87-81bf-776ad8e39ded,2150869943,",Anesthesiology,",Northwest,2025-03-31 06:47:40.396188+00
d0b77f14-c7a4-45f7-9197-0a25a02ecbb5,4750893974,",General Surgery,",Northwest,2025-03-31 06:47:40.403453+00
d0c0c4f6-0df7-4495-9383-762d1d808990,8737462882,",Urology,",South,2025-03-31 06:47:40.400376+00
d0cc3bfd-3dd5-4fa6-9dc7-b18fad8cb1c1,3028884825,",Internal Medicine,",Northwest,2025-03-31 06:47:40.380915+00
d0cf5b31-5e19-44be-8c82-d190ea61f636,8804554850,",Pulmonology,",Midwest,2025-03-31 06:47:40.40109+00
d0d56aed-200b-4d5d-943e-aad4e3ba6fa5,4994716042,",Internal Medicine,",Midwest,2025-03-31 06:47:40.380083+00
d0d9f6a8-ce5b-4c91-8898-9aa88e01f333,2563936768,",Internal Medicine,",Northeast,2025-03-31 06:47:40.379005+00
d0dd4443-a323-46a1-a4ee-fedd08b90418,8086006425,",Radiology,",South,2025-03-31 06:47:40.394664+00
d0e9fe67-cd87-4cba-829a-a23ccc45b23a,5499652270,",Gastroenterology,",Northwest,2025-03-31 06:47:40.399173+00
d0f1a704-a123-42a3-afcc-9349da564967,9298285671,",Pulmonology,",West,2025-03-31 06:47:40.401623+00
d0f55a16-910e-41e0-b80e-4fbfe1856f5c,5804766666,",Radiology,",Northeast,2025-03-31 06:47:40.395506+00
d115d19c-783e-412c-9c80-8e0f768a7af7,1944906748,",Internal Medicine,",Midwest,2025-03-31 06:47:40.381492+00
d1181fac-9db4-4f1a-8e67-1bb36be0cd47,2027857949,",Orthopedic Surgery,",Northwest,2025-03-31 06:47:40.392129+00
d11b28be-47b7-4b35-9c02-b46bf226378e,7847163101,",Cardiology,",South,2025-03-31 06:47:40.389908+00
d11c0df1-5529-4112-b065-3d955a80fcd4,4200212544,",Internal Medicine,",South,2025-03-31 06:47:40.376254+00
d1251779-a869-40a3-ad2e-11f8b3409cf0,1827168664,",Cardiology,",South,2025-03-31 06:47:40.388435+00
d12b8720-ad98-47c0-93f9-ad083f94c29c,2765604607,",Obstetrics & Gynecology,",South,2025-03-31 06:47:40.383012+00
d13b2439-ca74-46d8-ba57-8877a706682d,1477684435,",Radiology,",Midwest,2025-03-31 06:47:40.395774+00
d1474e7c-adf1-4c39-ad85-3163e9ffd365,3023063838,",Internal Medicine,",South,2025-03-31 06:47:40.38117+00
d14a54f8-a2be-4f4c-a363-c0457de38dfc,1502796037,",Orthopedic Surgery,",South,2025-03-31 06:47:40.392013+00
d1549fe8-6e5f-4d36-aca3-d16817c777bc,7093331797,",Internal Medicine,",West,2025-03-31 06:47:40.404278+00
d1612555-bb73-49ca-88e1-5c2da5aba7f7,1975965655,",Internal Medicine,",Northwest,2025-03-31 06:47:40.403809+00
d161a500-faec-4be8-83c0-09e2a8332fe7,8789106004,",Psychiatry,",West,2025-03-31 06:47:40.383904+00
d1759dda-b38f-4ad9-89cd-cbc2ddb4ea08,2429841045,",Anesthesiology,",Northwest,2025-03-31 06:47:40.39635+00
d178d678-8d66-4ce6-802e-43ecb44493e1,5288799631,",Radiology,",Northeast,2025-03-31 06:47:40.395623+00
d1820c42-9346-4341-b8ad-5aeaa6162653,4554453460,",Orthopedic Surgery,",Northwest,2025-03-31 06:47:40.391807+00
d18c938e-4b73-4973-9cfd-f83c25c4d7db,7513584699,",Psychiatry,",West,2025-03-31 06:47:40.384267+00
d18fa156-5a1f-4581-a636-13ffda8bbe65,1225879408,",Orthopedic Surgery,",South,2025-03-31 06:47:40.39163+00
d19a7929-20c7-476b-85fa-21729a23b3e9,1276332022,",Cardiology,",West,2025-03-31 06:47:40.389099+00
d19adb20-a902-4c2a-8ed6-ae490ce43c25,7848925985,",Internal Medicine,",Midwest,2025-03-31 06:47:40.380234+00
d19fd084-ddf6-4f48-aa2a-04b89fc02cee,8540657395,",General Surgery,",Northwest,2025-03-31 06:47:40.387284+00
d1a122fc-87ba-410d-a9b3-d35943dbe4a9,4000157095,",Internal Medicine,",West,2025-03-31 06:47:40.38006+00
d1a1b0a3-890d-4442-be09-80648a880b54,9345788594,",Psychiatry,",Midwest,2025-03-31 06:47:40.384264+00
d1a7bd4f-0b03-4045-8f3a-0a910b0c2372,6627934778,",Psychiatry,",Northeast,2025-03-31 06:47:40.384304+00
d1ab5833-af2d-4ff2-97df-67447aecffd3,9728196336,",Orthopedic Surgery,",Northwest,2025-03-31 06:47:40.392581+00
d1b0dee2-e4be-4659-af52-bc14c6a03e6e,9904547375,",Obstetrics & Gynecology,",Midwest,2025-03-31 06:47:40.382084+00
d1b1274b-60cc-462f-a4b3-a42793655772,5491422343,",Orthopedic Surgery,",West,2025-03-31 06:47:40.391802+00
d1b98c6c-2932-45dc-8709-e0f56807bc0f,2056463604,",Pulmonology,",Midwest,2025-03-31 06:47:40.401423+00
d1bde719-3963-4bd7-9ce3-9eb54287b03e,3567543288,",Psychiatry,",Midwest,2025-03-31 06:47:40.385903+00
d1be7ac6-d8c4-48c7-ae64-6ab9ac2d6903,9132247754,",Neurology,",Northeast,2025-03-31 06:47:40.398374+00
d1ce2498-09cf-434b-a866-ceb131888a4c,7459646753,",Psychiatry,",Northwest,2025-03-31 06:47:40.384897+00
d1cee729-0032-456e-b93c-47ff63827922,2891793351,",Cardiology,",South,2025-03-31 06:47:40.388322+00
d1d2f74a-04f2-414c-af38-b3d2e146bd23,8196375720,",Obstetrics & Gynecology,",Northwest,2025-03-31 06:47:40.383552+00
d1d43be9-cb64-47f6-90a9-8df0cec46ca1,9958655744,",Dermatology,",West,2025-03-31 06:47:40.393954+00
d1d4ef0e-c97e-43be-82c1-028a7d73aac6,3429547730,",General Surgery,",West,2025-03-31 06:47:40.38685+00
d1dbd7fa-3892-4b02-8f22-3a110eee5650,1377307524,",Dermatology,",South,2025-03-31 06:47:40.393015+00
d1ec8afd-a520-48dc-b49a-a8186a36f91c,7042896906,",Cardiology,",Midwest,2025-03-31 06:47:40.38977+00
d1edf4d2-9a23-4bdf-8478-036f43cb7858,7915076703,",Radiology,",West,2025-03-31 06:47:40.394647+00
d1fad139-4b41-494e-b26c-f8d272213beb,6946447548,",Radiology,",Northwest,2025-03-31 06:47:40.395853+00
d20508cf-53bf-4df3-a584-37d62babc482,5986163178,",Orthopedic Surgery,",Midwest,2025-03-31 06:47:40.392416+00
d2086a22-2223-434c-88f2-cdd1b08df570,5419414760,",Neurology,",Midwest,2025-03-31 06:47:40.397859+00
d2098c18-3f2e-4ad2-b410-c4842c625657,2723319893,",Dermatology,",West,2025-03-31 06:47:40.393678+00
d20ce919-9da3-4fc2-983d-bd45f87a8128,2502906637,",Neurology,",Midwest,2025-03-31 06:47:40.403488+00
d20d498f-e3e9-4d42-aa2d-5468a03b82bc,8982163161,",Radiology,",South,2025-03-31 06:47:40.394687+00
d2126ac7-d73a-4869-9b42-67fd5d37b2a1,3534413835,",Internal Medicine,",Northwest,2025-03-31 06:47:40.380424+00
d21c4141-5ea7-4f3f-bd03-2afc12c95250,5481229050,",Radiology,",South,2025-03-31 06:47:40.394802+00
d21f3a03-ddb3-43eb-87bd-db998d3bf7b7,9232908421,",Psychiatry,",Northwest,2025-03-31 06:47:40.384969+00
d22370b2-7118-4727-8184-93a55359aa09,4388163819,",Nephrology,",Northeast,2025-03-31 06:47:40.402387+00
d23755e3-feee-4dad-af44-9c1c57d94389,8765671202,",Obstetrics & Gynecology,",West,2025-03-31 06:47:40.382922+00
d23887ff-d95b-4c89-aae4-5dee8ca22fba,5264326194,",Psychiatry,",South,2025-03-31 06:47:40.385012+00
d24966ca-8147-4c83-90b0-bb1982346187,1445328965,",Internal Medicine,",Midwest,2025-03-31 06:47:40.376816+00
d24d0362-895a-4340-ae39-aeed6a7057d2,9850942926,",Internal Medicine,",Northwest,2025-03-31 06:47:40.380924+00
d2557981-6e0d-40ef-8945-c1469d5864d8,3077718803,",Internal Medicine,",Midwest,2025-03-31 06:47:40.376452+00
d2575ec5-8ed7-419d-a7bb-dfe94b99bade,9594979797,",Internal Medicine,",Northwest,2025-03-31 06:47:40.37969+00
d25c7e55-57dc-4880-90d0-3b0af9bf7a54,4188342134,",Cardiology,",Northeast,2025-03-31 06:47:40.39051+00
d2663eec-ab24-4dde-9498-8cb58bedcd5b,1923329079,",Urology,",Midwest,2025-03-31 06:47:40.400843+00
d26deb95-e4d7-4a11-a46d-d0eae91d2fda,9780893261,",General Surgery,",Midwest,2025-03-31 06:47:40.386783+00
d2722ad2-cac7-486b-96aa-4dd6ab20e1d7,5222387708,",Anesthesiology,",South,2025-03-31 06:47:40.396829+00
d281a4a9-e5e8-4b0c-8c4c-b438fa53da2d,8943525607,",General Surgery,",Northwest,2025-03-31 06:47:40.388066+00
d288a58e-a049-4266-a0a2-c27467d92c61,8085364547,",Anesthesiology,",West,2025-03-31 06:47:40.397121+00
d28c5ac8-5995-43cc-b4a0-a1d7e6351573,5340150398,",Cardiology,",Northwest,2025-03-31 06:47:40.38893+00
d293981d-49b8-4cb2-9e92-5101473dafe5,6739834859,",Obstetrics & Gynecology,",Midwest,2025-03-31 06:47:40.381834+00
d29a1767-94ef-48b3-8750-dd7f88f55002,9035639834,",Obstetrics & Gynecology,",Midwest,2025-03-31 06:47:40.381812+00
d29ff77a-13b5-4793-9290-a22b12d24e65,3331894926,",Cardiology,",Northeast,2025-03-31 06:47:40.389267+00
d2a52d72-6efa-476f-9015-fa36920d3a9e,9997912716,",Cardiology,",Northeast,2025-03-31 06:47:40.390254+00
d2a72f53-75ff-45e2-ac27-ba06371a480e,9144999119,",Psychiatry,",Northeast,2025-03-31 06:47:40.38427+00
d2b43826-f52a-4cce-95e9-c9712c7183f8,9886835080,",Obstetrics & Gynecology,",Northwest,2025-03-31 06:47:40.381905+00
d2bb8c6e-79b6-4427-9aa8-e69db63c26a7,5869623906,",Anesthesiology,",Northeast,2025-03-31 06:47:40.396081+00
d2bd8940-cb81-4982-ad8b-b668b1ef2caf,3080373787,",Neurology,",Midwest,2025-03-31 06:47:40.398797+00
d2bf2e94-bbe9-4385-91e7-b68de4c422a7,6759074255,",Internal Medicine,",South,2025-03-31 06:47:40.377897+00
d2c94a7f-ff52-4a51-9031-8e00daaa31d7,9912394689,",Orthopedic Surgery,",West,2025-03-31 06:47:40.392216+00
d2e1ab02-95eb-4c68-a673-731a2332b6ef,3286111925,",Obstetrics & Gynecology,",Northwest,2025-03-31 06:47:40.381856+00
d2e3d6a1-29f4-4afa-af9f-7acd57ec11cf,4939455049,",Psychiatry,",South,2025-03-31 06:47:40.383935+00
d2e90aa3-e84a-4d21-a9b9-4c8c87b02dfc,3232534016,",Radiology,",Northeast,2025-03-31 06:47:40.395927+00
d2eab775-dc6c-43c5-be22-09fcefba5d16,6199096822,",Internal Medicine,",Northwest,2025-03-31 06:47:40.376432+00
d2eb07dd-9524-4876-823f-d04289ca0498,5474215238,",Internal Medicine,",Northwest,2025-03-31 06:47:40.376159+00
d2ecf43a-7990-4b2f-8e1d-f5513e9804b4,7891293248,",Orthopedic Surgery,",Northeast,2025-03-31 06:47:40.392225+00
d2f1cfb0-6e67-416a-afcb-b88bfdf8a627,5489988600,",Nephrology,",Northwest,2025-03-31 06:47:40.402033+00
d2f1e2c9-2f51-4db6-80ec-90eab3f3d9d4,8964696649,",Neurology,",Midwest,2025-03-31 06:47:40.399042+00
d2f68087-ca32-45cf-b6ba-85691c903231,3626003748,",Cardiology,",Northwest,2025-03-31 06:47:40.390664+00
d2f6c36b-1ae4-4458-abaf-da4f51d1ab43,8646236268,",Gastroenterology,",Midwest,2025-03-31 06:47:40.399428+00
d2f81c36-94fd-4145-a1c9-de044a83ad92,8986667276,",Anesthesiology,",Midwest,2025-03-31 06:47:40.395978+00
d2fa8473-31f2-4249-9a57-a0194ebefc36,9643062690,",Psychiatry,",Midwest,2025-03-31 06:47:40.383881+00
d309837e-3676-45df-8469-5c0c5f4278bc,4493176455,",Orthopedic Surgery,",West,2025-03-31 06:47:40.404067+00
d30b92a8-d514-4fd0-9670-7b24ac268409,7788058828,",Dermatology,",South,2025-03-31 06:47:40.393719+00
d310f459-4e8b-4aa6-ae08-418e72f40694,8425536488,",Dermatology,",Northwest,2025-03-31 06:47:40.393347+00
d315f635-ef85-4325-8381-8f42a51362d6,6213535673,",Radiology,",South,2025-03-31 06:47:40.394319+00
d316c9e7-b9f9-41fa-b0ec-1e28aa466b60,1650881893,",Gastroenterology,",Northeast,2025-03-31 06:47:40.399299+00
d31702fa-9a74-41fa-8e1d-79bb16f51e01,8818691441,",Obstetrics & Gynecology,",West,2025-03-31 06:47:40.382896+00
d3171189-6d24-4b8a-94d9-da1c198d3adf,4348165187,",Anesthesiology,",Northwest,2025-03-31 06:47:40.397394+00
d318e25f-c582-426c-9f44-88e2c00c1143,3639210478,",Anesthesiology,",Midwest,2025-03-31 06:47:40.404118+00
d3237fc8-cb41-42a1-acb9-d294f4f8d9b0,4295744713,",Internal Medicine,",West,2025-03-31 06:47:40.379782+00
d32693f5-fb83-4733-ab5e-46021fdd8764,9733299865,",Internal Medicine,",Midwest,2025-03-31 06:47:40.37934+00
d32a0080-e261-49c2-b9fb-76ca0b926f8d,3005342163,",Obstetrics & Gynecology,",Northeast,2025-03-31 06:47:40.382218+00
d33e1d86-646f-44ac-932f-bde13d37b5eb,8360680508,",General Surgery,",Midwest,2025-03-31 06:47:40.387568+00
d3473be3-a689-47d6-a464-0b97ddf5a9f9,2479832366,",Anesthesiology,",Midwest,2025-03-31 06:47:40.397388+00
d359bace-2f40-4b4d-ac6a-73c684676120,1294548487,",Internal Medicine,",South,2025-03-31 06:47:40.381447+00
d36295be-e25d-41c9-beda-763e5ef0b104,7066294016,",Dermatology,",Northwest,2025-03-31 06:47:40.394094+00
d364fb9e-da01-42a2-b6e5-9b5d54abef42,9444073092,",Internal Medicine,",Northeast,2025-03-31 06:47:40.376058+00
d3817ad2-c9a7-4ff3-904b-dc4a4b60dbfd,4668375662,",General Surgery,",Northwest,2025-03-31 06:47:40.387463+00
d383c85c-4023-40a4-a3ce-8a7db7ad1f32,9363202861,",Internal Medicine,",South,2025-03-31 06:47:40.377888+00
d38a70b3-a2a4-4b18-a733-9b8782bbd9bf,8820673474,",Pulmonology,",Northwest,2025-03-31 06:47:40.40113+00
d38ad28c-f233-41b5-a26d-dc4a5e66d74f,7257477782,",Urology,",Northeast,2025-03-31 06:47:40.400897+00
d38f24de-83d4-4f0c-abfc-678df5463296,7324230409,",Pulmonology,",Northeast,2025-03-31 06:47:40.403769+00
d38f7b72-8eda-4730-969d-6478639a51de,9511510580,",Neurology,",West,2025-03-31 06:47:40.398045+00
d39c0937-7845-49f1-b21d-afd75ccf15ab,4601033851,",Obstetrics & Gynecology,",South,2025-03-31 06:47:40.382342+00
d39df731-acda-4a21-b35e-09ff07d22073,9764424485,",Cardiology,",Northeast,2025-03-31 06:47:40.389773+00
d3a2c49d-ee40-4b8b-8f4b-e4c170248747,8695965697,",General Surgery,",South,2025-03-31 06:47:40.387994+00
d3abc631-bdbd-4361-ae63-8a930cc7720d,7278619401,",General Surgery,",Midwest,2025-03-31 06:47:40.388217+00
d3c48787-9375-4c53-929e-94ea6382e9eb,8405254370,",Anesthesiology,",Northeast,2025-03-31 06:47:40.397118+00
d3c85237-fd64-4d0e-b7b2-7a5af82df2fd,3561217568,",Cardiology,",West,2025-03-31 06:47:40.388899+00
d3ca55c3-04e9-4dce-b389-8868e0105170,8813376016,",Anesthesiology,",Midwest,2025-03-31 06:47:40.396868+00
d3d02ebe-a96d-4523-896d-1b7121019ab2,2889498827,",Neurology,",South,2025-03-31 06:47:40.40362+00
d3d16d79-5296-4a61-80b1-0c15f3d111a1,4108000348,",Orthopedic Surgery,",South,2025-03-31 06:47:40.392529+00
d3d73923-738a-4f49-9bb4-70cb810221b0,1093382780,",Internal Medicine,",South,2025-03-31 06:47:40.403873+00
d3e389a8-de04-43d6-a5f7-f957d0fe518b,7790041807,",Internal Medicine,",West,2025-03-31 06:47:40.380693+00
d3f0d115-b20c-410d-849d-c44871a98d81,9151027359,",Internal Medicine,",West,2025-03-31 06:47:40.376876+00
d3f62b28-b709-443e-ae28-b8cfe0046b5d,4782462596,",Neurology,",Northwest,2025-03-31 06:47:40.403344+00
d3fa4027-76cd-44f6-a33a-6f1884ba5a4f,5349767729,",Internal Medicine,",Northwest,2025-03-31 06:47:40.380782+00
d3faa69e-c0f2-4c4a-9a96-f3c290a9b337,7151619262,",Internal Medicine,",Northwest,2025-03-31 06:47:40.377431+00
d3faebc3-e094-4f6d-9408-d2fb1dd495c6,1464261022,",Cardiology,",Midwest,2025-03-31 06:47:40.388993+00
d3fd6e43-0abd-460c-9bd0-509325506870,2693823173,",Internal Medicine,",Midwest,2025-03-31 06:47:40.380482+00
d4080122-5bd0-4129-bb5c-c1a921772d85,2142243978,",Gastroenterology,",Midwest,2025-03-31 06:47:40.399906+00
d411c08e-45bc-4b5f-848c-9d4327ce0474,7619328809,",Nephrology,",West,2025-03-31 06:47:40.402008+00
d4133a2c-0b15-4c37-8d1e-a8b9a9e5bc23,4755069769,",Cardiology,",West,2025-03-31 06:47:40.390037+00
d423dc7c-867b-483c-88dd-f36c70a600b2,1749506727,",Nephrology,",West,2025-03-31 06:47:40.4045+00
d425bf07-5943-4438-8f2c-6db74cb618c9,6714289326,",Neurology,",South,2025-03-31 06:47:40.397876+00
d42b0eb1-2725-4934-8072-b6fb4c157ae2,3851349954,",Obstetrics & Gynecology,",Midwest,2025-03-31 06:47:40.381751+00
d42ea059-65bf-4635-8ddd-10e308e81943,6544844810,",Neurology,",West,2025-03-31 06:47:40.398143+00
d42f5988-17f9-48aa-a2e6-39720f5a3237,3350115406,",Urology,",Northeast,2025-03-31 06:47:40.400889+00
d4458c9d-6e96-4f16-ad2a-f8e5d2397c65,7027138566,",Internal Medicine,",Northwest,2025-03-31 06:47:40.376225+00
d447ff7f-f480-4140-8280-4fed85c68dcd,1993886093,",General Surgery,",Northwest,2025-03-31 06:47:40.386566+00
d44de525-3d38-441e-9ae7-1384938c6c3e,7118260750,",Orthopedic Surgery,",Northwest,2025-03-31 06:47:40.391488+00
d44eb6fd-c943-46ce-a0af-fad598aeccc5,2715238252,",Obstetrics & Gynecology,",West,2025-03-31 06:47:40.383766+00
d45a4e2e-47d2-40e8-ab9e-1e9f4e31b91d,2971629078,",Nephrology,",Northwest,2025-03-31 06:47:40.402292+00
d45b0724-4d2d-4640-b6ee-fa260b9d4763,3581058200,",Anesthesiology,",Northeast,2025-03-31 06:47:40.396697+00
d45bfb27-406e-4885-8bd2-8cc71a8684c9,6085145810,",Cardiology,",South,2025-03-31 06:47:40.389767+00
d460fb75-8336-4dea-a3b0-41e9035c788a,6986656323,",Obstetrics & Gynecology,",Northwest,2025-03-31 06:47:40.382093+00
d46a5a86-ad9d-4686-9d23-2109eeeb975d,5616940284,",Neurology,",Northeast,2025-03-31 06:47:40.397963+00
d47e2d29-a284-44b5-ab25-34805d300197,9565591801,",Radiology,",West,2025-03-31 06:47:40.395754+00
d47e5a28-ef31-4acb-b519-13f8bd5d89d6,4281180441,",General Surgery,",South,2025-03-31 06:47:40.387753+00
d4872a41-9317-4157-9fb9-7a7855761a93,9338349552,",Orthopedic Surgery,",Midwest,2025-03-31 06:47:40.392538+00
d488364b-6050-42a2-bcfa-31b5dd5dbed2,9855187061,",Cardiology,",South,2025-03-31 06:47:40.389961+00
d48d20df-5d61-4de9-b97b-dae7dac57b01,6027814660,",Urology,",Midwest,2025-03-31 06:47:40.400738+00
d490d8e2-8275-425d-97a3-af4e84dc726e,5465848219,",Radiology,",West,2025-03-31 06:47:40.395788+00
d4913917-9df1-4f17-b7d5-6d30d822488e,2886870434,",Anesthesiology,",Midwest,2025-03-31 06:47:40.396688+00
d4939bf4-3def-48c8-8b3e-800e17e93e8d,1737530290,",Pulmonology,",Northwest,2025-03-31 06:47:40.401262+00
d498fd25-c4bc-48d3-83fa-71bb747a16c7,6335121450,",Anesthesiology,",Northwest,2025-03-31 06:47:40.396271+00
d49aa3e9-8212-4585-ad9a-6e3340b134cf,7696521543,",Obstetrics & Gynecology,",Midwest,2025-03-31 06:47:40.382805+00
d4a2821d-836c-4ce7-91a5-6d15ecf0d4bd,2211929341,",Orthopedic Surgery,",Northwest,2025-03-31 06:47:40.391269+00
d4a6fce5-0894-45e8-970f-3d7cb46bc7d0,8177508767,",Gastroenterology,",Northwest,2025-03-31 06:47:40.399134+00
d4b0cd5e-7082-45f5-8542-dbd1f14ca38f,2333241794,",Internal Medicine,",West,2025-03-31 06:47:40.381184+00
d4b9bc1f-1ce4-4188-8e65-5ac1780df286,2912569704,",Cardiology,",Northeast,2025-03-31 06:47:40.388831+00
d4be97f2-d07a-4b90-b376-ee9d089f876f,1153500564,",Gastroenterology,",Northwest,2025-03-31 06:47:40.404344+00
d4c1cc46-2cfb-4955-84c5-57df196b26ca,2366242639,",Radiology,",West,2025-03-31 06:47:40.404601+00
d4c6046b-1abf-457a-a49f-f35985962713,9954818301,",Gastroenterology,",Northeast,2025-03-31 06:47:40.399403+00
d4d4407e-9037-4902-bceb-4e24b123d457,5283016352,",Dermatology,",West,2025-03-31 06:47:40.392846+00
d4d803bd-d38a-4638-8a7c-e90c4b9d331a,5310120701,",Neurology,",South,2025-03-31 06:47:40.398432+00
d4e15b8a-2951-49fc-ab89-d8dc74ab64e5,7943506124,",Orthopedic Surgery,",West,2025-03-31 06:47:40.392324+00
d4f899bf-c40c-449f-9daf-89679fd874a5,8959912970,",General Surgery,",South,2025-03-31 06:47:40.3866+00
d500a8ba-1013-46c9-9939-2fdfe5097944,8965482218,",Radiology,",Northwest,2025-03-31 06:47:40.403754+00
d5012c01-0893-4216-b8ee-7eebb48b5070,6805940160,",Gastroenterology,",West,2025-03-31 06:47:40.400052+00
d502705c-f5dd-4299-ac66-f63312dc7c91,4305095502,",Pulmonology,",South,2025-03-31 06:47:40.40151+00
d50a444a-4335-439e-b35a-44b5f3160435,2532612537,",Urology,",West,2025-03-31 06:47:40.400286+00
d52146cd-eac8-4295-baa8-5e5deb495507,9562519605,",Dermatology,",South,2025-03-31 06:47:40.39327+00
d524a75f-4b30-4299-8680-1e2d205390cc,3464798092,",Cardiology,",Midwest,2025-03-31 06:47:40.389084+00
d524d8ec-a6bd-43ce-b34f-0ba11f65f6b0,2002601296,",Psychiatry,",South,2025-03-31 06:47:40.385865+00
d525d268-fee0-4d9a-8dd7-94ff136d3563,7362616970,",Pulmonology,",Northeast,2025-03-31 06:47:40.401155+00
d536e9b4-312e-4164-976b-2b42278d584d,5680287774,",Oncology,",Midwest,2025-03-31 06:47:40.402773+00
d53788cf-40e3-4f82-b6d3-f403d663fb29,1188878110,",Psychiatry,",West,2025-03-31 06:47:40.385001+00
d5382a08-88fc-4c0a-8666-6fa663ff3fc8,6334676619,",General Surgery,",Midwest,2025-03-31 06:47:40.40392+00
d53bd3e1-2a60-4560-8a8a-fca826e76fab,8088456362,",Obstetrics & Gynecology,",Midwest,2025-03-31 06:47:40.383811+00
d53d84fb-20e1-475d-89a3-6c6a1c1a2e58,5550557026,",Radiology,",Northeast,2025-03-31 06:47:40.395645+00
d545a3cb-87fd-4751-b2ce-daad26404f75,2281972747,",General Surgery,",South,2025-03-31 06:47:40.404194+00
d554c30b-14c5-490f-93ea-0f75b0d33dce,7218027957,",Radiology,",West,2025-03-31 06:47:40.394735+00
d55959de-6784-494d-8b1c-a096a51101c2,7023636783,",Psychiatry,",Northwest,2025-03-31 06:47:40.385502+00
d561a8af-7455-42f7-ab25-a0fdb5155edb,5231756299,",Obstetrics & Gynecology,",Northeast,2025-03-31 06:47:40.383746+00
d56e8b18-7408-4395-b4f0-f8dc44c927e8,8796603509,",Internal Medicine,",South,2025-03-31 06:47:40.381335+00
d56fb0b1-6b4a-4d8e-a9a2-d64e3a22c221,6932198448,",Nephrology,",South,2025-03-31 06:47:40.40249+00
d575fd0b-e818-41b4-9209-29b3e5a4ab3e,3442720750,",Neurology,",Northwest,2025-03-31 06:47:40.398748+00
d57bd4ce-9382-4306-9d8c-32af5feb6875,2343772199,",Internal Medicine,",Northwest,2025-03-31 06:47:40.37817+00
d57ccb92-02a0-457f-b985-984d789baef4,1769728278,",Oncology,",Northeast,2025-03-31 06:47:40.402632+00
d57d9321-1710-47ad-80b5-de7894b5ad1d,3490980063,",Cardiology,",South,2025-03-31 06:47:40.390374+00
d5821e77-6b32-48d4-8dad-75e9e915b821,5588278138,",Psychiatry,",Northwest,2025-03-31 06:47:40.385225+00
d5934d85-748d-4a89-91ba-a185c2a5af58,4770077242,",Dermatology,",West,2025-03-31 06:47:40.394103+00
d593d780-908c-45b4-be4c-15f15c99fd1c,2104867931,",Neurology,",Northwest,2025-03-31 06:47:40.398673+00
d59a382d-8b14-4251-8703-1574bb336371,7227066008,",Internal Medicine,",Midwest,2025-03-31 06:47:40.380269+00
d59c5bfd-3cd1-4539-9667-e6060bfe5cac,2180058899,",Anesthesiology,",Northwest,2025-03-31 06:47:40.397729+00
d59e7fb2-e49b-42f3-a8c0-636cc7397067,7509987993,",Internal Medicine,",Northwest,2025-03-31 06:47:40.379249+00
d5a67529-04f5-4fbc-b748-6978ee24432e,8253232552,",Psychiatry,",West,2025-03-31 06:47:40.384863+00
d5a88dcc-dff0-414b-a0bd-9f12d9decefb,3202708113,",Neurology,",Midwest,2025-03-31 06:47:40.397775+00
d5cd80a2-6717-454e-8ba0-019da1620c77,4465517131,",Internal Medicine,",Northwest,2025-03-31 06:47:40.378918+00
d5d23b93-e4b6-48c4-854f-460c620ff5fd,8105397240,",Urology,",South,2025-03-31 06:47:40.401075+00
d5d2efee-956f-4a60-a84f-b3338c69cad9,9164733135,",Obstetrics & Gynecology,",Northwest,2025-03-31 06:47:40.382524+00
d5d44695-b88e-4d98-a98c-08ee8d1257cc,1252636061,",Neurology,",Northwest,2025-03-31 06:47:40.39785+00
d5d6d1c1-26dc-41c0-b342-bba0ded902dc,4538918526,",Oncology,",Northeast,2025-03-31 06:47:40.402764+00
d5e43a23-57d4-4a28-8d54-6daccaac7aa7,8467558859,",Radiology,",South,2025-03-31 06:47:40.395719+00
d5e68e72-5eef-4976-8ce1-9f1338765b57,4632698147,",Anesthesiology,",Midwest,2025-03-31 06:47:40.396268+00
d5eaaf8f-19c1-42a1-acce-be72240af2a1,9861051478,",Cardiology,",Northwest,2025-03-31 06:47:40.389116+00
d61b0ad9-1639-4014-99b8-5e165f34550d,9380438386,",General Surgery,",South,2025-03-31 06:47:40.387562+00
d61d2bb1-00df-4707-813a-0d8db08328a8,2797840530,",Cardiology,",Midwest,2025-03-31 06:47:40.403827+00
d622f36a-cc67-428b-afcc-9256138519d8,3163989310,",General Surgery,",Northwest,2025-03-31 06:47:40.386373+00
d624323a-22b6-4dca-b100-bdb342cf902c,5577152538,",Internal Medicine,",Northeast,2025-03-31 06:47:40.380522+00
d6271b78-da48-4faf-96f2-3deba3499245,5357630689,",Psychiatry,",West,2025-03-31 06:47:40.38492+00
d6326096-3e72-4d64-97d6-51e119c40f5a,3403312259,",Psychiatry,",Northeast,2025-03-31 06:47:40.385603+00
d632c183-c670-446b-84e9-804086c0d807,2278373421,",Orthopedic Surgery,",South,2025-03-31 06:47:40.392267+00
d6364cdb-0fae-44e1-89a9-28894506cbf9,7070143256,",Pulmonology,",Northeast,2025-03-31 06:47:40.401386+00
d63e9cbf-0d46-47bf-9e14-49154e85324e,5374631074,",Obstetrics & Gynecology,",Northwest,2025-03-31 06:47:40.382169+00
d63ed4c4-20d9-4f2b-b6e2-1ec07f5b9b9d,8374608961,",Gastroenterology,",Northwest,2025-03-31 06:47:40.399591+00
d641e3bd-c047-4f5b-8c41-7db7e685dc47,3013107624,",General Surgery,",West,2025-03-31 06:47:40.388199+00
d64a73bf-5ffe-4895-b55f-befe0a37d5d9,2129972955,",Cardiology,",South,2025-03-31 06:47:40.404317+00
d64c553f-6474-4e8f-b53e-cf62ebc56ca8,8773279163,",Anesthesiology,",Northeast,2025-03-31 06:47:40.396731+00
d65f0cc6-fcc8-4064-8dc9-867a81d984c0,2735942830,",Obstetrics & Gynecology,",South,2025-03-31 06:47:40.382873+00
d65fe2cc-4dae-41ba-8aa6-880fb216b2cb,7369939526,",Internal Medicine,",Northwest,2025-03-31 06:47:40.380141+00
d66327f5-5e44-4606-b008-6e1faa2452aa,3937505620,",Cardiology,",West,2025-03-31 06:47:40.390562+00
d6669b70-f001-4227-a86c-8f734ad7976d,1579979411,",Cardiology,",Northwest,2025-03-31 06:47:40.389902+00
d66a092c-641a-4c5f-ba7d-3d10268ac602,6597765713,",Obstetrics & Gynecology,",Northwest,2025-03-31 06:47:40.382643+00
d6728452-4431-4a81-bb3a-c24e2c4747bf,9045614739,",Anesthesiology,",Midwest,2025-03-31 06:47:40.396787+00
d6770789-ea85-4e17-bf02-2f5853fab39f,7014053655,",Radiology,",Northeast,2025-03-31 06:47:40.394425+00
d677e5b7-71de-4802-a428-9119cfed9c0c,9362506777,",Anesthesiology,",South,2025-03-31 06:47:40.396794+00
d68303e5-d204-4709-84e1-1ddfa29e2590,4320116979,",Radiology,",Midwest,2025-03-31 06:47:40.395498+00
d68b6af2-df2d-49c8-85e0-54e48f5c2527,4484511485,",Internal Medicine,",Northwest,2025-03-31 06:47:40.38073+00
d69208a4-69ab-4e35-a087-8ac78e747f9b,5072724725,",Pulmonology,",West,2025-03-31 06:47:40.401655+00
d69269c7-d93d-4874-916f-ba57db48b0b5,3613309760,",Internal Medicine,",Midwest,2025-03-31 06:47:40.378367+00
d69726da-2307-4442-95a5-73a2fa1a1c3c,7121024157,",Anesthesiology,",Northeast,2025-03-31 06:47:40.397567+00
d69b1f4b-4e22-4568-b69e-65f2757ba28e,9688350435,",Urology,",South,2025-03-31 06:47:40.400463+00
d6a3fc87-abe6-4736-bb4f-6b707a8b584e,2552678596,",Cardiology,",South,2025-03-31 06:47:40.390345+00
d6a604d0-b55e-4205-b6e4-c09408c4e5cf,8109125130,",Neurology,",Northwest,2025-03-31 06:47:40.397844+00
d6bcba32-3dc1-4685-878d-2fd70ed4f9ba,7637262986,",Urology,",West,2025-03-31 06:47:40.400914+00
d6c82964-4ee0-449f-96de-b7c3310ceb59,1714025422,",Internal Medicine,",South,2025-03-31 06:47:40.376822+00
d6ce46f9-5097-4bda-b15a-b5586765ab9d,8237685438,",Internal Medicine,",West,2025-03-31 06:47:40.379693+00
d6d03200-6e52-4401-a41d-b29a4e946f11,3320516346,",General Surgery,",Midwest,2025-03-31 06:47:40.386589+00
d6d11dbe-0329-4913-bf21-764881818a92,6016356611,",Psychiatry,",Northeast,2025-03-31 06:47:40.385776+00
d6d78996-1549-4e6a-a4f1-6fd97366b22b,3498937011,",Radiology,",Northeast,2025-03-31 06:47:40.394869+00
d6e1e041-9ef3-4f82-8d23-865bcbacfe1a,9730871840,",General Surgery,",Midwest,2025-03-31 06:47:40.388255+00
d6e50a8c-65f1-4824-9c71-f66b084b2d74,3804705433,",Cardiology,",Midwest,2025-03-31 06:47:40.3901+00
d6f14e0f-a043-4174-8e47-3aa578f0bf3a,4637035233,",Radiology,",Midwest,2025-03-31 06:47:40.3948+00
d6fb10c1-359f-4673-8ade-b0863902d2af,2902794399,",General Surgery,",West,2025-03-31 06:47:40.387564+00
d701a979-a4fe-469d-86a2-d1f264fb8efa,7133663124,",General Surgery,",Midwest,2025-03-31 06:47:40.386492+00
d70ba922-f66d-4513-90e5-b3a89e760ff3,7426479665,",Nephrology,",West,2025-03-31 06:47:40.402476+00
d7100dc8-962a-4904-9899-a1075687402f,2606027156,",Neurology,",Northeast,2025-03-31 06:47:40.398452+00
d7144750-8ea0-445f-ae29-643cfce3344e,6791545982,",Radiology,",Northwest,2025-03-31 06:47:40.39542+00
d71b8310-a1dd-4ea9-aee9-a7765cb893d5,3890172883,",General Surgery,",Northeast,2025-03-31 06:47:40.386799+00
d71c643f-8b77-4448-b924-caf69e2c063b,8946564993,",Obstetrics & Gynecology,",Northeast,2025-03-31 06:47:40.381908+00
d72243f3-b8d5-4990-a179-8d16ad4c9da5,7871960768,",Obstetrics & Gynecology,",Midwest,2025-03-31 06:47:40.3826+00
d72b0bc1-52f2-40b8-9539-216aba760acc,1322104832,",Obstetrics & Gynecology,",Midwest,2025-03-31 06:47:40.382141+00
d7319be0-bce4-4197-b73f-eef9ce24367e,6401494117,",Anesthesiology,",West,2025-03-31 06:47:40.39759+00
d734e201-ef8c-4cd3-b17b-db093ba02119,6836498000,",Obstetrics & Gynecology,",West,2025-03-31 06:47:40.382597+00
d73eeedf-87fd-487e-b1b7-641e38d441bc,5214972199,",Orthopedic Surgery,",South,2025-03-31 06:47:40.391454+00
d7477793-10d5-4a19-ad2e-03dd5505e429,4476281093,",Orthopedic Surgery,",Northwest,2025-03-31 06:47:40.391892+00
d74e1b67-5a55-48e5-863f-e071dc734d44,5766030986,",Gastroenterology,",West,2025-03-31 06:47:40.399878+00
d7516d64-2956-4463-8829-45e833fb7e7d,6849818391,",Obstetrics & Gynecology,",Northwest,2025-03-31 06:47:40.383452+00
d75ebca7-df03-451b-9800-5b185e6d07c1,1765758284,",Nephrology,",Midwest,2025-03-31 06:47:40.404323+00
d7638ed7-d817-4f39-a528-ea8e1af6676e,8681273274,",Cardiology,",Midwest,2025-03-31 06:47:40.389564+00
d76e1698-fc28-4e24-b375-c15b82bed66d,1469068949,",Radiology,",Northeast,2025-03-31 06:47:40.395523+00
d7702988-2473-45b1-85a2-9a8c5848e357,8458824572,",Cardiology,",West,2025-03-31 06:47:40.389782+00
d7748df0-3d8c-4937-a718-e00a97ce6ebb,5233512007,",Cardiology,",Northwest,2025-03-31 06:47:40.389071+00
d778322f-3800-4428-9398-1b6fecdacbf3,3694696442,",Oncology,",Midwest,2025-03-31 06:47:40.402845+00
d781d782-3917-45c1-8873-37e6c763023f,6509411197,",General Surgery,",West,2025-03-31 06:47:40.388241+00
d78eb35d-8701-49a3-851d-aab5dcc74fde,2468168230,",Anesthesiology,",Northwest,2025-03-31 06:47:40.397432+00
d78eb529-6016-4b27-92af-af1e95418be1,7972821255,",Urology,",Midwest,2025-03-31 06:47:40.40027+00
d7aeb3f1-6498-453b-bd5b-67a648e59721,4134974517,",Psychiatry,",Northeast,2025-03-31 06:47:40.384296+00
d7c04743-17b7-4673-b5ee-448ba6dd7abb,5686001149,",Oncology,",South,2025-03-31 06:47:40.403036+00
d7ce7403-a381-4f51-ae21-34ac52b254ad,9436050080,",Dermatology,",South,2025-03-31 06:47:40.394006+00
d7d4742d-0daf-40ed-957f-895317b4ad3a,6240655957,",Internal Medicine,",South,2025-03-31 06:47:40.379047+00
d7d697d9-54e5-4876-a414-c600e1020f3e,2475899113,",Internal Medicine,",West,2025-03-31 06:47:40.377252+00
d7e0925f-f3d9-45fb-9c76-e0f89339b7ef,3335208286,",Radiology,",Northeast,2025-03-31 06:47:40.395025+00
d7e23d70-d749-4f48-a3fa-19535ec59056,3824217210,",Psychiatry,",Northwest,2025-03-31 06:47:40.383958+00
d7e39bdf-d1a9-4826-b942-923bae93af8e,7366078737,",Anesthesiology,",Northwest,2025-03-31 06:47:40.396505+00
d7fff1bd-5b0e-4ae1-b2dd-3a10a48a59ce,5742060547,",Radiology,",Midwest,2025-03-31 06:47:40.395218+00
d800c80d-73ba-447e-912f-606f05617d46,7494427799,",Internal Medicine,",Northwest,2025-03-31 06:47:40.379128+00
d8059a77-a73a-4f0d-89ac-7a56fc7f1c9b,6181430688,",Obstetrics & Gynecology,",Midwest,2025-03-31 06:47:40.383605+00
d806c135-4723-4f1d-bdeb-ab234fa21d59,8235784019,",Internal Medicine,",Midwest,2025-03-31 06:47:40.379673+00
d8141825-7788-47ae-bd21-a4bece904763,2695911875,",Cardiology,",West,2025-03-31 06:47:40.388953+00
d816597e-1bca-4349-a468-1beda05d6587,3749983474,",Radiology,",Midwest,2025-03-31 06:47:40.395406+00
d81f24c0-dcc4-4231-bac6-9c943db1938d,8737429155,",Pulmonology,",South,2025-03-31 06:47:40.401428+00
d823ea80-59af-4a5d-85e6-e660952388e8,2094904604,",Anesthesiology,",Northwest,2025-03-31 06:47:40.39717+00
d825498f-095c-445c-8032-f2edacdf9c8f,1814754322,",Gastroenterology,",Northwest,2025-03-31 06:47:40.400201+00
d82595ce-608c-4724-909b-a585e4be6ff8,2392846826,",Pulmonology,",Northeast,2025-03-31 06:47:40.401899+00
d825c9d9-94cb-460e-8d34-a33c06eb5af7,4104553529,",Pulmonology,",Midwest,2025-03-31 06:47:40.401762+00
d8276db3-8063-4554-914e-960326c8440c,6178776388,",Orthopedic Surgery,",Northwest,2025-03-31 06:47:40.391198+00
d8345603-9d8f-400f-87a6-8c28decee55e,1257181149,",Orthopedic Surgery,",Northeast,2025-03-31 06:47:40.392256+00
d8361516-eb81-48c2-91c8-c775e9cc8869,6935034909,",Dermatology,",Northwest,2025-03-31 06:47:40.393018+00
d843498f-9d51-4822-9075-d1c1e7480265,7151563666,",Anesthesiology,",Northeast,2025-03-31 06:47:40.396901+00
d84a20c8-db2c-4f3c-aeec-542fdd5fcbcc,4942626099,",Internal Medicine,",Midwest,2025-03-31 06:47:40.380118+00
d8595787-49a5-47d5-8032-58f55b7039a6,7147359955,",Obstetrics & Gynecology,",South,2025-03-31 06:47:40.383086+00
d85c1bbe-3fac-4900-9beb-f6a301990b81,3539023418,",Internal Medicine,",Northeast,2025-03-31 06:47:40.379838+00
d8633d4b-6fae-408a-ae01-be7d50b6aab3,2419312064,",Cardiology,",West,2025-03-31 06:47:40.403969+00
d866ca0b-67e9-426a-be43-fffe020351ff,2769479014,",Anesthesiology,",Northwest,2025-03-31 06:47:40.396927+00
d8692bed-aa6f-47f0-a423-e3dfe40cedfe,5583024726,",Psychiatry,",Midwest,2025-03-31 06:47:40.385053+00
d86c7acd-a7cf-4859-8890-7f5548aab9a4,1036050761,",Urology,",Midwest,2025-03-31 06:47:40.401072+00
d873043e-a947-46d7-baf4-9411a8b00264,9004017228,",Neurology,",West,2025-03-31 06:47:40.398218+00
d87f24d1-7e55-4643-b2dc-96b4b913b324,1881697920,",Internal Medicine,",Northeast,2025-03-31 06:47:40.378812+00
d88a4851-aff8-462a-aa01-e44cbcb9500f,7439229279,",Gastroenterology,",South,2025-03-31 06:47:40.400107+00
d88e14b5-24da-43fa-91a1-c3b81c5277d7,4440983926,",Psychiatry,",Midwest,2025-03-31 06:47:40.384119+00
d895fd26-cc0d-4453-9716-92ef2270b845,2436990737,",Cardiology,",Northeast,2025-03-31 06:47:40.388359+00
d8a99954-1fbc-4c4c-87b2-f42b07041e2d,1930932228,",Obstetrics & Gynecology,",South,2025-03-31 06:47:40.383534+00
d8af74b7-d239-48fd-9f65-005185d48ce0,2117979954,",Orthopedic Surgery,",South,2025-03-31 06:47:40.391007+00
d8b4e1e4-54f5-442d-abe6-3681514408cb,2170247913,",Cardiology,",Northwest,2025-03-31 06:47:40.388404+00
d8b73e1c-e0f5-4d42-a11f-32180b9bf6fc,1720467129,",Radiology,",Midwest,2025-03-31 06:47:40.394973+00
d8b88abd-6036-40c4-afcf-aeb48879a688,2302261317,",Cardiology,",Northwest,2025-03-31 06:47:40.388514+00
d8bd3ea7-afd0-497a-b394-c3a892aea91d,3962326900,",General Surgery,",Northwest,2025-03-31 06:47:40.386093+00
d8c89834-7172-4c80-a167-67fa101b987e,2721845485,",Cardiology,",Northeast,2025-03-31 06:47:40.38897+00
d8c92b8e-8437-4d68-b5ac-34a70a26104e,3861338209,",Orthopedic Surgery,",Northeast,2025-03-31 06:47:40.392369+00
d8caeaf3-8604-465f-bdf0-f01ad2f6b470,6108775785,",Orthopedic Surgery,",Midwest,2025-03-31 06:47:40.390704+00
d8ce0043-da0f-44be-96ab-c4c1c81bc253,3169394319,",Radiology,",West,2025-03-31 06:47:40.394269+00
d8d0b011-006c-4c26-ad0e-baa8fc2ea776,9820513071,",Obstetrics & Gynecology,",Northwest,2025-03-31 06:47:40.382381+00
d8d10ad7-18da-4a28-bd83-473814bbab3b,1015399313,",General Surgery,",Midwest,2025-03-31 06:47:40.387777+00
d8d15b87-49fe-4c58-adf1-296cbcde5c3a,5435868842,",Neurology,",Northeast,2025-03-31 06:47:40.39852+00
d8d2e1b8-6ab7-4752-8428-86c6e0ded71f,4039684250,",Orthopedic Surgery,",Northwest,2025-03-31 06:47:40.391636+00
d8da1bf4-00eb-48a9-8584-13a23c6a475d,4768086231,",Psychiatry,",Northeast,2025-03-31 06:47:40.384091+00
d8dd55bd-b487-43a7-a4ce-dde51989f886,5546669224,",Dermatology,",Northeast,2025-03-31 06:47:40.39295+00
d8e20511-9d16-4799-894b-04480dbdc35e,3909410121,",Gastroenterology,",South,2025-03-31 06:47:40.40013+00
d8e216b9-b079-4109-97e7-3b6c4523f354,9322604026,",Urology,",Midwest,2025-03-31 06:47:40.401042+00
d8e450a3-1bf7-4307-934a-8e8ffcf06c9c,4503177707,",Pulmonology,",West,2025-03-31 06:47:40.401789+00
d8ec3b91-27a3-4e4d-9ba0-b070118ffd72,8738033872,",Psychiatry,",Northeast,2025-03-31 06:47:40.38528+00
d8f6a04b-80d3-44f6-8bf0-ddf59ecbed6d,6186865759,",Anesthesiology,",Northeast,2025-03-31 06:47:40.396075+00
d8ff4b89-33d3-43ff-b925-0e3ac5ce48f4,8110707860,",Gastroenterology,",Northeast,2025-03-31 06:47:40.399282+00
d8ffa0e6-3118-4a8c-82f8-a0a1aa6c7764,1412090452,",Nephrology,",West,2025-03-31 06:47:40.402273+00
d9117cdd-2c13-4fdc-88f8-884881826609,8998339976,",General Surgery,",Midwest,2025-03-31 06:47:40.386929+00
d9210194-e392-4bf4-884a-9f6e377bfe8b,8467706552,",Dermatology,",Northeast,2025-03-31 06:47:40.392687+00
d92e22db-720a-4ed4-a8e5-80c137d8ea5c,5098860603,",Internal Medicine,",South,2025-03-31 06:47:40.380191+00
d932c754-f774-4c1f-ba73-70620fc03012,4110573421,",Psychiatry,",South,2025-03-31 06:47:40.38416+00
d936b244-567f-497c-a842-98c2fa379080,6250363569,",Obstetrics & Gynecology,",Midwest,2025-03-31 06:47:40.381771+00
d9393e11-72ff-4b51-acb1-1c384029468b,1830584171,",Radiology,",West,2025-03-31 06:47:40.404749+00
d93e0984-e09e-4192-83e5-8316d5c5ad68,6609751130,",Gastroenterology,",Midwest,2025-03-31 06:47:40.40324+00
d93f8ab4-5c0a-4f50-9df8-aeb6c554285f,3093488345,",Obstetrics & Gynecology,",West,2025-03-31 06:47:40.383243+00
d9465945-8094-41c1-a352-a165514ffc3c,5006152534,",Psychiatry,",Northeast,2025-03-31 06:47:40.384819+00
d949f3f7-5a54-4498-9de3-c7ea4a44a474,9223558005,",Dermatology,",Northwest,2025-03-31 06:47:40.393913+00
d9525f42-5ab9-4ec0-ab61-5b37e6d39381,7032709970,",Neurology,",West,2025-03-31 06:47:40.398645+00
d954b9a8-6efe-440c-8c33-584b55c13589,9924221186,",Anesthesiology,",Northwest,2025-03-31 06:47:40.396965+00
d970e89e-ffcc-4239-a424-60f87e618dee,9655697729,",General Surgery,",West,2025-03-31 06:47:40.387723+00
d97e187a-e8f1-4dda-9ec9-984710cec5ad,8270179854,",Cardiology,",South,2025-03-31 06:47:40.389128+00
d9826213-1efb-49d7-b0e4-cb48d90b37ef,5435233776,",Internal Medicine,",West,2025-03-31 06:47:40.377061+00
d9923a6f-dcb7-4b55-8f32-f725f16775cd,9788266458,",Psychiatry,",Midwest,2025-03-31 06:47:40.384976+00
d9968364-dc77-491e-bf78-404990b1d5a7,6724617326,",General Surgery,",West,2025-03-31 06:47:40.404024+00
d9a23f82-d85f-4897-ab09-ad64c9127617,1021509464,",Internal Medicine,",South,2025-03-31 06:47:40.376277+00
d9a4260f-8dd1-43d1-84fd-1e378a5b1e6f,4792069293,",Cardiology,",Northwest,2025-03-31 06:47:40.38913+00
d9a85333-62a8-493e-a65f-0f3ae2444c66,8042864425,",Dermatology,",Northwest,2025-03-31 06:47:40.393249+00
d9c1b77c-e0e6-4ccc-965c-6a1762400344,1398383396,",Radiology,",Midwest,2025-03-31 06:47:40.395251+00
d9d40928-4afd-4e09-820c-4769601227f4,9787117624,",Psychiatry,",Northeast,2025-03-31 06:47:40.385232+00
d9d6af3f-782b-4b87-bbec-f4f45bcbc8f2,3159194129,",Gastroenterology,",Northwest,2025-03-31 06:47:40.400248+00
d9d83855-f2de-4238-9261-e4944bbac62a,5157436140,",Dermatology,",South,2025-03-31 06:47:40.394042+00
d9d90224-f7e1-47ad-a110-96e4bdb82693,9035122408,",Obstetrics & Gynecology,",South,2025-03-31 06:47:40.382629+00
d9de7338-dbcc-46df-9f54-6bef69ac11cf,6055899320,",Internal Medicine,",Northeast,2025-03-31 06:47:40.37902+00
d9e04d8e-8e0d-4a63-8f10-8702c9a3363b,8587417160,",Internal Medicine,",Northeast,2025-03-31 06:47:40.376521+00
d9e247f4-60af-40f3-beb4-8313b6209883,8976915405,",Internal Medicine,",Midwest,2025-03-31 06:47:40.376768+00
d9f2452f-825b-49ab-9fe8-71bf3ccc63ef,3116935732,",Internal Medicine,",Midwest,2025-03-31 06:47:40.380548+00
d9f6d902-4d82-4cc5-8b49-0a4935b73fae,1193303039,",Internal Medicine,",South,2025-03-31 06:47:40.381379+00
da0356a5-0aab-423a-8c69-81ffa5ab34d1,8912239300,",Orthopedic Surgery,",Northeast,2025-03-31 06:47:40.39201+00
da0e4c2d-713d-4daa-bfec-ab589dd66d6c,5306748220,",Psychiatry,",Northeast,2025-03-31 06:47:40.384923+00
da0e5212-4e58-440a-b229-040b0b50aebf,4495069054,",Internal Medicine,",West,2025-03-31 06:47:40.376799+00
da10df0f-2a43-4f3a-b229-4df19333dbcb,5464230177,",Internal Medicine,",West,2025-03-31 06:47:40.379699+00
da1353ac-f3b3-4345-80ef-814f9a8aedd4,3747584623,",Orthopedic Surgery,",West,2025-03-31 06:47:40.391914+00
da1d3064-d299-43db-8f60-5c07c6f0da8c,5768777981,",Internal Medicine,",West,2025-03-31 06:47:40.377513+00
da1e8845-3699-4e7c-9d80-c6eb80144f4d,1444806603,",General Surgery,",Northwest,2025-03-31 06:47:40.387278+00
da2cecfa-67d2-4fa3-9ee7-1057ee060e6d,2114910310,",Internal Medicine,",Northeast,2025-03-31 06:47:40.376072+00
da313ad0-02a9-4cdb-95f7-900483095c56,6603753098,",Internal Medicine,",South,2025-03-31 06:47:40.403652+00
da4447db-d4b7-4750-a657-9987a72be3de,8439836638,",Neurology,",Midwest,2025-03-31 06:47:40.398233+00
da51ad17-ce60-4cf4-8917-6fe0d3f1dc54,4310429256,",Nephrology,",West,2025-03-31 06:47:40.402295+00
da55a07a-0462-4491-a7a0-c18cf3e6b8ed,7730307055,",Radiology,",West,2025-03-31 06:47:40.394653+00
da64cdb7-1b6e-4256-8bf1-6c678bef6a6d,4902684888,",Urology,",West,2025-03-31 06:47:40.400673+00
da68f195-992a-4bff-a98e-405efa2b1538,6466180718,",Radiology,",Midwest,2025-03-31 06:47:40.394574+00
da6a091a-ae81-4384-abac-a726dd01f94a,2855123934,",Dermatology,",Northeast,2025-03-31 06:47:40.393843+00
da73a336-d61e-4ae7-b301-ffb3a113a537,8955026859,",Cardiology,",West,2025-03-31 06:47:40.388735+00
da77cc1b-0659-4a2b-9974-03facb767486,8486899920,",Internal Medicine,",West,2025-03-31 06:47:40.377149+00
da8602ba-4397-4260-ba1b-1d162a558898,4154458674,",Dermatology,",South,2025-03-31 06:47:40.393883+00
da8de211-0a73-42ca-81e5-deb0965733bd,4848961403,",Orthopedic Surgery,",South,2025-03-31 06:47:40.390955+00
da9259ec-d6c8-4bbd-acd2-65fd8006e502,1226358600,",General Surgery,",West,2025-03-31 06:47:40.386313+00
da95e4f7-9297-4de4-ab28-fdcca1c3311a,2062047839,",Orthopedic Surgery,",Northeast,2025-03-31 06:47:40.391431+00
da9b6680-b9db-4c83-be8a-18a7ee06e5fb,7325721923,",Orthopedic Surgery,",Northwest,2025-03-31 06:47:40.392051+00
dab3dbf8-5333-4bad-bbc8-e314093b82a4,3856803648,",Gastroenterology,",Northwest,2025-03-31 06:47:40.399394+00
dab954bf-451a-4f6e-bbcb-c9ea049c7372,8034939108,",Orthopedic Surgery,",West,2025-03-31 06:47:40.390847+00
dac5113b-a553-4dc0-bc0b-6d8554db380a,5285464367,",Orthopedic Surgery,",Northeast,2025-03-31 06:47:40.391973+00
dacf0640-0c30-4f4e-9b54-f021b0551f70,1033507671,",Cardiology,",West,2025-03-31 06:47:40.39031+00
dad8b92e-c475-414b-bd51-ffe135fbe796,2111040209,",Pulmonology,",Midwest,2025-03-31 06:47:40.401917+00
dae94325-f1bc-42ce-b006-ac3204141ca4,1286437624,",General Surgery,",Northeast,2025-03-31 06:47:40.387148+00
dae9817a-c3a7-4d00-9091-418ca9bdf4e9,6500875940,",Radiology,",Northeast,2025-03-31 06:47:40.395121+00
daee2df8-5b33-43fa-acb1-f519f5f7ae62,2510746796,",Obstetrics & Gynecology,",West,2025-03-31 06:47:40.382336+00
daf39d29-9c63-4734-a12e-c060827d9437,8482539156,",Dermatology,",Northwest,2025-03-31 06:47:40.393217+00
daf46116-def0-4c86-9af1-175985835c4c,4777329637,",Oncology,",Midwest,2025-03-31 06:47:40.402995+00
daf9ed07-6e71-47cd-857e-49ac79add8e4,9894996461,",Urology,",Northwest,2025-03-31 06:47:40.400526+00
dafc12f0-eb6e-4050-8d48-b8c2c62162b9,2228006694,",General Surgery,",South,2025-03-31 06:47:40.386339+00
dafde336-6328-4ac1-be37-5a66ecdf3fa6,6798600685,",Dermatology,",West,2025-03-31 06:47:40.393728+00
db0ca9da-50e6-4c7f-a2ff-7adc58655c53,5957474249,",Internal Medicine,",South,2025-03-31 06:47:40.381285+00
db176455-a65e-468f-adcd-7390c1bdc972,9022967507,",Gastroenterology,",South,2025-03-31 06:47:40.399875+00
db1a3481-2c29-404c-88fe-51f54d65f8a1,7039955014,",Psychiatry,",Northeast,2025-03-31 06:47:40.385389+00
db1d8fe9-3ee3-492c-8ccc-09b2bde75ac2,2551996954,",General Surgery,",South,2025-03-31 06:47:40.404402+00
db3357d7-dbdf-4df1-bfab-aa752786c1c2,8768202942,",Internal Medicine,",West,2025-03-31 06:47:40.377968+00
db3815d5-c838-400a-b529-fcd79aefd5df,4654223847,",General Surgery,",South,2025-03-31 06:47:40.387111+00
db429b99-7b80-4d0d-9521-bcf1c6f1709c,2335014483,",Gastroenterology,",South,2025-03-31 06:47:40.39981+00
db492364-9d85-41f1-a05e-e23dbac5dc49,7319401237,",Urology,",Northeast,2025-03-31 06:47:40.400312+00
db52c3c4-a72d-4314-9058-a9883c52d66b,1398165150,",Obstetrics & Gynecology,",South,2025-03-31 06:47:40.382882+00
db56f4c5-9348-4def-84ab-38fd225e75d3,5083461676,",General Surgery,",West,2025-03-31 06:47:40.388226+00
db58e420-32a7-4c82-80fb-eeb27dad27e0,5079374010,",Nephrology,",Northeast,2025-03-31 06:47:40.402144+00
db5b0222-793b-4c74-a776-88253888279b,6531797281,",Gastroenterology,",Midwest,2025-03-31 06:47:40.400136+00
db6257ea-8c31-471d-afdc-8da887c1bdcd,9036886265,",Nephrology,",Northwest,2025-03-31 06:47:40.402103+00
db6b5126-a2ad-4b74-9015-9a57f68d2695,3030272262,",Psychiatry,",Northeast,2025-03-31 06:47:40.384906+00
db701314-2ced-4585-b09b-cc692e83bce3,8469990638,",Gastroenterology,",Midwest,2025-03-31 06:47:40.400081+00
db772a1c-2f46-4ebd-9cc2-33e81cbb15cb,4757460050,",General Surgery,",South,2025-03-31 06:47:40.387711+00
db7ebff3-9efd-4fb2-963e-37a91465f2ad,4864375467,",Urology,",Northeast,2025-03-31 06:47:40.400535+00
db891711-6197-46f4-8115-d02eadfbf449,8690511384,",Internal Medicine,",West,2025-03-31 06:47:40.376737+00
db8dbee4-3bc2-40e0-9325-0a2e2280954f,2314844703,",General Surgery,",Northwest,2025-03-31 06:47:40.387903+00
db8e6725-3e86-4f20-9e73-962be6dca59d,7077672392,",General Surgery,",Northeast,2025-03-31 06:47:40.387137+00
db954476-5658-4a60-88ef-5c0cd98021f7,4708885820,",Radiology,",West,2025-03-31 06:47:40.404427+00
db9833d4-ef0e-4443-b1f3-9f5e2ab70a57,7881778087,",Orthopedic Surgery,",South,2025-03-31 06:47:40.392309+00
db9b33b5-50dd-498e-a213-a0350e2976f4,7204636938,",Nephrology,",Midwest,2025-03-31 06:47:40.402129+00
db9f7724-d12a-434f-9dca-78b17dd11527,5273388258,",Orthopedic Surgery,",Northwest,2025-03-31 06:47:40.391365+00
dbab169b-11dc-4f56-a918-610a55766b63,2942212433,",Internal Medicine,",West,2025-03-31 06:47:40.403324+00
dbab5368-30c0-42fa-aca8-5c60516fb5b8,7882176203,",Neurology,",Midwest,2025-03-31 06:47:40.398311+00
dbb17bc8-bad8-4525-9420-eff17f9f5d31,7953640094,",Obstetrics & Gynecology,",Northwest,2025-03-31 06:47:40.382268+00
dbc4b082-7ea1-4c95-ad29-45f4853916fa,4985434551,",Obstetrics & Gynecology,",Northwest,2025-03-31 06:47:40.38202+00
dbc5753e-a681-47f4-b9be-5508586c3527,1641766950,",Obstetrics & Gynecology,",Northeast,2025-03-31 06:47:40.381754+00
dbc5df60-f480-4580-a294-ce086569c211,2057643679,",Orthopedic Surgery,",Northeast,2025-03-31 06:47:40.392312+00
dbc8cd34-66b0-484c-8cb8-0813f8759d91,2192905963,",Cardiology,",West,2025-03-31 06:47:40.38987+00
dbd86c58-8e5e-4f21-b224-ec3fc3e92a77,1484191496,",Obstetrics & Gynecology,",Northeast,2025-03-31 06:47:40.38324+00
dbdb6a20-fba0-4f6f-bc62-693d91612053,6782595024,",Psychiatry,",South,2025-03-31 06:47:40.384282+00
dbdc3230-7bec-49f9-80b8-6eda65688bc6,3440327837,",Internal Medicine,",Northeast,2025-03-31 06:47:40.380359+00
dbe219c5-ccfa-4b54-853a-9105283c2e51,7202217905,",Internal Medicine,",South,2025-03-31 06:47:40.377281+00
dbf25a22-294b-4b50-bc79-68ca60e82d59,3583962209,",Psychiatry,",South,2025-03-31 06:47:40.3853+00
dbf2edf3-ebc1-45d0-b192-5bd6af83fdeb,4073965834,",Internal Medicine,",Midwest,2025-03-31 06:47:40.38051+00
dbf32ec3-16c9-4e86-8185-282dc8c9c745,1498846659,",Internal Medicine,",South,2025-03-31 06:47:40.378718+00
dbfbc1ca-ca6c-4e34-b525-6b68a5304b43,9991469885,",Obstetrics & Gynecology,",Northwest,2025-03-31 06:47:40.382808+00
dc00038e-ac67-4005-894a-ad72efb411ee,1327713601,",Obstetrics & Gynecology,",Northwest,2025-03-31 06:47:40.383532+00
dc0aedab-fc9e-4922-94fd-5ebc1a496ccc,1388554998,",Anesthesiology,",Northeast,2025-03-31 06:47:40.396009+00
dc0d6cfd-e996-45d9-84e6-9bd8b54a62ed,5957384518,",Urology,",Midwest,2025-03-31 06:47:40.400356+00
dc194fd7-b5f5-4630-8c21-6289e0ef26de,7878688401,",Radiology,",South,2025-03-31 06:47:40.394579+00
dc1dc1ee-80fb-4912-aa09-a4569696c961,7167194592,",Internal Medicine,",Northwest,2025-03-31 06:47:40.381159+00
dc26daab-1259-4ac3-b179-b033dd983347,4241824322,",Internal Medicine,",Northeast,2025-03-31 06:47:40.380986+00
dc2a7993-15b5-4ee6-be40-0b2f1a0a7b33,4034403591,",Gastroenterology,",Northwest,2025-03-31 06:47:40.399963+00
dc2c3cdf-9609-4385-b594-0ead4aa52edf,3490672970,",Psychiatry,",West,2025-03-31 06:47:40.384935+00
dc3af696-08b4-4449-a7ee-fefbd19a4719,9447648890,",Obstetrics & Gynecology,",Midwest,2025-03-31 06:47:40.382061+00
dc4d4fdf-75a7-4008-9ad5-4f13e18950d4,5197875893,",Internal Medicine,",South,2025-03-31 06:47:40.380376+00
dc521d20-7477-4fd8-af6e-3687a09c8133,5814645976,",Obstetrics & Gynecology,",Midwest,2025-03-31 06:47:40.383825+00
dc53ff33-60ab-4073-84ee-db8879d13923,1246606922,",Psychiatry,",Northwest,2025-03-31 06:47:40.385592+00
dc5d5167-2ed8-422c-9d86-9a2bd15136b4,4855444467,",Psychiatry,",Northwest,2025-03-31 06:47:40.384105+00
dc69dd4a-5737-4286-8434-34da34448632,2359346037,",Anesthesiology,",West,2025-03-31 06:47:40.396726+00
dc80c1d4-5db0-4804-b9cf-807a7880943b,2310020361,",Internal Medicine,",Northeast,2025-03-31 06:47:40.40431+00
dc8bd07f-bbc4-4691-af38-8bb05305a08f,7686664260,",Anesthesiology,",West,2025-03-31 06:47:40.397374+00
dc96216e-c4c8-4214-b1e6-28e39c8776fb,3273415522,",Pulmonology,",South,2025-03-31 06:47:40.401974+00
dc9b3363-dae3-48ea-9ef2-a81b8375d48e,7102863369,",Gastroenterology,",Midwest,2025-03-31 06:47:40.399156+00
dca00da7-985b-4618-89b1-8f3dc57818dc,3243061347,",Internal Medicine,",South,2025-03-31 06:47:40.380086+00
dcb85abc-f5b1-4847-8c05-d9a00ea04357,6715067679,",Internal Medicine,",South,2025-03-31 06:47:40.379975+00
dcc8d447-3bbb-4f05-b23f-40e0976b2771,8663150696,",Radiology,",West,2025-03-31 06:47:40.394368+00
dcc97cd2-c407-493f-a0df-6de6a1ab1c9b,2308191931,",Obstetrics & Gynecology,",Northeast,2025-03-31 06:47:40.383286+00
dcd0e421-ba47-4b84-b93b-45f1d5ce0a24,7205872694,",Internal Medicine,",Northwest,2025-03-31 06:47:40.379058+00
dcd15cd0-b1d1-4e8b-9b98-8ea7c75ac569,3990114705,",Internal Medicine,",Northeast,2025-03-31 06:47:40.380432+00
dcd7e6a3-8207-4fcc-b3cc-6d2f986c783c,5780635995,",Oncology,",South,2025-03-31 06:47:40.403039+00
dce19507-21c6-4aeb-aa7d-2f9be2a888e7,6516113346,",General Surgery,",Northeast,2025-03-31 06:47:40.386529+00
dce273cd-0502-45ed-849b-507cd903c773,5334784211,",General Surgery,",South,2025-03-31 06:47:40.388205+00
dce5b2e4-753d-4531-b80a-72e06814f6a9,7272777720,",Pulmonology,",Northeast,2025-03-31 06:47:40.401914+00
dce9d892-3533-491a-b7fc-aece1ae637dc,1164438536,",Internal Medicine,",Northwest,2025-03-31 06:47:40.378903+00
dcec71a2-291e-4c1b-9302-16ca211d046c,2433271025,",General Surgery,",Northwest,2025-03-31 06:47:40.386527+00
dcf553ff-82b6-4249-bbe5-89a121a9b48a,5576228518,",Anesthesiology,",South,2025-03-31 06:47:40.397627+00
dcf67228-83ca-477a-957f-9e6e0afd23cb,8154746445,",Internal Medicine,",West,2025-03-31 06:47:40.380891+00
dd15da55-f6b0-4735-95f8-7ecdd321ee91,5690749786,",Cardiology,",Northeast,2025-03-31 06:47:40.38889+00
dd168a92-893c-45c8-b75b-2d8162b7cdde,7003643185,",Radiology,",Northwest,2025-03-31 06:47:40.39573+00
dd175de3-aafb-4540-961b-9f936373317c,3839424324,",Internal Medicine,",West,2025-03-31 06:47:40.404399+00
dd189144-e858-4590-a7a1-b06b0c9c968f,2601495153,",Neurology,",Northeast,2025-03-31 06:47:40.398146+00
dd1bd8bb-4026-4b07-b0de-882b8ae68174,5814614179,",Radiology,",Midwest,2025-03-31 06:47:40.395713+00
dd1e484a-6f2b-4979-9b37-671bb015d8f9,1573663382,",Psychiatry,",South,2025-03-31 06:47:40.384503+00
dd1fda52-bc2f-40bd-8229-8f542e580495,6231876065,",Neurology,",Northeast,2025-03-31 06:47:40.398705+00
dd212909-4135-42a2-a869-7d3bcdf27753,8874838569,",Urology,",Northwest,2025-03-31 06:47:40.400608+00
dd228a75-1e72-4dcf-b358-e3d28edcd169,7328080348,",Internal Medicine,",West,2025-03-31 06:47:40.379752+00
dd2583d2-8b05-470b-a4d1-213818c690c5,3614441748,",Internal Medicine,",South,2025-03-31 06:47:40.3802+00
dd27977e-305c-4d3c-90ed-b915d744003e,9926700407,",Cardiology,",South,2025-03-31 06:47:40.389552+00
dd2c445e-bce8-4723-a24d-cd63d32ed221,4463521320,",Cardiology,",South,2025-03-31 06:47:40.389581+00
dd2ec330-4b24-4fd8-810b-14491f545854,6662972388,",Radiology,",Midwest,2025-03-31 06:47:40.403847+00
dd31cecc-60fd-4355-9ef5-d8fdfe97a8a7,8801471287,",Psychiatry,",West,2025-03-31 06:47:40.385109+00
dd31e5b6-7f71-4959-ba44-96a7c196e3a4,4009005033,",Orthopedic Surgery,",Northeast,2025-03-31 06:47:40.391128+00
dd324d99-f4dc-42ac-ba6f-3d4f7a7f6699,2192574631,",Cardiology,",West,2025-03-31 06:47:40.389407+00
dd3325d3-6b85-44ed-81d6-f32b70a1ecb3,4465719531,",Radiology,",South,2025-03-31 06:47:40.395512+00
dd3aab63-5bf8-49a1-892d-8910d0205a4f,3602340319,",Orthopedic Surgery,",South,2025-03-31 06:47:40.390978+00
dd41c100-a33b-43ef-a53c-05f073b76f1a,6285021133,",Obstetrics & Gynecology,",South,2025-03-31 06:47:40.383717+00
dd428956-fad0-4523-843a-c488f1518846,5117295077,",Dermatology,",Northwest,2025-03-31 06:47:40.403286+00
dd43765c-4d6c-49e6-b1f3-34b60d0f7a66,3108711029,",Orthopedic Surgery,",West,2025-03-31 06:47:40.39136+00
dd48a35d-7a8f-42ba-9bbf-437b82f7ca8c,6031682492,",Dermatology,",Northwest,2025-03-31 06:47:40.392754+00
dd4f3a16-56fb-496d-b426-9e51dc0fdf29,9791355511,",Anesthesiology,",West,2025-03-31 06:47:40.40398+00
dd5d89ae-1317-4ca9-8b3e-15ccbc7d3567,9531440306,",Gastroenterology,",Midwest,2025-03-31 06:47:40.399486+00
dd606d9c-9ef9-4526-bd37-b37bbaef0e8b,1238841913,",Psychiatry,",Northeast,2025-03-31 06:47:40.385174+00
dd6b3800-2e20-4725-be69-535c8cce583e,9715288789,",Radiology,",Northeast,2025-03-31 06:47:40.395229+00
dd706b8f-33a4-4a87-9966-aec77ece1b15,8823789029,",Anesthesiology,",Midwest,2025-03-31 06:47:40.396078+00
dd714f49-210e-408e-91de-c38a89ff03c3,6288797841,",Dermatology,",Northeast,2025-03-31 06:47:40.394023+00
dd759a2b-1e2f-462f-a67f-dfb4c4875a3a,5908838558,",Neurology,",Northwest,2025-03-31 06:47:40.39792+00
dd7e5a17-8c9d-40db-b46b-c688b8da99bc,9343527427,",Cardiology,",Midwest,2025-03-31 06:47:40.390499+00
dd851f52-d069-4e34-9b20-ada792a7100d,1009734746,",General Surgery,",Northeast,2025-03-31 06:47:40.388108+00
dd906940-ed24-48d5-81bf-389b01659ecb,4157800390,",General Surgery,",Northeast,2025-03-31 06:47:40.387446+00
dd9c30b3-48bd-4943-9bea-2003d8cc22a7,6622717276,",Nephrology,",Northeast,2025-03-31 06:47:40.402201+00
dda4a16b-bf57-4e84-846b-9bc161b10e99,7345036844,",Internal Medicine,",Northeast,2025-03-31 06:47:40.377138+00
ddaffae4-a0ca-45b6-b3ea-6d495dfc0929,9028530631,",Orthopedic Surgery,",West,2025-03-31 06:47:40.392455+00
ddb0a2fc-1353-4fb3-a709-fd220ff46df2,5165158981,",Internal Medicine,",West,2025-03-31 06:47:40.380661+00
ddb7abc8-bcd8-459f-b878-e68a76b30ade,9348248606,",Radiology,",Northeast,2025-03-31 06:47:40.403228+00
ddb81974-2bde-4112-8e26-24aca130f16d,4510033178,",Nephrology,",West,2025-03-31 06:47:40.402224+00
ddbae19a-1c12-4337-bb8d-c7b2e77d570a,4860418081,",Neurology,",Midwest,2025-03-31 06:47:40.398517+00
ddbcace8-9aa7-46c4-b2c5-53b951e166b3,7265469804,",Urology,",Midwest,2025-03-31 06:47:40.400979+00
ddbf4028-bdba-4955-8efa-2c78fe83d6a1,6927295160,",Cardiology,",Northeast,2025-03-31 06:47:40.390091+00
ddc3c9ea-94f7-4236-a72c-5f18a3852892,6940366347,",Anesthesiology,",South,2025-03-31 06:47:40.395964+00
ddca5466-cab6-4ff7-93ca-be0fe19e3fe4,5386179403,",General Surgery,",West,2025-03-31 06:47:40.388006+00
ddd91853-e6de-46c3-a9d8-f113c9ef0f89,8353736522,",Anesthesiology,",West,2025-03-31 06:47:40.397524+00
dddb537b-48a0-44e6-b38f-853f9f5f4a6e,5255564152,",Cardiology,",Northwest,2025-03-31 06:47:40.389111+00
dddc6f21-c9fa-4de2-ad41-83629b8b8343,2310775000,",Dermatology,",Northeast,2025-03-31 06:47:40.393904+00
de02edd5-b1a7-4d73-b0ce-d356cad10373,4851249662,",Anesthesiology,",Midwest,2025-03-31 06:47:40.396803+00
de03ace5-4b63-4c62-9cec-2f093a9f5068,9451797194,",Obstetrics & Gynecology,",Northwest,2025-03-31 06:47:40.382308+00
de05163f-0470-4cee-a10f-e782003c94b8,8662742680,",Obstetrics & Gynecology,",South,2025-03-31 06:47:40.383277+00
de1dda28-1655-4976-99a3-d96655d1a1b0,2847313698,",General Surgery,",South,2025-03-31 06:47:40.38778+00
de224177-fff1-4a7e-adc1-72b96ee3c750,4512954438,",Radiology,",West,2025-03-31 06:47:40.395932+00
de237912-8fc8-42c5-9872-94086a0fdd33,8268172002,",Gastroenterology,",Northwest,2025-03-31 06:47:40.399492+00
de3b42e1-bd44-4bdb-84ed-aa9c6eaddf4d,2982804956,",Oncology,",Northwest,2025-03-31 06:47:40.403067+00
de443674-02be-4cb0-b35f-c82c54472c51,1949309369,",Obstetrics & Gynecology,",West,2025-03-31 06:47:40.383572+00
de47d68c-db2c-44a9-8e2c-078bd713acc6,8998526782,",Internal Medicine,",West,2025-03-31 06:47:40.377187+00
de4c790b-4f1a-4f26-8aa3-5a56f643b788,1346263278,",Orthopedic Surgery,",West,2025-03-31 06:47:40.392019+00
de560393-0546-4fe0-bf0f-add8f63f1003,4498756180,",Psychiatry,",West,2025-03-31 06:47:40.385678+00
de5a0e9f-2d43-436c-b0ef-a9c8d3b3041a,8141474190,",Pulmonology,",South,2025-03-31 06:47:40.40152+00
de6765d5-09a2-411d-ba51-e67375306c66,5023690335,",Internal Medicine,",Northeast,2025-03-31 06:47:40.378172+00
de6ced30-9480-45c3-b757-8a93fc7fc428,4133347493,",Urology,",Northeast,2025-03-31 06:47:40.400863+00
de77c0f6-1ad8-44f5-97bc-e129b3f0e68e,6054742010,",Cardiology,",West,2025-03-31 06:47:40.403803+00
de82e52f-3fe4-4186-aa5a-321be6819535,8511075290,",Anesthesiology,",Northeast,2025-03-31 06:47:40.396968+00
de8302cd-dc98-4b7c-8039-0837d8641d6f,7145120520,",Obstetrics & Gynecology,",Northwest,2025-03-31 06:47:40.40443+00
de83c3a4-26fe-4bca-b162-296677f34009,3609410386,",Internal Medicine,",West,2025-03-31 06:47:40.378668+00
de877c24-3d0a-4cca-bb02-0888d522f135,1291121224,",Cardiology,",Northwest,2025-03-31 06:47:40.388297+00
de8e8e4f-55a4-4fea-a202-58938f494ef5,7147312219,",Dermatology,",West,2025-03-31 06:47:40.393684+00
de964163-c7fb-4aba-b8cc-0afd7c89ab75,1098171183,",Internal Medicine,",Midwest,2025-03-31 06:47:40.381142+00
dea1c11a-6d53-448f-83c4-9c9547786119,4337458700,",Internal Medicine,",South,2025-03-31 06:47:40.378296+00
deb2e1b5-76a6-4ebb-bd34-3105551054fd,3024066204,",General Surgery,",Northeast,2025-03-31 06:47:40.388265+00
ded2c81c-b3f5-4bfb-943e-13e229753c4d,1124500087,",General Surgery,",West,2025-03-31 06:47:40.386057+00
ded44198-b263-4fe2-b86a-3bcd2c84521f,1379875245,",Radiology,",Northwest,2025-03-31 06:47:40.395668+00
ded52037-b656-445d-b711-ada93815be60,6638815218,",Orthopedic Surgery,",Northeast,2025-03-31 06:47:40.391766+00
ded55981-912c-4674-940d-0a902468ae72,9213748798,",Anesthesiology,",Northeast,2025-03-31 06:47:40.397348+00
ded5ecc4-3dcd-4ce9-be30-1b5f34506ffa,3898947170,",Nephrology,",South,2025-03-31 06:47:40.402138+00
dee08141-1eb6-40b7-b62a-ce013b328e84,3417068537,",Internal Medicine,",Northwest,2025-03-31 06:47:40.37779+00
deed37d3-72f5-40cc-a898-3b5c88eda162,9285543397,",Obstetrics & Gynecology,",West,2025-03-31 06:47:40.383118+00
deeebaaa-623c-427a-8e76-ce15578bc3d8,1964077828,",General Surgery,",South,2025-03-31 06:47:40.386892+00
def1716b-0102-47bc-8e68-46d502607912,3178161580,",Orthopedic Surgery,",Midwest,2025-03-31 06:47:40.391097+00
deffb037-be05-4145-90fa-f7c5444dbcef,9680707798,",Orthopedic Surgery,",Northeast,2025-03-31 06:47:40.391394+00
df0a371b-ecfc-49e2-a0a6-32a5a63be8a4,1033109254,",Pulmonology,",Northwest,2025-03-31 06:47:40.401881+00
df1b9882-9866-433a-a6e3-f57cf97b4c6e,9129441366,",Dermatology,",West,2025-03-31 06:47:40.393944+00
df234982-1127-430f-a4bb-cf4deacc7d04,1537403411,",Pulmonology,",West,2025-03-31 06:47:40.401398+00
df255ced-0ea1-40e1-8f8a-1d49dd9f256a,6351046963,",Obstetrics & Gynecology,",West,2025-03-31 06:47:40.382551+00
df27c943-c1a4-4cb4-8997-9bc802ec5024,1351793856,",Internal Medicine,",Midwest,2025-03-31 06:47:40.379746+00
df3008d4-1ab3-477e-a514-e1935195914f,3957084660,",Cardiology,",South,2025-03-31 06:47:40.390488+00
df33d489-0349-45f7-a9dd-80106e545b0f,3595515399,",Anesthesiology,",West,2025-03-31 06:47:40.396182+00
df372853-1676-4ea7-8388-274923be6954,1864425625,",Internal Medicine,",West,2025-03-31 06:47:40.379661+00
df45c0fe-10af-47ac-aa83-b0e2e3340c94,8489853752,",Anesthesiology,",South,2025-03-31 06:47:40.397265+00
df4c21b2-7110-407c-a663-48e32d791787,5895643106,",Radiology,",West,2025-03-31 06:47:40.395426+00
df5145d8-ea8f-488e-b33c-e5f7a485648a,7564264527,",Psychiatry,",Northeast,2025-03-31 06:47:40.385522+00
df69a6fd-acc5-47d2-9950-890360e8bce6,6758092796,",Dermatology,",Midwest,2025-03-31 06:47:40.394193+00
df6d6aeb-cadb-4c15-88e0-f58a38a1d63e,4576621640,",Dermatology,",Midwest,2025-03-31 06:47:40.392633+00
df9c83c6-9f0e-4aef-9a4e-ce42c485b920,2993144653,",Dermatology,",Northeast,2025-03-31 06:47:40.39276+00
df9ed960-b1bb-43a0-9c1e-3d94c399a129,9509139325,",Internal Medicine,",West,2025-03-31 06:47:40.380017+00
dfa1a0de-c23f-4a29-b62b-e2258db402aa,2866917749,",Radiology,",Northwest,2025-03-31 06:47:40.395682+00
dfab6847-38eb-4532-861f-76a3a6744663,6766588090,",Radiology,",West,2025-03-31 06:47:40.394469+00
dfad0eb7-8fad-49e2-9c78-39adae5a911e,8250259681,",Psychiatry,",South,2025-03-31 06:47:40.384313+00
dfb5b94c-02fc-49ed-a812-af36230d3a18,6126458065,",Radiology,",Midwest,2025-03-31 06:47:40.395189+00
dfb85fd3-c9cd-4586-9001-8067a604123e,8249607829,",Cardiology,",South,2025-03-31 06:47:40.38995+00
dfb8d6f5-8e2a-40e1-ac6b-7cb44592d26f,3876961999,",Gastroenterology,",Midwest,2025-03-31 06:47:40.399489+00
dfbb80b1-5875-43a4-ab8e-a6b2664311bc,7490420245,",Pulmonology,",South,2025-03-31 06:47:40.401282+00
dfc53d74-248d-4100-914e-98e16aa367f5,7391409612,",Obstetrics & Gynecology,",Northwest,2025-03-31 06:47:40.382105+00
dfc82556-ed1f-49d9-84ea-a4e848e2edd0,7086182821,",Nephrology,",South,2025-03-31 06:47:40.40233+00
dfcac3a6-9c4a-46cc-acd4-2952821e9df1,5531443419,",Obstetrics & Gynecology,",Midwest,2025-03-31 06:47:40.404255+00
dfd11867-9d99-42e8-ade3-d5712e6d5a80,2038208758,",Internal Medicine,",Northeast,2025-03-31 06:47:40.377733+00
dfd1b3ad-28fd-44cd-beda-ee0ff9b90b99,3693408541,",Radiology,",Northeast,2025-03-31 06:47:40.39562+00
dfda248e-5706-41da-b17d-6247b56380b9,2783268982,",Internal Medicine,",South,2025-03-31 06:47:40.377546+00
dfdad6d7-3d69-4094-98b3-e21d8af89b4d,2211336172,",Anesthesiology,",South,2025-03-31 06:47:40.404668+00
dfdeed7a-9e5b-40a8-b197-ee39b33e85d2,3371747118,",Nephrology,",Midwest,2025-03-31 06:47:40.402385+00
dfea0e85-c340-4b95-aebe-206ed1a75b69,1066244679,",Internal Medicine,",Northwest,2025-03-31 06:47:40.376108+00
dff814ca-8efa-48f7-85d6-15e84274eba0,8758666830,",Cardiology,",Northwest,2025-03-31 06:47:40.388307+00
dffb83cc-7bda-47fe-a913-89749af1c5d0,9028550426,",Radiology,",Northwest,2025-03-31 06:47:40.404584+00
dffdbc4c-d8d0-48ab-8f86-a90a694bea8e,1352645765,",Radiology,",South,2025-03-31 06:47:40.404081+00
e000dc73-8d4e-49fc-a646-481898827b69,4298507734,",Obstetrics & Gynecology,",South,2025-03-31 06:47:40.381682+00
e007ae74-2b66-4f54-b68d-ce3760e7b662,8547609209,",Radiology,",West,2025-03-31 06:47:40.39499+00
e01556fa-b769-4dad-a280-d89aa165e572,6729244483,",Internal Medicine,",South,2025-03-31 06:47:40.378732+00
e0302ff5-5d5c-45e7-afc1-77aeb83b04c5,1818440615,",Orthopedic Surgery,",West,2025-03-31 06:47:40.391579+00
e0364b49-eef0-4dfd-812c-ad30e62fa9ee,3871256369,",Internal Medicine,",South,2025-03-31 06:47:40.378319+00
e041a590-a3ee-4472-9243-ab81d9c2f9df,3247134513,",Dermatology,",South,2025-03-31 06:47:40.393234+00
e0543dac-f5af-439e-ac32-32ca55d363ac,7161399268,",Dermatology,",Midwest,2025-03-31 06:47:40.392843+00
e059b743-d79b-4ec5-8e2f-cdd2c6be3f10,2100748834,",Nephrology,",West,2025-03-31 06:47:40.402049+00
e059bc67-0675-40fb-a117-afed64af6fa9,7162701811,",Anesthesiology,",West,2025-03-31 06:47:40.396632+00
e05b31eb-6c1f-42c2-9c2d-a52dfe4b6301,1210275749,",Obstetrics & Gynecology,",Midwest,2025-03-31 06:47:40.383412+00
e065f706-5fd1-4dde-9898-42a032a3b72b,2889616865,",Internal Medicine,",South,2025-03-31 06:47:40.379604+00
e066a279-3fa1-429b-ac51-48e8c5cf8ee5,9008400559,",General Surgery,",Northeast,2025-03-31 06:47:40.387432+00
e06ad180-3fc9-4896-9545-9072fbeb5ab1,7506619703,",Internal Medicine,",Midwest,2025-03-31 06:47:40.381021+00
e06b4e9d-dc53-46e1-87bf-f1275a706a5a,6191761334,",Cardiology,",Midwest,2025-03-31 06:47:40.390276+00
e06cc234-d59a-48b4-8577-8460ba5e2f24,7117532733,",Obstetrics & Gynecology,",South,2025-03-31 06:47:40.382999+00
e070c1f2-ae6b-4814-b5f5-a42e1a24447b,9050856851,",Internal Medicine,",Northeast,2025-03-31 06:47:40.377929+00
e07b0c10-d9d7-4cc4-93f6-4a96dab80435,7892526397,",Radiology,",South,2025-03-31 06:47:40.39452+00
e0846edf-8638-4689-be1c-7ecdcb0fc8da,7733093392,",Internal Medicine,",Midwest,2025-03-31 06:47:40.378702+00
e086a9b3-e5ca-4c8d-9732-914640642a62,6940246930,",Obstetrics & Gynecology,",Northwest,2025-03-31 06:47:40.383251+00
e08ac12b-6569-431e-b6cd-408b67808680,2213904136,",Neurology,",Northwest,2025-03-31 06:47:40.398699+00
e09977f8-e2f2-4386-bda1-690c3b8833c6,2700186847,",Psychiatry,",Northwest,2025-03-31 06:47:40.385706+00
e0a38ef5-b38c-424a-81d7-db2a865fb997,4920727411,",Nephrology,",South,2025-03-31 06:47:40.40243+00
e0a8d08b-f39b-4ee0-a690-5468b03f1557,2492278119,",Gastroenterology,",South,2025-03-31 06:47:40.399725+00
e0ac4530-32ce-4541-b7be-2928d7b3e218,3151063393,",Gastroenterology,",Midwest,2025-03-31 06:47:40.399992+00
e0b3d21b-ec4e-4a58-9ba5-924bbf94a0fe,1635422750,",Neurology,",West,2025-03-31 06:47:40.398552+00
e0bf612c-1d2f-401c-9749-1534c169aaaa,2622590078,",Radiology,",South,2025-03-31 06:47:40.395109+00
e0c03f31-0169-47c5-a218-982429e7557a,9571153645,",Anesthesiology,",West,2025-03-31 06:47:40.397624+00
e0ca0087-2bd1-44e7-9cac-5ec01d291aa2,4048664376,",Neurology,",Northwest,2025-03-31 06:47:40.398848+00
e0ca03f2-052c-46f9-b414-1202cac0dd9f,5816527326,",Internal Medicine,",Midwest,2025-03-31 06:47:40.378546+00
e0d80853-52b6-4190-8b1a-f453ba0823ca,5976243662,",Internal Medicine,",Midwest,2025-03-31 06:47:40.379319+00
e0e95498-d001-4531-aed1-9d43c58c697e,2186721076,",Obstetrics & Gynecology,",West,2025-03-31 06:47:40.382762+00
e104bcd3-4c3e-4da0-994c-58e56ed8cbc5,7809143073,",Internal Medicine,",West,2025-03-31 06:47:40.37673+00
e10e6b59-8966-4bf7-ab6b-961f38e47198,2127610283,",Oncology,",South,2025-03-31 06:47:40.402586+00
e11dc028-42d6-4093-8022-efb128340b93,6260986152,",Radiology,",West,2025-03-31 06:47:40.395169+00
e12965a1-0521-4929-a2a0-13b940dcaa5b,8323259253,",Internal Medicine,",Northeast,2025-03-31 06:47:40.378982+00
e129bd52-49b0-497e-863f-bcf37e2e526b,4452935685,",Orthopedic Surgery,",Northwest,2025-03-31 06:47:40.39085+00
e12cea04-e86b-4b28-8db5-d86d26fc8523,7135773170,",Radiology,",Northwest,2025-03-31 06:47:40.395699+00
e12f9873-8d3d-454a-bca6-1c892dd7d2d7,6848219656,",Internal Medicine,",South,2025-03-31 06:47:40.376409+00
e131b706-35c9-4d7e-bad7-1de13b9afd02,9236994391,",Psychiatry,",Northeast,2025-03-31 06:47:40.384205+00
e13cb828-a0b5-4911-9d9b-4d168a9fb669,2733086065,",Dermatology,",Midwest,2025-03-31 06:47:40.39315+00
e14bf430-866e-45b9-8827-f85d1f028b4c,4272650222,",Anesthesiology,",South,2025-03-31 06:47:40.396895+00
e159a1cb-f2c6-4e87-bbdc-8791c8a2d673,3269197639,",Psychiatry,",West,2025-03-31 06:47:40.404264+00
e16a5ced-52b1-4103-877a-004139fb05f5,8701201247,",Gastroenterology,",West,2025-03-31 06:47:40.399414+00
e16ae8fb-d36a-45b3-a003-89fbcbfcfa80,2133732454,",Obstetrics & Gynecology,",West,2025-03-31 06:47:40.383002+00
e1766277-0167-49b9-b877-2f28652ac1bd,2535397475,",Psychiatry,",Midwest,2025-03-31 06:47:40.384618+00
e176fc03-060a-4ba7-b420-d407d7945e46,9988027682,",Obstetrics & Gynecology,",Northwest,2025-03-31 06:47:40.383096+00
e17dc871-e22f-4395-942b-3a313a2b7189,4375956809,",Oncology,",South,2025-03-31 06:47:40.402851+00
e1859330-0226-4812-bd2f-2cff45581492,4180785305,",General Surgery,",Midwest,2025-03-31 06:47:40.388132+00
e1949be2-ee32-46a6-a170-524b8be47844,4244806516,",Anesthesiology,",Northwest,2025-03-31 06:47:40.397228+00
e196ea55-0981-462b-b8f4-2a642a8dc59e,3381172895,",Orthopedic Surgery,",Midwest,2025-03-31 06:47:40.390679+00
e19d4252-a8d1-4686-a46a-b7a4bba342d4,5930548874,",Pulmonology,",Northeast,2025-03-31 06:47:40.401337+00
e1a76cdc-d801-4c72-8349-ef3d02de66d3,8860374281,",Internal Medicine,",Northeast,2025-03-31 06:47:40.376365+00
e1b08640-89c7-4a4f-8bc4-ac559dd76990,6077531163,",Cardiology,",Northeast,2025-03-31 06:47:40.388815+00
e1b6c0c6-d328-4a5b-b705-c7bb35796d10,6644214627,",Radiology,",Northwest,2025-03-31 06:47:40.394599+00
e1be0ec7-d3a6-4ea7-a621-aa0bc8daa4b1,3286029881,",Cardiology,",Northeast,2025-03-31 06:47:40.390453+00
e1c031f0-49dd-44ca-83cb-642f8a8cf568,8655044545,",Urology,",South,2025-03-31 06:47:40.400365+00
e1c32db3-c68c-47f5-9401-426252dba22e,4910112613,",Cardiology,",Midwest,2025-03-31 06:47:40.403734+00
e1c82349-5337-4794-82cf-9d1902936159,3934928543,",Psychiatry,",Northwest,2025-03-31 06:47:40.385391+00
e1ccb804-6b34-47c0-8027-beb4ff2db470,9353051125,",Pulmonology,",Northeast,2025-03-31 06:47:40.401166+00
e1cda252-6be5-4924-a3ca-575e7aa282e5,7097166715,",Dermatology,",South,2025-03-31 06:47:40.39361+00
e1de762f-0344-4317-865c-4e76db5957f5,3727294769,",Neurology,",Midwest,2025-03-31 06:47:40.398224+00
e1e6db15-1de5-4c03-b21a-d14e374e7354,8513860319,",Neurology,",Midwest,2025-03-31 06:47:40.398022+00
e1eac59f-2795-4495-90ba-e293a17e1ceb,1568115373,",Neurology,",South,2025-03-31 06:47:40.398588+00
e21916ef-3dcc-40d0-a980-e2afa9447246,9679060012,",Pulmonology,",Midwest,2025-03-31 06:47:40.401652+00
e21bf6e3-3eb3-47d3-a6ce-06d3edb7dcc5,9986109736,",Internal Medicine,",Northeast,2025-03-31 06:47:40.380447+00
e221bcbc-cbd1-4c47-ba77-e2a7415e672e,9459422017,",Anesthesiology,",West,2025-03-31 06:47:40.396397+00
e23c04bf-5b44-419f-b3c1-0f1ebe2303c0,6036952268,",Psychiatry,",Midwest,2025-03-31 06:47:40.404087+00
e241f95b-0705-4205-9eb3-7155fe543b4f,7584026064,",Obstetrics & Gynecology,",Northwest,2025-03-31 06:47:40.382355+00
e249361b-548b-483c-a699-38e2ad006f7f,6788502468,",General Surgery,",Midwest,2025-03-31 06:47:40.388223+00
e249b07f-7a2b-4348-836b-a7c646466693,6838838734,",Orthopedic Surgery,",Northeast,2025-03-31 06:47:40.391582+00
e2500ac6-9462-4bd7-af49-cf72f998c808,3625144338,",Orthopedic Surgery,",Northeast,2025-03-31 06:47:40.391232+00
e2516ed1-ec2b-4d57-bd57-6dff368f4993,8714498611,",Anesthesiology,",Midwest,2025-03-31 06:47:40.397179+00
e253df31-3a2d-4f2a-9ab5-579271779d43,1109845503,",General Surgery,",Northwest,2025-03-31 06:47:40.387233+00
e2643423-e3ec-4f57-8e83-f6c4f195f3c7,7409344957,",Radiology,",Northeast,2025-03-31 06:47:40.395045+00
e26c08b6-bb8a-4d81-8b7f-2dd4c064f834,5949804605,",Internal Medicine,",South,2025-03-31 06:47:40.37835+00
e2733ade-911a-4bc5-af4d-7cc2fc0b6e77,6214859796,",Pulmonology,",Northwest,2025-03-31 06:47:40.401832+00
e27ca2f0-dadf-4270-9f47-faa9d42491f7,2448731007,",Pulmonology,",Northwest,2025-03-31 06:47:40.40169+00
e27cdb3b-1dc5-4599-a454-d63f9500d187,5069469021,",Gastroenterology,",Northwest,2025-03-31 06:47:40.400178+00
e27f0d2d-5a96-47c6-8cc5-4f8d69e4d19c,5366403528,",Urology,",Northeast,2025-03-31 06:47:40.400766+00
e27ff278-606a-4551-a829-f23cb7a7bc4f,9851092385,",Urology,",Northwest,2025-03-31 06:47:40.400469+00
e287ad73-0036-4653-887b-7fb5d7f42eb5,9455459101,",Obstetrics & Gynecology,",Midwest,2025-03-31 06:47:40.38362+00
e2892b31-0c94-4e70-9639-8d5cae095554,9597112583,",Dermatology,",Northwest,2025-03-31 06:47:40.393396+00
e28fe8a7-e543-4e5f-8c90-0abf334db6bc,6257543141,",Cardiology,",South,2025-03-31 06:47:40.389455+00
e29170a3-375b-42e9-ba54-6d452a1c2f20,2513178575,",Internal Medicine,",Northwest,2025-03-31 06:47:40.378007+00
e29a6597-3d29-4d96-b8f3-e9ddc7dfbb31,1918814085,",Internal Medicine,",West,2025-03-31 06:47:40.378097+00
e2a56325-740e-464e-bbe1-1645ac5b8656,9979129046,",Internal Medicine,",South,2025-03-31 06:47:40.381458+00
e2b06a41-9a86-42cf-ae8f-4fb166c55b8b,1450099296,",Dermatology,",Midwest,2025-03-31 06:47:40.393467+00
e2bd82e4-f36f-4dc0-85ae-359677ad572c,7395643479,",Gastroenterology,",West,2025-03-31 06:47:40.399582+00
e2be5bea-ce7c-4ed1-bec5-0c4beece63fc,2846726322,",General Surgery,",South,2025-03-31 06:47:40.388202+00
e2c19568-9303-4bfb-8ee9-4ac4fc1dbb4d,8532666224,",Obstetrics & Gynecology,",South,2025-03-31 06:47:40.382468+00
e2c32ae5-ca84-4c1b-ae44-2153a97e0721,1061621863,",Anesthesiology,",Midwest,2025-03-31 06:47:40.396993+00
e2c33092-f72b-4dd5-84fe-371647563248,2233001237,",Internal Medicine,",Northwest,2025-03-31 06:47:40.377538+00
e2d3f9b9-7ebe-4fa7-95ea-cb1df4cce0d4,7390048601,",Internal Medicine,",Northwest,2025-03-31 06:47:40.376481+00
e2d94c22-9176-4ca7-a62a-dd908c01058d,4576002528,",General Surgery,",West,2025-03-31 06:47:40.387023+00
e2d960f7-1f02-4144-8b1f-cfa8c41dcf10,7766811373,",Orthopedic Surgery,",Midwest,2025-03-31 06:47:40.390799+00
e2e447bf-4bbe-42a7-9a8e-8584388d6643,8617355137,",Orthopedic Surgery,",Northeast,2025-03-31 06:47:40.392572+00
e2eda406-f2ba-46ab-807d-87c70ff6d414,7578636015,",Internal Medicine,",South,2025-03-31 06:47:40.377264+00
e2f5ad6a-bceb-4d10-b030-735b53d8cbd7,4892242047,",Internal Medicine,",Northwest,2025-03-31 06:47:40.376147+00
e2fe5a07-4499-4e69-a65f-5c6adb17daa0,7875536624,",Obstetrics & Gynecology,",South,2025-03-31 06:47:40.382322+00
e3016ba2-f6a6-4774-9b38-26fae5563391,2428915696,",Gastroenterology,",Northeast,2025-03-31 06:47:40.400032+00
e30b4233-f694-4381-8eda-5c8e32763e62,6671154600,",Nephrology,",Northeast,2025-03-31 06:47:40.40227+00
e31c3910-49b2-445a-83f3-c2f48a146368,3956395156,",Cardiology,",Midwest,2025-03-31 06:47:40.388588+00
e31d6b04-9129-4ff5-8ed8-f6441ce64fc2,2854915879,",Obstetrics & Gynecology,",Midwest,2025-03-31 06:47:40.382358+00
e31f27d3-b217-4fd4-99ee-cc1a225da2c4,4845675713,",Psychiatry,",West,2025-03-31 06:47:40.386004+00
e31fe07c-653e-4aac-b845-bbecdf60d204,3127758434,",Internal Medicine,",Northwest,2025-03-31 06:47:40.377507+00
e32d6d5f-168f-4fd5-932e-0fec07c2a7d2,6655717089,",Orthopedic Surgery,",South,2025-03-31 06:47:40.391662+00
e32e0a2b-d8df-4e25-9436-c26a93ad60f3,4528534164,",Obstetrics & Gynecology,",West,2025-03-31 06:47:40.381871+00
e3435c7c-f772-428e-a027-18172772b10f,1948892092,",Cardiology,",South,2025-03-31 06:47:40.389764+00
e346e2ff-9c97-4be6-936a-f48bb8c89622,7423454243,",Internal Medicine,",Northeast,2025-03-31 06:47:40.380863+00
e35dc0d1-afc9-49d3-816f-ed25bf0545d0,2977377566,",Orthopedic Surgery,",Northeast,2025-03-31 06:47:40.392177+00
e35e74da-0793-4ab9-ae1d-afae5d64005c,2500830360,",Radiology,",Midwest,2025-03-31 06:47:40.403687+00
e3606c2c-eced-4e3c-85f3-9a084523a951,7667916805,",Nephrology,",Northeast,2025-03-31 06:47:40.402257+00
e3670da2-4c12-46e1-98c5-4557dd802400,2896127688,",Anesthesiology,",South,2025-03-31 06:47:40.397619+00
e36a719f-c4ef-4ea2-afc8-4a2417131504,3881473391,",Internal Medicine,",Northwest,2025-03-31 06:47:40.381294+00
e36da662-3b0c-4480-9b3b-21d8d20cab94,4164271954,",Gastroenterology,",West,2025-03-31 06:47:40.400252+00
e36dda35-789d-47d1-95db-61f99783c59b,3780115677,",Internal Medicine,",South,2025-03-31 06:47:40.381024+00
e37b7ddb-1dc6-4453-98a3-256949405a02,1656395699,",Psychiatry,",Northwest,2025-03-31 06:47:40.385615+00
e380a5a1-d512-4fe4-acd3-34ad708a4958,5225050022,",Internal Medicine,",West,2025-03-31 06:47:40.379987+00
e380b0cf-3f44-44b1-b222-a18c9f3c980c,6880469951,",General Surgery,",Northwest,2025-03-31 06:47:40.387046+00
e38f6a80-a419-4090-a333-157cd242e2d2,4063550639,",Internal Medicine,",West,2025-03-31 06:47:40.381123+00
e39a45a7-98dc-4436-909c-93f87be09857,4834175443,",Orthopedic Surgery,",Midwest,2025-03-31 06:47:40.391126+00
e3abfcd0-2692-4022-a4ab-b12538b04341,9510863708,",Internal Medicine,",South,2025-03-31 06:47:40.378843+00
e3b1a7c0-d842-467d-9d95-e3536b990a6d,5320151253,",Internal Medicine,",South,2025-03-31 06:47:40.378534+00
e3b5d70b-4d47-4741-b468-4723fa2ed034,3694445661,",Obstetrics & Gynecology,",Midwest,2025-03-31 06:47:40.383101+00
e3c525ee-6e6c-4848-a944-7f25b4e4fe50,8539956105,",Nephrology,",Midwest,2025-03-31 06:47:40.402109+00
e3ca0018-c4df-4ab3-8fa9-9c07b354d0e8,6888822523,",Orthopedic Surgery,",South,2025-03-31 06:47:40.390901+00
e3cd28a7-0e76-46f9-a039-16a33837619b,8433519273,",Obstetrics & Gynecology,",Northwest,2025-03-31 06:47:40.382482+00
e3d41d60-443c-4de5-88ad-31e0226bcf1b,8033048877,",Cardiology,",Northwest,2025-03-31 06:47:40.389566+00
e3d907d1-a2bf-40b7-b742-8284b9c2492c,8185765200,",Internal Medicine,",South,2025-03-31 06:47:40.381353+00
e3de6ccf-762e-40ca-8d6c-d6352b83506c,1208564287,",Internal Medicine,",West,2025-03-31 06:47:40.377255+00
e3e31065-fc6f-42e3-b3bc-9903b89f9be3,4067708440,",General Surgery,",Northeast,2025-03-31 06:47:40.387865+00
e3efb279-3d82-4123-9029-0d0b7906b506,8693908379,",Psychiatry,",Northeast,2025-03-31 06:47:40.383929+00
e3f56c5c-09bd-44ee-b068-ed92ed5550bc,2795688214,",Neurology,",West,2025-03-31 06:47:40.398898+00
e3fbdd9b-2099-49ef-916a-de4a5ffdb688,2668026500,",Radiology,",Northeast,2025-03-31 06:47:40.394875+00
e3ff0168-fe36-4dd5-9b19-8cbc483dc686,4227358616,",Urology,",West,2025-03-31 06:47:40.400301+00
e3ff7a15-201b-4cbc-8fa2-349777ffc71b,6068118585,",Orthopedic Surgery,",South,2025-03-31 06:47:40.391148+00
e400c92e-8c95-4409-9066-d1aaaa1f8916,6526009330,",Cardiology,",South,2025-03-31 06:47:40.39053+00
e4113fd1-b8c0-403f-bc5f-93195a5ab86f,1718887876,",Obstetrics & Gynecology,",Midwest,2025-03-31 06:47:40.381974+00
e41293c7-f79f-4b33-b68e-1e4a7b4ccfa5,7904312302,",Internal Medicine,",West,2025-03-31 06:47:40.380504+00
e412fe8f-34bb-4ded-94e2-e42f48d8e3ad,9926231420,",Oncology,",South,2025-03-31 06:47:40.403004+00
e416b291-c5ab-4f68-a492-57a8df61a48c,8240555337,",Internal Medicine,",Midwest,2025-03-31 06:47:40.379014+00
e416ec12-7437-41a4-9cae-e2c6c6897898,2690268406,",Radiology,",Northwest,2025-03-31 06:47:40.395349+00
e42bf564-10ea-4fa3-a5fb-7edf6cc0b8ea,4412789131,",Internal Medicine,",Northeast,2025-03-31 06:47:40.378103+00
e434b50c-b88f-4e04-a9b1-3ca62ec5e6cc,9626669076,",Internal Medicine,",Northeast,2025-03-31 06:47:40.37914+00
e43b3265-c215-4b94-a9c6-88466272b021,8861270176,",Internal Medicine,",Northwest,2025-03-31 06:47:40.379232+00
e43ca34c-848d-4b3a-adaf-b7a00d6637e1,9738377186,",Dermatology,",Northwest,2025-03-31 06:47:40.393387+00
e43dfb78-ce2f-47db-9acb-dc94883523ac,1196030879,",Internal Medicine,",South,2025-03-31 06:47:40.403516+00
e4477621-818f-42da-9f49-1b71d69dbddc,4467121473,",Gastroenterology,",Midwest,2025-03-31 06:47:40.399446+00
e44d2d06-1acd-40a8-880a-cc911e864181,1994770655,",Obstetrics & Gynecology,",Midwest,2025-03-31 06:47:40.382047+00
e44d43de-14e4-4c96-992f-beaea9b0ff6a,1275324660,",Internal Medicine,",West,2025-03-31 06:47:40.379667+00
e451dea5-08a6-404b-81e0-81ab6adc1cb8,5129327659,",Internal Medicine,",West,2025-03-31 06:47:40.378715+00
e4579c64-8b89-433a-8e7c-aa0d16a7901d,2403007391,",Neurology,",Northeast,2025-03-31 06:47:40.398926+00
e4669dfc-78c1-4ede-b3db-d99466006f51,5453593718,",Cardiology,",Northeast,2025-03-31 06:47:40.389068+00
e46d4db6-f2d5-4fa2-bdae-0f67f8076ff1,6324118242,",Obstetrics & Gynecology,",Northwest,2025-03-31 06:47:40.382899+00
e4701362-921b-4206-a629-f7461fcf5634,3306589853,",Psychiatry,",Northwest,2025-03-31 06:47:40.384211+00
e4721abb-cb17-487f-8a03-5ba01a0c5a92,8883681991,",Nephrology,",South,2025-03-31 06:47:40.402461+00
e475fede-28ce-4762-8987-0477ab1becdf,4821268215,",Cardiology,",Northeast,2025-03-31 06:47:40.388461+00
e48fbfea-353e-43fa-80de-9108a82806f2,5576725712,",Dermatology,",Midwest,2025-03-31 06:47:40.394057+00
e4929de6-8cb4-46a3-aab5-a8f2791b591c,4383280676,",Pulmonology,",West,2025-03-31 06:47:40.401844+00
e492dca4-797e-4de6-b643-2f3cd4b60c34,2430082714,",Internal Medicine,",Midwest,2025-03-31 06:47:40.379452+00
e494c6a7-790a-419d-b281-29f481fad845,3153479287,",Cardiology,",Midwest,2025-03-31 06:47:40.390028+00
e49526d2-77ee-4e02-b208-8e908a097374,2982082161,",Internal Medicine,",West,2025-03-31 06:47:40.378266+00
e498d0f9-a02b-4593-af6f-fa5120a93f17,9560804342,",Cardiology,",Northwest,2025-03-31 06:47:40.388537+00
e49d3701-6f3e-492f-ab89-6be0fbf958d4,8966560641,",Gastroenterology,",Northwest,2025-03-31 06:47:40.399821+00
e4ad927f-b120-4b30-911b-bc30a24eb910,7382517773,",Orthopedic Surgery,",Midwest,2025-03-31 06:47:40.390688+00
e4b21bcd-d28d-4c69-b946-850561b3048a,5375086298,",Anesthesiology,",South,2025-03-31 06:47:40.397111+00
e4b46d78-1aa0-433e-9ac4-3912ebad83d5,4002197731,",Radiology,",Northeast,2025-03-31 06:47:40.395608+00
e4bed3a4-bf33-407e-94e3-dbb198255e1d,6781460413,",Internal Medicine,",South,2025-03-31 06:47:40.378094+00
e4d918cc-c3f0-4d41-b660-7b5b3f9e23a0,5795020588,",Dermatology,",West,2025-03-31 06:47:40.393748+00
e4dba732-a429-41b7-b938-7eb21eabd426,4092743604,",Urology,",Northeast,2025-03-31 06:47:40.400353+00
e4dee7ad-d8d9-40d2-99ec-b3f244b58a67,1948076063,",Urology,",West,2025-03-31 06:47:40.400993+00
e4df05a2-3c22-48d6-a8ac-aaeab8f33bfd,1738842585,",Psychiatry,",Midwest,2025-03-31 06:47:40.385066+00
e4ece241-7d00-4b43-9499-c3b6706dde5c,2484193984,",Anesthesiology,",Northwest,2025-03-31 06:47:40.396507+00
e4f80b9d-37ec-461d-ac4f-a5db795cb9df,3392764787,",Gastroenterology,",West,2025-03-31 06:47:40.399408+00
e4fa3166-f065-49f6-b0e5-ccf18fdfa1ec,5439218338,",Internal Medicine,",Northeast,2025-03-31 06:47:40.376268+00
e4fa4fe9-e572-42f9-bb2f-526fb3f96585,7781319113,",General Surgery,",Midwest,2025-03-31 06:47:40.386705+00
e4fb297e-27db-4a4b-830c-5befb9914bee,2888069459,",Cardiology,",Northeast,2025-03-31 06:47:40.390411+00
e500cba8-52d6-4dfc-9603-a00c00dd40e2,6639977980,",Orthopedic Surgery,",Northeast,2025-03-31 06:47:40.390867+00
e5072c9c-0756-4244-b782-47a1e2cc608f,3900896164,",Radiology,",West,2025-03-31 06:47:40.394776+00
e50ca585-0ded-40b8-a3ac-26c81091abd4,9810229830,",Anesthesiology,",Midwest,2025-03-31 06:47:40.396164+00
e5118800-adfe-42e4-a208-59bfdf861a42,3214352998,",Obstetrics & Gynecology,",Midwest,2025-03-31 06:47:40.383626+00
e5123c31-b5e8-4be5-8027-45f23f383905,3066051179,",Orthopedic Surgery,",South,2025-03-31 06:47:40.392419+00
e522fd19-9843-4125-930d-d26e9b73864c,6192510391,",General Surgery,",West,2025-03-31 06:47:40.386384+00
e5301fdc-5fef-4402-89f2-218b9deb1e6c,9458625008,",Internal Medicine,",West,2025-03-31 06:47:40.378639+00
e54a525b-b8b1-4c0f-b2ca-15096b0d9068,3593733587,",Dermatology,",Midwest,2025-03-31 06:47:40.392943+00
e54c74d2-4139-4204-a2b1-16899742b5d5,1318851833,",Dermatology,",West,2025-03-31 06:47:40.393355+00
e54e3dd9-f04f-413b-9d27-e1ff55f05c7b,7996528252,",Psychiatry,",Northeast,2025-03-31 06:47:40.384174+00
e5742675-ff9a-42b8-b9c3-9c6df1cf5689,1975581580,",Urology,",West,2025-03-31 06:47:40.40075+00
e574f03c-5ad9-4c38-b693-8c9f47e86954,1808916439,",Obstetrics & Gynecology,",South,2025-03-31 06:47:40.403095+00
e579c380-17d9-4d3e-8b30-9dcb8c0ddbc9,5152892824,",General Surgery,",Northeast,2025-03-31 06:47:40.387197+00
e57a1a3f-3700-48c0-a675-a7f7b36d18cc,7318210795,",Pulmonology,",Northeast,2025-03-31 06:47:40.401504+00
e58c0ae2-e2ff-481d-acc8-f172b8e2be8a,4357584522,",Dermatology,",West,2025-03-31 06:47:40.394054+00
e592228a-8ad6-4e66-899d-ae204b796505,2210500728,",Internal Medicine,",South,2025-03-31 06:47:40.380797+00
e593ada6-b674-4ab2-a15e-13bb5e7bc7ef,6950477893,",Cardiology,",Northwest,2025-03-31 06:47:40.403777+00
e5945675-0ffd-4852-8270-a13ffad1c0f8,1443177726,",Radiology,",Northeast,2025-03-31 06:47:40.394667+00
e59c4c48-976d-463f-85ac-4b7dbe932559,6851493526,",Cardiology,",Northwest,2025-03-31 06:47:40.388924+00
e5a8c730-2f4d-4416-9308-c265b36dd247,4848511613,",General Surgery,",West,2025-03-31 06:47:40.386464+00
e5bf46c2-82c2-4fe1-ad99-4c16d6b963f7,6926016542,",Cardiology,",Midwest,2025-03-31 06:47:40.388927+00
e5bffc76-6e6e-489a-acf9-9a5d6a97ed60,2972379077,",Internal Medicine,",Midwest,2025-03-31 06:47:40.380476+00
e5c023f6-590a-4775-842c-dc1e5b7e709a,8622075739,",Obstetrics & Gynecology,",Midwest,2025-03-31 06:47:40.382288+00
e5c2d156-3e68-46e6-b757-e372dc5b1777,5894122631,",Radiology,",Northeast,2025-03-31 06:47:40.395215+00
e5d3ac27-3dda-4983-b979-01beff80cc4b,6741368259,",Internal Medicine,",South,2025-03-31 06:47:40.376458+00
e5d60f33-4156-42c8-88b5-87e842e15bb5,8726701998,",Internal Medicine,",Northwest,2025-03-31 06:47:40.380458+00
e5daa71f-3db9-49d5-8ec5-bfb6cdd62864,1207517782,",Urology,",South,2025-03-31 06:47:40.400295+00
e5ddf886-0993-4520-a56b-608f143b7fd3,4232306548,",Obstetrics & Gynecology,",Midwest,2025-03-31 06:47:40.403806+00
e5df2988-4e53-444f-9235-b2b691258833,2157746323,",Nephrology,",Northwest,2025-03-31 06:47:40.402433+00
e5e76148-a54f-44aa-bde2-2972687e8c45,8869516569,",Dermatology,",South,2025-03-31 06:47:40.393027+00
e5f691ec-17a9-481d-addf-41b9860e9bf4,6972951230,",Psychiatry,",West,2025-03-31 06:47:40.385294+00
e5f84fc9-0bb6-4f1a-b43c-0a0483f6956a,5252983462,",Psychiatry,",Northeast,2025-03-31 06:47:40.384946+00
e6052d9c-e63a-4181-a127-f6ba1e3304c7,6021848069,",Anesthesiology,",Midwest,2025-03-31 06:47:40.396253+00
e607f493-77b2-4a35-ad61-13bbd541e04b,2523747883,",Neurology,",Northeast,2025-03-31 06:47:40.39794+00
e610e482-4e9a-484e-a6d5-d1e5b0f8e272,9561499778,",Obstetrics & Gynecology,",Northwest,2025-03-31 06:47:40.381803+00
e612a507-d84d-4f8f-b4dd-92cd4c499da9,9866960280,",Dermatology,",Northwest,2025-03-31 06:47:40.393122+00
e61cdcb9-bbdf-4436-ab06-b05730000a6d,8078255917,",Nephrology,",Midwest,2025-03-31 06:47:40.402379+00
e61d62e2-fd94-4bd4-907a-a85607643918,1842434367,",Cardiology,",South,2025-03-31 06:47:40.38858+00
e6284035-5cd9-43b2-92e8-3ef883e89a6d,5163613317,",General Surgery,",Northwest,2025-03-31 06:47:40.387252+00
e62a5280-3865-4a62-aa66-4ceff3ded583,8185371139,",Psychiatry,",Northwest,2025-03-31 06:47:40.385441+00
e62f431b-7be3-4322-ba73-0c3f2d76ff40,2325420066,",Obstetrics & Gynecology,",West,2025-03-31 06:47:40.382115+00
e645efc0-44fc-4ca9-aaa3-07e239a8b377,9849210730,",Pulmonology,",South,2025-03-31 06:47:40.40181+00
e64a3b61-74c0-439f-a3f5-2329c1a06d6e,9746570133,",Psychiatry,",Midwest,2025-03-31 06:47:40.385303+00
e64ca14a-fc85-4e6a-a540-1f70469ef6ae,9872296770,",Gastroenterology,",Northeast,2025-03-31 06:47:40.399736+00
e64cac91-80ed-4c5d-8198-3c67d5ad417a,8293317476,",Anesthesiology,",West,2025-03-31 06:47:40.397675+00
e64ec3e0-6bd9-458b-b020-a1936c805d9b,6523317920,",General Surgery,",Midwest,2025-03-31 06:47:40.386116+00
e65ec224-ebd1-4f05-90a2-0a24f19cbc0d,5742792221,",Cardiology,",Northeast,2025-03-31 06:47:40.404559+00
e66042ae-e4e0-44db-8483-977b6c985fbf,3066328166,",Internal Medicine,",South,2025-03-31 06:47:40.404143+00
e662ca6b-78db-4152-bc47-88fdd7ed55ee,2561924266,",Anesthesiology,",West,2025-03-31 06:47:40.396161+00
e674d426-b299-46e9-b4aa-1e8c4b4bd761,5632535223,",Orthopedic Surgery,",Northeast,2025-03-31 06:47:40.391749+00
e6755802-c50d-4a2f-ad99-20591015ae23,8130780835,",Internal Medicine,",Northeast,2025-03-31 06:47:40.381475+00
e6771fb8-55ac-4f6b-8d92-891028f5145e,5144122672,",Internal Medicine,",South,2025-03-31 06:47:40.378574+00
e681bdf9-557a-4808-898b-ba92626bf7fb,3356962032,",Cardiology,",South,2025-03-31 06:47:40.389779+00
e6877d12-b2b2-48b2-a518-d5507afbcda6,3542239124,",Psychiatry,",West,2025-03-31 06:47:40.385244+00
e6a88c21-9070-4530-85ba-be18952b5b1e,6760058929,",Anesthesiology,",Midwest,2025-03-31 06:47:40.397621+00
e6a9a383-8294-471a-9f2c-5dcc2fd1b7a9,7469293591,",General Surgery,",West,2025-03-31 06:47:40.388028+00
e6b7066a-94ce-4397-8d8c-73ec17ee0605,3920231598,",Internal Medicine,",South,2025-03-31 06:47:40.403865+00
e6b92f60-47c9-4f45-be49-59a95f490c84,3795716400,",Dermatology,",Northeast,2025-03-31 06:47:40.393379+00
e6bda09f-1bfe-4324-bcb4-a5b38d443728,5219399245,",Psychiatry,",Northwest,2025-03-31 06:47:40.384757+00
e6bea36b-b2ce-4437-bce6-3db068dce93a,2703287158,",Internal Medicine,",Northeast,2025-03-31 06:47:40.378403+00
e6c0a75a-2021-4b78-905b-09c40970b364,7437187097,",Radiology,",Northwest,2025-03-31 06:47:40.39538+00
e6c6cb72-2f4d-453a-b674-27c61ba3bd62,7715398809,",General Surgery,",Northwest,2025-03-31 06:47:40.387219+00
e6cbced0-079b-40c6-9477-acce87871056,4946898108,",Psychiatry,",Northwest,2025-03-31 06:47:40.385426+00
e6cf3ef9-2c0a-4505-b7f6-8f974d1d7b9e,1280586400,",Radiology,",Midwest,2025-03-31 06:47:40.394747+00
e6cf4dd5-68f3-4c6d-b17c-31955846a2bb,2441748771,",Radiology,",West,2025-03-31 06:47:40.395293+00
e6d5e8d1-89f3-447b-b7ea-feb935ca3a6c,4384935963,",General Surgery,",Midwest,2025-03-31 06:47:40.386938+00
e6d8bb2a-2dbf-427a-8119-170d181f64bd,5034076408,",General Surgery,",West,2025-03-31 06:47:40.386993+00
e6f5aaa7-2235-4a0e-946d-20c8646d6583,2409493378,",Orthopedic Surgery,",South,2025-03-31 06:47:40.390776+00
e70f1ac0-2b1a-4b19-abc6-2c4fa7399226,8902576545,",General Surgery,",Midwest,2025-03-31 06:47:40.403844+00
e7197247-1abc-496f-a714-8aa9874ce9db,6940226850,",General Surgery,",Northeast,2025-03-31 06:47:40.386407+00
e72c20c0-27d2-4457-af4d-917fee4bd3d5,1549140397,",Internal Medicine,",Midwest,2025-03-31 06:47:40.378625+00
e738deec-3f12-436f-97b5-cc83f189c258,6968846826,",Neurology,",Northeast,2025-03-31 06:47:40.39832+00
e73deec3-4e31-496e-b2b4-9d480bc77854,8688576428,",Obstetrics & Gynecology,",West,2025-03-31 06:47:40.382026+00
e74747db-4178-46f9-9d7f-0b7093bebd3e,3980422108,",Internal Medicine,",South,2025-03-31 06:47:40.376426+00
e75538f3-110e-4563-a33f-891e8010d7b3,1839534051,",Obstetrics & Gynecology,",West,2025-03-31 06:47:40.382215+00
e7595079-08be-4727-9a57-2cdca313b70b,7158998735,",Orthopedic Surgery,",West,2025-03-31 06:47:40.404616+00
e7657920-431a-4e44-ad3f-7dac1c18e952,7798395357,",Oncology,",Northeast,2025-03-31 06:47:40.402669+00
e7720980-9dfb-49b5-b603-1e06cfae5ed8,8981215277,",Internal Medicine,",West,2025-03-31 06:47:40.377175+00
e7750f93-8cab-406a-a2db-8781ec4d160d,6075056600,",Psychiatry,",West,2025-03-31 06:47:40.384961+00
e799760e-b899-4675-b57d-f5c6b66655b7,4937840916,",Internal Medicine,",West,2025-03-31 06:47:40.381531+00
e79a2c0d-d139-4c6a-95b9-5ba49d9f94f3,6063216381,",Neurology,",Northwest,2025-03-31 06:47:40.403465+00
e7a27fbb-58a3-4eee-8f7e-fc905e0534ff,4743935743,",Cardiology,",West,2025-03-31 06:47:40.388498+00
e7a5660b-7e57-494c-825a-53f6c4a4bf43,7554344012,",Internal Medicine,",South,2025-03-31 06:47:40.378514+00
e7acb5c1-ec6e-48c4-8d65-1f01da2eada3,3117179317,",Internal Medicine,",West,2025-03-31 06:47:40.377055+00
e7b754f8-5174-41e8-8916-72f8b6906afc,1277741910,",General Surgery,",South,2025-03-31 06:47:40.388258+00
e7bfda2a-484d-4e1c-b66e-b891dd2d44ab,9460787055,",Anesthesiology,",Northwest,2025-03-31 06:47:40.396652+00
e7c13978-27f0-401a-b71a-1a413f624cb9,2010855074,",Internal Medicine,",West,2025-03-31 06:47:40.378506+00
e7c3838a-06c2-43b5-a8b3-169ed1c669db,5786565002,",Nephrology,",Northeast,2025-03-31 06:47:40.402447+00
e7c38e00-5ee0-47dd-9765-158e598c8443,2201161561,",Pulmonology,",West,2025-03-31 06:47:40.40175+00
e7d488f0-5a74-4871-ba20-94f0f8756e8c,3864894962,",Pulmonology,",South,2025-03-31 06:47:40.401107+00
e7eb3d13-207d-4229-aa3e-885d7e880950,5707407963,",General Surgery,",Northwest,2025-03-31 06:47:40.387831+00
e7efb048-60e2-4f39-862f-61e6ca24bd76,5401871285,",Internal Medicine,",Northeast,2025-03-31 06:47:40.379542+00
e7fa643c-d87d-4fb4-98fd-1c468b62c0df,2670199419,",Gastroenterology,",Northwest,2025-03-31 06:47:40.400027+00
e7fafd2d-9ced-469a-b8d6-7b583a38ba58,6144630042,",Internal Medicine,",Northeast,2025-03-31 06:47:40.381297+00
e7fdd78c-d3cf-4201-86f7-d647d648025d,3844982231,",Psychiatry,",South,2025-03-31 06:47:40.384871+00
e80af9ef-cefa-4609-af8a-8d3cb849fec5,9345723978,",Dermatology,",Midwest,2025-03-31 06:47:40.393223+00
e81606ed-3cd9-4c1c-964a-7cde9283e9fe,8758039703,",Neurology,",Northeast,2025-03-31 06:47:40.398011+00
e8170c4d-2192-4c2d-835b-c474cb8f3899,1777956948,",Urology,",Northwest,2025-03-31 06:47:40.400563+00
e81efc1c-3368-4cca-9ea5-23f9a7927c78,6092680081,",Radiology,",Midwest,2025-03-31 06:47:40.395296+00
e82521c3-3c08-4a92-94c9-3e2305a9ad5b,9552140496,",Oncology,",Northwest,2025-03-31 06:47:40.403012+00
e8252f19-fefd-4016-aee0-3b441bc5b957,1925354722,",Anesthesiology,",Northeast,2025-03-31 06:47:40.396797+00
e82584ac-1e3c-45e4-b74e-523b162548c9,9047498108,",Anesthesiology,",Northwest,2025-03-31 06:47:40.397199+00
e82c3143-1fdb-4148-9875-0daa7dfb5325,4883283750,",Radiology,",South,2025-03-31 06:47:40.395791+00
e8373479-c897-4122-b948-f5475fa222f9,4883440982,",Orthopedic Surgery,",South,2025-03-31 06:47:40.39101+00
e83caacf-1d4d-424e-980d-1dc1a1ac4009,4401958531,",Nephrology,",Northeast,2025-03-31 06:47:40.402092+00
e840ddc5-1499-4ac6-ab94-ec6a25ce94fa,2112360922,",Neurology,",West,2025-03-31 06:47:40.398791+00
e84170e7-382d-4164-bc2e-2d03489fed98,2070625615,",Cardiology,",West,2025-03-31 06:47:40.390391+00
e843eda8-ed64-4b50-b5a3-687db24d1207,1065317986,",Neurology,",Northeast,2025-03-31 06:47:40.398155+00
e844840f-9ebf-48a7-a3a3-9d921e646dc7,5233808134,",Internal Medicine,",West,2025-03-31 06:47:40.377853+00
e854e38d-830c-4362-af8b-bca3ef69402e,9552524933,",Internal Medicine,",Northeast,2025-03-31 06:47:40.380342+00
e85b6c40-d403-4761-b733-b6f7df22821e,6026812916,",Orthopedic Surgery,",West,2025-03-31 06:47:40.391073+00
e85e5122-936c-4ef1-8477-56cf9249f41a,7358161633,",Radiology,",Northwest,2025-03-31 06:47:40.394718+00
e86005ac-0062-4e88-b6b7-4bda7f697a2a,3929396778,",General Surgery,",West,2025-03-31 06:47:40.388247+00
e865bd57-1edc-48d2-ab9a-eb2b6a22895a,2854533760,",Psychiatry,",Northwest,2025-03-31 06:47:40.385165+00
e87435b0-bc26-4dc6-bcab-1324d23be511,1741067790,",General Surgery,",Northwest,2025-03-31 06:47:40.404459+00
e8866f0c-ebef-4f7a-ad6a-cb50e9101d62,5987450936,",Psychiatry,",South,2025-03-31 06:47:40.384094+00
e88b4e92-e40c-4e6c-97f5-21f47aed8466,3050878449,",Gastroenterology,",Northeast,2025-03-31 06:47:40.400152+00
e8983c25-c02b-4ca5-ad58-b425edad5751,1162773838,",Dermatology,",Northeast,2025-03-31 06:47:40.393147+00
e8995a88-a642-4667-bf30-9d2285f94a6c,2412829706,",Gastroenterology,",South,2025-03-31 06:47:40.399807+00
e8a84cc2-78ed-4b8d-ac6f-8a810424d70d,1059710545,",Orthopedic Surgery,",West,2025-03-31 06:47:40.391777+00
e8afd2ff-63cb-40d6-b53f-bf54ec2aa8d9,7442915073,",Cardiology,",Midwest,2025-03-31 06:47:40.390088+00
e8bbff2a-194d-4962-a126-b922c00c8b23,9740786382,",Internal Medicine,",Northwest,2025-03-31 06:47:40.380932+00
e8bc479e-b0c7-4ffb-b3d4-02fa43854a49,3293524566,",Gastroenterology,",Midwest,2025-03-31 06:47:40.40441+00
e8c44237-9c8a-4a54-8552-f36e9525fbe7,1861854373,",Internal Medicine,",West,2025-03-31 06:47:40.376187+00
e8c4bf55-b2b9-4233-8481-80396ede66b7,1845477031,",Pulmonology,",South,2025-03-31 06:47:40.401312+00
e8c9e72b-8e97-4264-afee-3479c07bc3bf,5831275281,",Internal Medicine,",West,2025-03-31 06:47:40.378633+00
e8cce2e4-61aa-4edd-a1dc-7814b52e1360,9962466929,",Obstetrics & Gynecology,",Midwest,2025-03-31 06:47:40.381708+00
e8d01cf7-c5ee-4dee-943c-b53171cb3029,9468245885,",Cardiology,",Northwest,2025-03-31 06:47:40.403519+00
e8d3f365-785f-4a4c-8000-01402ed8b666,2312050123,",Neurology,",South,2025-03-31 06:47:40.398119+00
e8d610f4-4ed3-408e-8c2a-fcf539ee3f37,1072434544,",Radiology,",Northwest,2025-03-31 06:47:40.394854+00
e8df8776-f388-4f92-9f14-02388a6dde20,8087147075,",General Surgery,",Midwest,2025-03-31 06:47:40.386575+00
e8f9ecf7-bbd9-4802-b0e8-ba4c2426c04f,9090976079,",General Surgery,",Northeast,2025-03-31 06:47:40.38822+00
e8fec13b-c100-4cd3-9a1d-482b01869842,8069035955,",Internal Medicine,",South,2025-03-31 06:47:40.378563+00
e9027df8-b640-4bda-a53c-cd32f8c665ad,5137193856,",Internal Medicine,",Midwest,2025-03-31 06:47:40.376784+00
e91612bc-e400-4fea-9d46-4334921a496e,1875755962,",Psychiatry,",Northeast,2025-03-31 06:47:40.384452+00
e916f2d3-17d4-495c-91dd-86868fd481e2,1414905231,",Neurology,",West,2025-03-31 06:47:40.398817+00
e91e02ba-5464-49f2-b255-1250f048f144,1591756286,",Cardiology,",West,2025-03-31 06:47:40.389733+00
e91e434a-3430-486a-8ffb-2fb01533329e,2142535065,",General Surgery,",Northwest,2025-03-31 06:47:40.387819+00
e92717aa-ef9d-42d5-90f5-ea1cc9a02213,6849509386,",Anesthesiology,",Midwest,2025-03-31 06:47:40.397438+00
e933b05a-1612-4032-8ab8-aacec3302355,9193412826,",Internal Medicine,",West,2025-03-31 06:47:40.380319+00
e940f648-2f16-4884-8db5-cbafc0f94a61,3049890197,",Dermatology,",Northwest,2025-03-31 06:47:40.394097+00
e9476dda-7629-4f3f-94bc-3fd2eb5f34d4,4974684170,",Psychiatry,",Midwest,2025-03-31 06:47:40.385211+00
e94cc08f-3be5-485c-b4e3-dd0ec609196f,6993797159,",Nephrology,",West,2025-03-31 06:47:40.402464+00
e95891e2-a742-4d85-8714-cd25c8de9299,8244959032,",Cardiology,",West,2025-03-31 06:47:40.388495+00
e95e849c-ba67-41c8-bde8-c103b8c07305,6114142942,",Internal Medicine,",West,2025-03-31 06:47:40.377244+00
e9723ffa-83b1-4864-bc6d-152007dc7e31,8049441942,",Internal Medicine,",South,2025-03-31 06:47:40.376219+00
e974bb9d-b879-46b7-81d8-9a76bbc5becc,6665746610,",Gastroenterology,",Midwest,2025-03-31 06:47:40.400206+00
e9815df8-8e58-46fe-9b10-bd09f1abf159,5660371298,",Anesthesiology,",West,2025-03-31 06:47:40.397541+00
e98255c0-1040-461a-a5c3-7d67e687bdb2,8161994414,",Internal Medicine,",Northeast,2025-03-31 06:47:40.381268+00
e9840d4e-58ed-4692-a514-e004c49bbf60,7535666171,",Internal Medicine,",Midwest,2025-03-31 06:47:40.377751+00
e98f3c09-aeca-4946-8a79-a2e45898e9ea,5458763415,",Radiology,",Northeast,2025-03-31 06:47:40.395124+00
e9911996-0230-4eb2-9624-2d52ba236cc9,4888755456,",Orthopedic Surgery,",Northeast,2025-03-31 06:47:40.390915+00
e99d9e6a-e681-4112-abf7-8a009fc713a0,5550330717,",Radiology,",Northwest,2025-03-31 06:47:40.39482+00
e99fd29c-17a7-41e0-a300-4a1fb05e5415,9752215616,",Neurology,",West,2025-03-31 06:47:40.398019+00
e9a48930-a548-403c-a870-4fd5bad09359,8832724362,",Cardiology,",West,2025-03-31 06:47:40.389273+00
e9a86f82-fdd8-43c4-85f7-b4106b6949e8,8239472780,",Psychiatry,",Northeast,2025-03-31 06:47:40.385157+00
e9adcce9-77c1-426f-a4e3-98f4dcfcf906,4531055077,",Cardiology,",Northeast,2025-03-31 06:47:40.389712+00
e9bce82c-8c3f-4755-bd7d-939d228bcc33,6677231010,",Orthopedic Surgery,",South,2025-03-31 06:47:40.390998+00
e9c6f2c6-7750-46ef-9723-e1fdaa25e79a,7142893487,",Orthopedic Surgery,",Northwest,2025-03-31 06:47:40.392087+00
e9d1395f-748b-411a-8bab-67d2dffbe146,8841441776,",Anesthesiology,",South,2025-03-31 06:47:40.397011+00
e9d286d2-6ef5-4298-9ffe-d35e838f6ddb,5129312557,",Cardiology,",Midwest,2025-03-31 06:47:40.388453+00
e9e13737-242a-41fb-90ac-4d5f877b0221,5262979827,",Internal Medicine,",Northwest,2025-03-31 06:47:40.378138+00
e9f5406b-baa3-4269-a28c-2e0802ce7e44,7206487916,",Internal Medicine,",Midwest,2025-03-31 06:47:40.381332+00
e9f5f267-cba8-43f9-bb47-4adc3b31b6e6,8918915082,",Psychiatry,",Northeast,2025-03-31 06:47:40.385836+00
e9f70657-1c50-497f-9ee0-088b78a6c338,2063570209,",Neurology,",Northwest,2025-03-31 06:47:40.398582+00
e9fd9265-9536-47b8-b48d-aa3b3f961774,8899284999,",Cardiology,",Northwest,2025-03-31 06:47:40.388478+00
ea064b66-ddfb-416c-87f2-f49f5c58daf7,7656643998,",Anesthesiology,",Midwest,2025-03-31 06:47:40.397538+00
ea12535d-7709-47d0-b319-3dedcf8f98b2,8390572110,",Psychiatry,",Midwest,2025-03-31 06:47:40.384185+00
ea1549bd-6cfe-4e87-9c95-1d3ed115abb5,3131662763,",Psychiatry,",Midwest,2025-03-31 06:47:40.384941+00
ea18a148-62d8-4ac5-8e0a-8dcc1c346a63,7819123830,",Psychiatry,",Northwest,2025-03-31 06:47:40.384831+00
ea1c5d5b-cc3f-4a45-a808-4011f709e97e,2834666478,",Internal Medicine,",South,2025-03-31 06:47:40.381387+00
ea1d955a-906b-4595-b238-8b896cbfb572,5726469899,",Neurology,",Northeast,2025-03-31 06:47:40.399018+00
ea1dc852-705a-4a07-8478-2b6214903001,3725066086,",Neurology,",West,2025-03-31 06:47:40.397824+00
ea28c06d-6c9f-4a4b-ab77-4c1a56935d7b,8268603403,",Internal Medicine,",West,2025-03-31 06:47:40.40322+00
ea35f20d-92c7-437c-a0e3-db42613f9b3a,3002904954,",Internal Medicine,",Midwest,2025-03-31 06:47:40.378829+00
ea3b9058-0801-4f0c-b650-d569ef82e46e,8015224244,",Radiology,",Northeast,2025-03-31 06:47:40.404364+00
ea3b923a-97f0-4b4c-a9e9-296816232091,8709141863,",Anesthesiology,",West,2025-03-31 06:47:40.403763+00
ea3cb2e9-5440-40ef-b270-7260c8b67903,7672648271,",Orthopedic Surgery,",Midwest,2025-03-31 06:47:40.391789+00
ea426da9-72a9-4970-9fd6-89b8ce6e616a,9314122412,",Neurology,",West,2025-03-31 06:47:40.404482+00
ea462b98-0596-45b5-8102-7056370f74dc,9000704831,",Orthopedic Surgery,",South,2025-03-31 06:47:40.391696+00
ea48f2a3-fd41-4cbd-a4ff-6609331f788e,9527194330,",Dermatology,",South,2025-03-31 06:47:40.393644+00
ea49fd9b-7444-4897-8be2-3b67ba4eb1ae,4098548175,",Obstetrics & Gynecology,",Northwest,2025-03-31 06:47:40.40452+00
ea5cf4a1-5a37-4c55-8815-6205fc81619a,6087183460,",Internal Medicine,",Northeast,2025-03-31 06:47:40.378211+00
ea63ee70-2c6d-4109-8ce7-336221f103b2,9456944029,",Dermatology,",Northeast,2025-03-31 06:47:40.393666+00
ea651a6e-798d-486d-90ba-583cadeb9d44,9340456270,",Obstetrics & Gynecology,",South,2025-03-31 06:47:40.382756+00
ea6a3ec3-d594-4e4b-9a59-9bafe89f2d67,5739390017,",Gastroenterology,",West,2025-03-31 06:47:40.399574+00
ea6c9ce5-c573-4566-82ae-abe6f85312a4,5875824068,",Internal Medicine,",Midwest,2025-03-31 06:47:40.404209+00
ea7318b3-edf1-413e-8766-15ee8104cc4b,9986432562,",Orthopedic Surgery,",South,2025-03-31 06:47:40.391163+00
ea736408-1f23-4872-ab10-a3b5f9bfd696,7681298326,",Internal Medicine,",Midwest,2025-03-31 06:47:40.378809+00
ea751c68-8688-4903-bee9-a087760eb059,7299194582,",Internal Medicine,",West,2025-03-31 06:47:40.377468+00
ea769d82-493a-4f0f-95ce-ed2c8db5cb21,7780898632,",Psychiatry,",Northeast,2025-03-31 06:47:40.384022+00
ea78a038-5808-43ab-8701-12c1dcf84219,6969444479,",Dermatology,",Midwest,2025-03-31 06:47:40.403312+00
ea7912f2-bc9d-4ae2-baf1-da5b1f75ebbf,9381699381,",Anesthesiology,",Midwest,2025-03-31 06:47:40.397039+00
ea816bb2-73db-4eb5-ba47-fb9dbcae391b,1858173272,",Cardiology,",South,2025-03-31 06:47:40.404752+00
ea8dce88-8a1f-40b3-9625-4cecf286327c,8546667091,",Cardiology,",West,2025-03-31 06:47:40.390351+00
ea9d26ff-a43d-4951-ac35-5d8d5266c42f,6078747931,",Dermatology,",South,2025-03-31 06:47:40.392641+00
ea9ef0ee-4087-4ed0-b049-ce695400f1e1,7155549541,",Anesthesiology,",Northeast,2025-03-31 06:47:40.404821+00
eaa16da7-6388-4dc5-9770-0fb89acf48c4,6648458139,",General Surgery,",Midwest,2025-03-31 06:47:40.38662+00
eaa52aff-6ef3-4f7f-bac6-1aa2d2b92880,6850122398,",Internal Medicine,",Midwest,2025-03-31 06:47:40.377025+00
eaa9f09b-525f-4486-8dce-c66f43f97d5b,7744870231,",Internal Medicine,",Northwest,2025-03-31 06:47:40.380725+00
eab5b439-7a2d-48be-b93d-d10402433b8e,2208480950,",General Surgery,",Northwest,2025-03-31 06:47:40.386572+00
eab90956-d989-4d57-a85b-c7fca4a2cc2c,3447274647,",General Surgery,",Midwest,2025-03-31 06:47:40.386398+00
eabbd5a0-2239-4597-bd42-5af45558e365,3881544593,",Psychiatry,",Northwest,2025-03-31 06:47:40.383949+00
eabfbeef-65cd-4246-b5d6-e3155ae10c79,2020720447,",Internal Medicine,",Midwest,2025-03-31 06:47:40.376091+00
eacd3c2a-5a58-435c-a3db-4361897ca3ff,7722043379,",Nephrology,",Midwest,2025-03-31 06:47:40.402252+00
eace57f7-593b-47d6-af85-1c0c67ad0dee,8060144520,",Internal Medicine,",South,2025-03-31 06:47:40.378178+00
ead79220-3136-4217-8ce0-e7127eee313c,5593456922,",General Surgery,",South,2025-03-31 06:47:40.387932+00
ead7b929-9124-444e-bebe-93effe8d00e1,7437114980,",Dermatology,",South,2025-03-31 06:47:40.392695+00
eadcc2c4-b482-44f7-8093-7eb6ebe5fa4d,3153681540,",Obstetrics & Gynecology,",Northeast,2025-03-31 06:47:40.382975+00
eadead06-287c-4c0c-aaec-26457e8f690f,2223107812,",General Surgery,",Midwest,2025-03-31 06:47:40.387131+00
eadfd1be-a1ee-408e-91b0-d51799c654c1,7689640423,",Anesthesiology,",Northwest,2025-03-31 06:47:40.396525+00
eae1a85c-9444-488f-bd5d-5767ca8d14d6,1953688743,",Orthopedic Surgery,",West,2025-03-31 06:47:40.391827+00
eaf2e189-cecf-4155-a50f-1d8bc26eb666,8945946007,",Internal Medicine,",Northwest,2025-03-31 06:47:40.404674+00
eaf39765-227a-48cc-a4e3-2216fa847ff2,7042010390,",Internal Medicine,",South,2025-03-31 06:47:40.379055+00
eaf7a53f-c4f0-4c28-8867-eda2f4cff97c,1006876844,",Internal Medicine,",West,2025-03-31 06:47:40.403166+00
eb0c6d25-3b9f-45ca-8e8c-c45ba6b84d3e,9872691513,",Pulmonology,",Northwest,2025-03-31 06:47:40.401841+00
eb1a3048-4511-4921-8625-4307de6da08d,5202439439,",Anesthesiology,",Midwest,2025-03-31 06:47:40.396563+00
eb1f5bd0-113d-4bc2-95a8-6718a6dbac4d,5478523589,",Dermatology,",Midwest,2025-03-31 06:47:40.394183+00
eb271c3f-04f6-4496-9547-b96f50133c5f,7975770327,",General Surgery,",West,2025-03-31 06:47:40.386495+00
eb27ee4d-0cea-4411-91ef-3157dc5d1681,1513880481,",Orthopedic Surgery,",Northeast,2025-03-31 06:47:40.390984+00
eb280ab8-8ecf-43f2-99f2-86492cc552fa,8706792552,",Orthopedic Surgery,",South,2025-03-31 06:47:40.391522+00
eb2ab937-e6ad-4543-a0e1-3fa7d07c1d9b,3276194221,",Psychiatry,",Northwest,2025-03-31 06:47:40.384491+00
eb2fd4e7-6079-4940-a56e-bef6dc08f821,2022685947,",Neurology,",South,2025-03-31 06:47:40.398805+00
eb3133ba-c261-42ba-89be-c0084899a8a3,5751964474,",Oncology,",Northeast,2025-03-31 06:47:40.402936+00
eb32a0bf-b2ca-41d9-abfa-7125caec287b,3254916743,",Dermatology,",South,2025-03-31 06:47:40.393303+00
eb36e81e-4168-45cb-83ff-e6787d84f5fc,4752749869,",Neurology,",Northwest,2025-03-31 06:47:40.398811+00
eb3dbf85-04e0-4c10-bc59-23b547d66a4c,6057082414,",Obstetrics & Gynecology,",Midwest,2025-03-31 06:47:40.383506+00
eb41a047-df20-4529-888d-7e1b1184336b,3130458020,",Cardiology,",West,2025-03-31 06:47:40.389868+00
eb4df62b-480c-4b4c-b978-b25177b71415,2851467866,",Obstetrics & Gynecology,",South,2025-03-31 06:47:40.381639+00
eb500a13-29d7-45cd-94d8-52ac3a109406,5954093140,",Cardiology,",West,2025-03-31 06:47:40.389833+00
eb514265-02a8-4998-a76c-80eaa643b522,8571211387,",Internal Medicine,",Northwest,2025-03-31 06:47:40.381566+00
eb608179-3d06-460d-9785-92a1e77f9f8e,7480638276,",General Surgery,",Midwest,2025-03-31 06:47:40.388068+00
eb6b719b-59ed-4c1a-a06d-92038b98bdbd,1328556143,",Internal Medicine,",Northwest,2025-03-31 06:47:40.380057+00
eb746b05-1332-409f-b4eb-e32807564852,4598430797,",Psychiatry,",Northwest,2025-03-31 06:47:40.385097+00
eb83e466-6f10-4d8e-b974-7da1441f27d5,4955363943,",Pulmonology,",Northeast,2025-03-31 06:47:40.401609+00
eb85fb35-b58b-4ade-8a3a-c9e7e4b8df43,4144859060,",Neurology,",Midwest,2025-03-31 06:47:40.397879+00
eb8aabf4-eff2-4f69-a7f7-767426da2b3f,8569440102,",Cardiology,",Midwest,2025-03-31 06:47:40.403903+00
eb92338c-059a-40a6-9ff7-f5a1b668da59,6612701536,",Neurology,",Northeast,2025-03-31 06:47:40.398303+00
eb995472-98e7-4308-a42f-f0d4aeb9f020,3552685734,",Internal Medicine,",Northeast,2025-03-31 06:47:40.380373+00
eba4259b-bc6d-4b11-8b98-3b89c1265e10,5419208372,",Cardiology,",Northeast,2025-03-31 06:47:40.390445+00
eba6ab11-110c-428a-9942-0909d1d97b45,9592836957,",Anesthesiology,",Midwest,2025-03-31 06:47:40.396552+00
ebb05d90-79cf-4a72-8f97-a51e5ab5c758,3433840829,",Dermatology,",West,2025-03-31 06:47:40.403989+00
ebb2c292-8137-4500-bd59-c4ea13207ac3,3823078593,",Internal Medicine,",South,2025-03-31 06:47:40.3798+00
ebb4e89e-65d4-428a-b6f8-2f3c752b55d0,3341286640,",Psychiatry,",Midwest,2025-03-31 06:47:40.385598+00
ebbd5149-53ad-40fc-b2c0-81e7170fceca,7458161261,",Dermatology,",Northeast,2025-03-31 06:47:40.394137+00
ebbfc32c-fd64-461f-8f11-9091dbae9d81,6519439600,",Dermatology,",West,2025-03-31 06:47:40.392962+00
ebc9b8dc-c762-4477-9d39-b2e6187af68b,2544635215,",Pulmonology,",Northwest,2025-03-31 06:47:40.40162+00
ebdc21a2-eb7d-4e2d-b6c7-16d8b54d29e9,9557522088,",Orthopedic Surgery,",Northeast,2025-03-31 06:47:40.391166+00
ebdecdd5-6536-45eb-a960-ad43da3e85ea,1725036551,",Internal Medicine,",West,2025-03-31 06:47:40.377778+00
ebdef408-c297-469f-a81a-493f39ce0416,5993255621,",Neurology,",Northeast,2025-03-31 06:47:40.398407+00
ebdf730e-c396-4a2b-9e2a-dd29effecc2b,6828616358,",General Surgery,",South,2025-03-31 06:47:40.386606+00
ebdf9929-e56f-42f6-b96e-e967346f2ecf,9276737237,",Orthopedic Surgery,",Northwest,2025-03-31 06:47:40.391865+00
ebe878cc-a665-4bcb-940b-be5a12c7912a,1974019768,",Obstetrics & Gynecology,",Midwest,2025-03-31 06:47:40.381914+00
ebeac543-f571-4948-81f9-07a49f74480c,9817304946,",Radiology,",South,2025-03-31 06:47:40.394559+00
ec027adf-7632-4034-ac8b-2b213900381a,2036861528,",Radiology,",Northwest,2025-03-31 06:47:40.395397+00
ec0c8d1e-25d1-4931-9322-29cb3a317d35,7271180970,",Oncology,",West,2025-03-31 06:47:40.403024+00
ec0f12ba-3375-4d63-a24e-b7745772d958,1884896159,",Oncology,",South,2025-03-31 06:47:40.40275+00
ec128c82-c074-485b-aa17-feb055420f9a,9591922042,",Gastroenterology,",Northeast,2025-03-31 06:47:40.399279+00
ec173969-a8c6-4d14-b70d-e975dd38436f,1882636602,",Psychiatry,",Northeast,2025-03-31 06:47:40.384433+00
ec184a5d-17db-4bd7-a15d-b020c21a2a36,1670871680,",Anesthesiology,",South,2025-03-31 06:47:40.396294+00
ec2456b8-cae9-4d53-b408-62188f58bac1,9148808223,",Internal Medicine,",West,2025-03-31 06:47:40.403799+00
ec2f53c0-e276-40b8-a51a-dd3d6e00601c,8970822691,",General Surgery,",Northwest,2025-03-31 06:47:40.387094+00
ec323caa-205c-4553-bf26-bd5426100cfc,8160703303,",Internal Medicine,",Northeast,2025-03-31 06:47:40.377089+00
ec3426f4-a17d-4269-a9f9-98f7f7e66b8c,4029408385,",Psychiatry,",West,2025-03-31 06:47:40.385553+00
ec50a861-b4f1-4902-85d0-5909fe45f8e6,4962122987,",Internal Medicine,",Northwest,2025-03-31 06:47:40.377317+00
ec5a52a9-85b5-4ee7-bc4e-3a9402e6dafa,7445676932,",Cardiology,",South,2025-03-31 06:47:40.390405+00
ec5b30f9-5576-4b34-9906-846ab77c37d3,8253688093,",Gastroenterology,",Northwest,2025-03-31 06:47:40.400001+00
ec6c7725-97c7-45ee-840a-becb38abfc0b,6213356588,",Internal Medicine,",West,2025-03-31 06:47:40.376859+00
ec6f3c36-d897-4226-bfdd-d6da1ccec145,5240279435,",Gastroenterology,",Northwest,2025-03-31 06:47:40.39955+00
ec720a7d-5ac4-4981-a649-d1fbc7e89911,8777140294,",Gastroenterology,",Midwest,2025-03-31 06:47:40.400209+00
ec7722b7-e72d-4e97-bb25-782777a273e5,2097874931,",Psychiatry,",West,2025-03-31 06:47:40.386001+00
ec788725-7b72-415a-84f4-6501707b66b7,6362096925,",Obstetrics & Gynecology,",West,2025-03-31 06:47:40.382456+00
ec811930-30cc-4706-a5ee-565e1f766269,8561431302,",Cardiology,",West,2025-03-31 06:47:40.390299+00
ec836fac-4aca-4e13-a09e-ab9805509daa,7845603959,",Psychiatry,",Northwest,2025-03-31 06:47:40.403824+00
ec8c3aad-428f-4cb0-9dcb-840f4741ba3d,7546240535,",General Surgery,",South,2025-03-31 06:47:40.386932+00
ec993d9c-ff1c-4a31-95d8-43d08dc91474,7305431903,",Internal Medicine,",Northeast,2025-03-31 06:47:40.378208+00
ec9998a1-bbc6-46a8-9d59-32cc49f07c25,4996244047,",Cardiology,",South,2025-03-31 06:47:40.389074+00
eca52d13-3ec7-44a5-b801-47e502d36a11,2070168808,",Psychiatry,",Northeast,2025-03-31 06:47:40.384949+00
ecaf4c93-5337-4dbf-b7bb-90907bc12753,9245756514,",Internal Medicine,",Northwest,2025-03-31 06:47:40.379532+00
ecc24d85-843f-4ed2-875c-e933b254dc48,1322640877,",Cardiology,",West,2025-03-31 06:47:40.390482+00
ecc3f4b4-f4cf-446e-8197-062d6f1f9bb1,2106130262,",General Surgery,",West,2025-03-31 06:47:40.40414+00
ecc73436-b578-4cca-a6ec-cbbe4dab2aae,1293387241,",Internal Medicine,",Northwest,2025-03-31 06:47:40.37681+00
eccbd655-6ee2-497b-8395-3dbe8e916704,6394597135,",Dermatology,",West,2025-03-31 06:47:40.39265+00
ecd0afe9-813e-433e-81cd-a89f71c113d6,2573624375,",Internal Medicine,",Midwest,2025-03-31 06:47:40.379776+00
ecd1cd6c-74ac-496e-8fdb-86ff15f3f55d,7935816535,",Internal Medicine,",Northeast,2025-03-31 06:47:40.37837+00
ecd342aa-e662-4c5b-b443-5b4311b9d50f,7983768466,",Internal Medicine,",West,2025-03-31 06:47:40.380438+00
ecd9dce5-6b4f-470a-9e4b-e35f6a66159b,3197233609,",Urology,",South,2025-03-31 06:47:40.400512+00
ecdb3fb1-b40b-4330-bb4a-3406536fe76a,4055540724,",Neurology,",West,2025-03-31 06:47:40.398662+00
ecdec279-b315-49ce-863e-ad802a79e35d,6306659694,",Neurology,",West,2025-03-31 06:47:40.39869+00
ece40c07-ae1e-4d85-bc71-0b6a1e6c3d77,8368142728,",Nephrology,",Northwest,2025-03-31 06:47:40.402419+00
ece7e223-d39b-44f0-b3f0-ec266964d366,9032081845,",Neurology,",South,2025-03-31 06:47:40.398865+00
ecedfc15-b153-4041-8ce2-e3443fb7fd68,4132254319,",Orthopedic Surgery,",Midwest,2025-03-31 06:47:40.390787+00
ecf27518-bde3-4d99-81cb-23b0c67c2c2f,5716066308,",Pulmonology,",Northwest,2025-03-31 06:47:40.401931+00
ed00ec48-99bf-44eb-8ac1-2e129bc944fe,4773107140,",Obstetrics & Gynecology,",Northwest,2025-03-31 06:47:40.382299+00
ed01c301-89b0-4951-bda2-bef5ec114a3f,3951594483,",Neurology,",Northwest,2025-03-31 06:47:40.397903+00
ed0787c6-2900-42d2-95e5-09857495684b,3637364459,",Dermatology,",South,2025-03-31 06:47:40.393794+00
ed153db6-fc10-4151-a7c9-32a2e21ef502,2423409086,",Dermatology,",West,2025-03-31 06:47:40.392832+00
ed1c5ff3-b354-4f1d-86e7-36caaad23003,8515408090,",Orthopedic Surgery,",West,2025-03-31 06:47:40.403912+00
ed2bbb02-394c-42d0-975b-3d266393b448,3037193149,",Oncology,",Northwest,2025-03-31 06:47:40.403558+00
ed2e80f7-4c49-4750-8eb9-35a4fa612df3,9563729092,",Dermatology,",Northeast,2025-03-31 06:47:40.392725+00
ed2f0bb0-e156-4c8c-9fbf-2755733417eb,3116994991,",Neurology,",Midwest,2025-03-31 06:47:40.397847+00
ed2f0cce-43d1-4390-877b-b474c5b2d6c7,3918166452,",Psychiatry,",Northwest,2025-03-31 06:47:40.385154+00
ed3c0b4f-751c-4284-b469-ae9a63cd6e77,8575091839,",Internal Medicine,",Northwest,2025-03-31 06:47:40.380926+00
ed43a4a7-d6fb-4d7d-8719-bac2c29cd1c9,6205033783,",Cardiology,",Northwest,2025-03-31 06:47:40.389975+00
ed445cba-e557-4efb-a367-832e77ffaf10,6845930984,",Obstetrics & Gynecology,",South,2025-03-31 06:47:40.382669+00
ed459548-c344-4211-9322-91ab03aeb964,9153460933,",General Surgery,",South,2025-03-31 06:47:40.388135+00
ed5443e8-4b31-4bdc-a8aa-4b46a4e5e59f,5649517497,",General Surgery,",South,2025-03-31 06:47:40.386738+00
ed575809-3749-4175-886d-2c0bdfbf6cc9,5227243184,",Cardiology,",West,2025-03-31 06:47:40.389498+00
ed589fb3-9072-4fa4-8d16-795c3ffd0b34,6368651875,",Internal Medicine,",Midwest,2025-03-31 06:47:40.376733+00
ed5c2ad4-8b4e-485d-a64d-79e55597f887,9774546774,",Radiology,",Northeast,2025-03-31 06:47:40.395183+00
ed66dfaf-1a27-4f16-9d07-ad1713d4f75c,4200234692,",Psychiatry,",Midwest,2025-03-31 06:47:40.385885+00
ed6a28a1-f055-4dcd-b16f-e6c491397c3d,7035630243,",General Surgery,",Midwest,2025-03-31 06:47:40.386444+00
ed6e1cb5-702a-4831-b3bd-6c23f50e06f0,6824305952,",Orthopedic Surgery,",Northwest,2025-03-31 06:47:40.390873+00
ed745216-3ab0-462e-9abb-235757a783fd,6609495751,",Internal Medicine,",West,2025-03-31 06:47:40.379003+00
ed85bdff-04bb-4710-9f13-9e3fd7ed9493,6862148406,",Radiology,",West,2025-03-31 06:47:40.394356+00
ed8cbd40-e465-4b06-be7c-032b1a03a499,5564410662,",Dermatology,",Northeast,2025-03-31 06:47:40.393047+00
ed9f43a5-887e-45a5-ba77-230087b52f92,8800399644,",Obstetrics & Gynecology,",South,2025-03-31 06:47:40.38289+00
ed9fda12-4680-4be3-bc98-7e331c17e1e5,5385124092,",Internal Medicine,",Midwest,2025-03-31 06:47:40.378648+00
edac9549-7934-424f-bafb-205d26fdf98b,6557196017,",Urology,",Midwest,2025-03-31 06:47:40.400871+00
edb23980-352f-4590-9e4e-cfac3f569935,8025057496,",Dermatology,",Northwest,2025-03-31 06:47:40.394109+00
edb454de-938c-49f9-b525-3d8fa65dd2f8,5338657949,",Orthopedic Surgery,",West,2025-03-31 06:47:40.392575+00
edb554ea-c182-4d51-9304-cb691189f3c3,4978880348,",Anesthesiology,",Northwest,2025-03-31 06:47:40.396818+00
edb566ba-56f4-4055-a613-be454140a22b,8471699899,",Orthopedic Surgery,",Midwest,2025-03-31 06:47:40.392393+00
edc1e171-fe19-43ce-b7d5-6fa620d19626,1176180824,",Gastroenterology,",South,2025-03-31 06:47:40.399374+00
edc7949a-ece5-4efd-955c-05ea40a67db5,6560088577,",Obstetrics & Gynecology,",Midwest,2025-03-31 06:47:40.404785+00
edcd4560-9f63-4a6c-82d7-fed5adfe4ff6,1973735965,",Cardiology,",Northeast,2025-03-31 06:47:40.390302+00
edd7a043-a121-4470-a948-a44b97551387,1883858284,",Neurology,",Midwest,2025-03-31 06:47:40.398938+00
eddec12c-afe9-4ed3-944b-1390d0efa91a,9234982626,",General Surgery,",Northeast,2025-03-31 06:47:40.386353+00
ee136128-33a4-4918-a710-0a4b94feaf77,8485602098,",Pulmonology,",Northeast,2025-03-31 06:47:40.401847+00
ee1cd829-0460-44ad-b506-3ce4a28e11eb,1452859128,",General Surgery,",West,2025-03-31 06:47:40.38735+00
ee1dc2ed-fd66-4a6a-b03a-89cd2263944e,4869677564,",Psychiatry,",Midwest,2025-03-31 06:47:40.384441+00
ee2ba514-9578-4494-b18d-f882112132f8,3789591102,",Orthopedic Surgery,",Northwest,2025-03-31 06:47:40.390824+00
ee2f93f6-2e22-48fd-835c-3979f8924603,7075839994,",Internal Medicine,",Midwest,2025-03-31 06:47:40.403125+00
ee31939b-f963-4ce7-b406-89d2064737e1,2980892706,",Internal Medicine,",Northeast,2025-03-31 06:47:40.380513+00
ee36718b-5fdf-465a-b9a8-b72f53ba28c8,9121150311,",Obstetrics & Gynecology,",West,2025-03-31 06:47:40.382361+00
ee37945d-58d4-4661-a8b7-8a88d42aef75,4623181072,",Internal Medicine,",Northwest,2025-03-31 06:47:40.380899+00
ee39f3a9-88a2-4f2a-b0e2-bd561ded92e7,4497780558,",Cardiology,",Midwest,2025-03-31 06:47:40.390431+00
ee45c5fe-3ae0-4eb2-975e-dffc61dad1dd,4465119739,",Pulmonology,",Northwest,2025-03-31 06:47:40.40138+00
ee5bd027-e1ef-48bd-90fb-0ac6b492220a,5930689539,",Orthopedic Surgery,",Northeast,2025-03-31 06:47:40.391204+00
ee768467-66b7-4442-9aed-433d2725153b,2183200246,",Gastroenterology,",West,2025-03-31 06:47:40.399909+00
ee8555e0-1ff8-417b-8840-4c6657b1bc5f,8077451214,",Internal Medicine,",Northeast,2025-03-31 06:47:40.404724+00
ee9022fd-d4a4-41dc-91ff-83b3a7842578,4808687185,",Radiology,",Midwest,2025-03-31 06:47:40.395529+00
ee9b4289-1601-4684-b5cf-0d4cf6928071,4446339675,",Dermatology,",South,2025-03-31 06:47:40.393675+00
eea547e5-2b2c-463f-9ebc-9d224aa86f4a,6875905601,",Internal Medicine,",Northwest,2025-03-31 06:47:40.380282+00
eea6de97-690d-4063-93ec-35110d537173,4068748467,",General Surgery,",Midwest,2025-03-31 06:47:40.386512+00
eea84646-8067-4626-862f-c7e62dc5b8bb,9467586020,",Internal Medicine,",Northwest,2025-03-31 06:47:40.378616+00
eeaaa357-72ab-4769-98b3-4b257cafd2be,8757687733,",Psychiatry,",Midwest,2025-03-31 06:47:40.384559+00
eebc8821-b49d-44ba-958f-134dd8def80d,9538582379,",Pulmonology,",South,2025-03-31 06:47:40.401629+00
eebcf8dc-796a-45a8-bc90-baff61459e30,8853904311,",Obstetrics & Gynecology,",South,2025-03-31 06:47:40.382518+00
eec13d63-59f4-457c-8b0b-15951b58c51d,9792224000,",Neurology,",West,2025-03-31 06:47:40.398447+00
eec47fe4-d28e-4f4e-9840-b675882fc8e7,3787663246,",Internal Medicine,",Midwest,2025-03-31 06:47:40.379523+00
eecd001e-ec8f-4b6f-9022-59dda60c449f,2779507642,",Dermatology,",Northeast,2025-03-31 06:47:40.39419+00
eece0215-3713-44ed-a425-2c26f303be93,4775195212,",Internal Medicine,",West,2025-03-31 06:47:40.377549+00
eed2c1ca-254b-44b0-b207-57ae0773c027,9533842262,",Orthopedic Surgery,",Northeast,2025-03-31 06:47:40.391015+00
eee38469-184e-4bf3-8633-6ccf390021e9,4904505719,",Cardiology,",South,2025-03-31 06:47:40.390074+00
eef00fd8-3196-409c-9943-9341b480840c,8076101312,",Dermatology,",West,2025-03-31 06:47:40.393108+00
eef14d60-afc9-42fc-bba8-92991824f2af,5838230186,",Orthopedic Surgery,",Northwest,2025-03-31 06:47:40.391962+00
eef5ab66-8f65-49b6-b380-06c00673676e,2693949971,",Obstetrics & Gynecology,",Northeast,2025-03-31 06:47:40.382186+00
eef6085d-9fc4-4497-bc8d-cd8d771393f5,5179751288,",General Surgery,",Northwest,2025-03-31 06:47:40.387805+00
ef0c0d09-2056-4c3b-a55b-f5ab663ac871,7452449873,",Internal Medicine,",West,2025-03-31 06:47:40.378324+00
ef11ae7e-008b-4886-ad9f-08595cc54332,5296102207,",Radiology,",South,2025-03-31 06:47:40.404416+00
ef11be32-90fc-4ba6-b9d8-76e8e2bbbe1f,8493920343,",General Surgery,",Northwest,2025-03-31 06:47:40.387117+00
ef1628b6-4567-44ec-9b25-ab1d72baaf34,7279970438,",Radiology,",Northwest,2025-03-31 06:47:40.394712+00
ef186a74-4624-4b06-995c-0034ed6df839,7257393425,",Neurology,",Northwest,2025-03-31 06:47:40.397943+00
ef2df6ba-f34a-4014-ae3f-8cf289ccc571,9543671332,",Obstetrics & Gynecology,",West,2025-03-31 06:47:40.381662+00
ef309acd-56c4-4ca0-bc5d-33ac241a74d1,3096702858,",Orthopedic Surgery,",Midwest,2025-03-31 06:47:40.391889+00
ef38eccd-3836-4142-a9e9-a44da733553b,9297007717,",Obstetrics & Gynecology,",Midwest,2025-03-31 06:47:40.38262+00
ef3b2e68-502f-4b6e-8f87-dffed9ea65e2,5841193066,",Neurology,",Northeast,2025-03-31 06:47:40.398401+00
ef419f22-46e6-4388-ad49-01074b831df6,7418981351,",Gastroenterology,",West,2025-03-31 06:47:40.399334+00
ef469be6-a5e9-4e5a-97ff-7b57d1699dda,5980701214,",Internal Medicine,",South,2025-03-31 06:47:40.380225+00
ef55e051-51b8-4041-8111-2ba802a3be2c,5997975427,",Orthopedic Surgery,",South,2025-03-31 06:47:40.391226+00
ef61f641-cc54-48fb-94d9-829f7c368579,3962612455,",Anesthesiology,",South,2025-03-31 06:47:40.396015+00
ef6cbdd0-f59c-4d32-9c80-b6a876a5e4b8,2728024547,",General Surgery,",Northeast,2025-03-31 06:47:40.387546+00
ef78142c-6cc2-4eec-a799-8bea0cda6a98,1872156767,",Orthopedic Surgery,",Northwest,2025-03-31 06:47:40.392062+00
ef78d6ce-2025-46db-b1fe-9a5b8b9d17d1,8540250413,",Dermatology,",Midwest,2025-03-31 06:47:40.393384+00
ef8f3902-2244-461c-8654-abfcc7521004,3507694884,",Internal Medicine,",Midwest,2025-03-31 06:47:40.379295+00
ef936331-e612-417b-858d-164138776c0d,4445276366,",Radiology,",Northeast,2025-03-31 06:47:40.395748+00
ef9557f0-f1b2-4053-b1e8-a722c7085dc2,2643592995,",Obstetrics & Gynecology,",Midwest,2025-03-31 06:47:40.38225+00
ef976ffc-380b-46d8-a5ab-4f26b2f4e897,9947466819,",Anesthesiology,",Midwest,2025-03-31 06:47:40.396892+00
ef9c6f41-5ef6-4161-b3f6-33c83ad1bec9,1808552978,",Internal Medicine,",Northwest,2025-03-31 06:47:40.380421+00
efa1148e-0adf-41f3-bb5a-c6475fa54497,6025797764,",Oncology,",Northwest,2025-03-31 06:47:40.402548+00
efa43edf-9ed9-4549-9f6a-6e4a5d8ccd88,4855829487,",Psychiatry,",Midwest,2025-03-31 06:47:40.385176+00
efa651c0-9908-4286-9da5-7baa4b936ace,8357187289,",Radiology,",South,2025-03-31 06:47:40.394461+00
efa66e17-5253-4af7-b4f1-15f669a7cd6d,3351535053,",Cardiology,",Northwest,2025-03-31 06:47:40.389604+00
efa8e5a0-c467-4244-b498-653ab52f77e6,5965217742,",Dermatology,",Northeast,2025-03-31 06:47:40.392838+00
efa99e99-07a9-470b-b750-1589b9f5ef6d,3035622065,",Neurology,",Northeast,2025-03-31 06:47:40.398941+00
efb14140-193f-4465-bf54-57e0988561e6,6020056080,",Radiology,",Northwest,2025-03-31 06:47:40.403104+00
efb611a8-d817-459b-805e-3840eae20f84,3543219889,",Dermatology,",Northeast,2025-03-31 06:47:40.392601+00
efb7e0bc-2e91-4dab-ab7b-f48878bca662,1770405084,",Neurology,",South,2025-03-31 06:47:40.398464+00
efc05eeb-6699-4932-adb9-104ec1295cf2,9930718188,",Psychiatry,",West,2025-03-31 06:47:40.385015+00
efc2ecd1-f5ab-4865-b6aa-8ef229ab1f03,4939487483,",Internal Medicine,",Northwest,2025-03-31 06:47:40.379791+00
efc43ce4-1c46-4dfa-997e-1f15edc58e2f,1071624258,",Internal Medicine,",South,2025-03-31 06:47:40.376112+00
efd36cd9-673d-4f91-9ced-c01ca8c340a3,7714613598,",Cardiology,",Northwest,2025-03-31 06:47:40.390071+00
efd64af8-34fe-42a3-ae41-68c732836301,7560575048,",Orthopedic Surgery,",Northeast,2025-03-31 06:47:40.392289+00
efd9e469-7053-4f32-9865-6524f857ca44,8125814170,",Anesthesiology,",Northwest,2025-03-31 06:47:40.396158+00
efe0b709-60c7-4cf4-9a68-9313e612bd41,6765870786,",Neurology,",Northwest,2025-03-31 06:47:40.398461+00
efe1b6d0-22db-4cd7-94e3-f84a3a78aa7f,4249565702,",Internal Medicine,",Northwest,2025-03-31 06:47:40.404657+00
efe2c295-fe03-4d12-bb82-5855460ffb63,2604797963,",Internal Medicine,",Northeast,2025-03-31 06:47:40.403699+00
efe63cb8-b4aa-441a-aecb-acd501279f77,9281160663,",Radiology,",Northeast,2025-03-31 06:47:40.394384+00
efea6e8a-ff90-49a5-8316-1d16c957d8d8,2338896340,",Dermatology,",Northeast,2025-03-31 06:47:40.393544+00
efeb7054-fbf9-44a8-bf6f-238218e7ec94,1305765699,",Internal Medicine,",Midwest,2025-03-31 06:47:40.403367+00
eff28ac6-a6af-47e1-9933-2f13b6706165,3801661893,",Dermatology,",Northeast,2025-03-31 06:47:40.392624+00
eff4f5d8-df69-454e-8ac4-f1c1d1d5427e,3453948319,",Internal Medicine,",Midwest,2025-03-31 06:47:40.377522+00
f0037e40-ce8f-4c0a-81f4-fa34a5945432,9311577899,",Gastroenterology,",Northwest,2025-03-31 06:47:40.39962+00
f012c5d3-86f6-48b8-a698-06ff5571bdd3,6500927840,",Cardiology,",Midwest,2025-03-31 06:47:40.388776+00
f013c59c-e904-471d-9f01-2f4691966137,9459046633,",Internal Medicine,",Midwest,2025-03-31 06:47:40.379455+00
f01417a2-ff68-4f39-8d14-8c3e4d87dfb5,3712971022,",Cardiology,",Midwest,2025-03-31 06:47:40.388797+00
f02405de-ae98-41c7-b2dd-e8fdb24e077f,3333025865,",Urology,",Midwest,2025-03-31 06:47:40.401033+00
f026a6f7-9152-45c6-bafc-954984fd03f8,3400614333,",Internal Medicine,",West,2025-03-31 06:47:40.381455+00
f02a05a0-c21a-4bd4-b16d-08fe0b23d985,9689078038,",Radiology,",West,2025-03-31 06:47:40.394823+00
f02acc6f-a64c-4472-898a-cc16135f8156,9031861084,",Dermatology,",Northeast,2025-03-31 06:47:40.392947+00
f0344aa1-8418-467d-b323-4d005c90ebe5,6142044865,",Cardiology,",Northwest,2025-03-31 06:47:40.388921+00
f035a5f9-c1a0-478c-a44e-760efe5d8047,1982992720,",Cardiology,",West,2025-03-31 06:47:40.389301+00
f0479f52-e468-43ba-9217-7ae37b87de52,9461516038,",Urology,",Northwest,2025-03-31 06:47:40.40082+00
f04c0b86-a1fb-4f07-923a-4c2b447b038f,4545894483,",Dermatology,",West,2025-03-31 06:47:40.393521+00
f055f77f-69e5-4386-9b41-ce1013bd68ce,5162128273,",Dermatology,",South,2025-03-31 06:47:40.393102+00
f05e96fa-65de-4862-9791-4083cfba5736,7687686163,",Orthopedic Surgery,",Northwest,2025-03-31 06:47:40.392378+00
f062c603-2d4d-4a5f-931e-55eeecc2471d,4989443956,",Cardiology,",West,2025-03-31 06:47:40.389639+00
f06c6866-2502-435e-85d7-82dec3b3364c,8618329171,",Cardiology,",Northeast,2025-03-31 06:47:40.38839+00
f0750bfc-abf8-4ef8-b39a-da4d73145ef1,1259984774,",General Surgery,",West,2025-03-31 06:47:40.387451+00
f07fc436-858e-4db5-82ec-685e316c23dd,1638744105,",Dermatology,",Northwest,2025-03-31 06:47:40.39297+00
f0823e4c-0833-4b39-bf3a-182a11503079,1527952946,",Psychiatry,",Midwest,2025-03-31 06:47:40.385078+00
f08e0130-c248-4099-bc0a-6b6f3850436b,4209478797,",Dermatology,",Midwest,2025-03-31 06:47:40.393283+00
f0a34cec-8b5b-4d3c-9f4e-f26e508d50d4,3465264785,",Cardiology,",South,2025-03-31 06:47:40.390222+00
f0a63c86-e6fa-43ad-b212-cd5d8e7270c6,4879712290,",Obstetrics & Gynecology,",Midwest,2025-03-31 06:47:40.382958+00
f0bec0e2-d1b5-4484-83f7-42a755e54cac,6947002228,",Dermatology,",Midwest,2025-03-31 06:47:40.393012+00
f0cd5894-4145-433d-9f03-85e4905e448a,6967593734,",Psychiatry,",South,2025-03-31 06:47:40.384661+00
f0da6f07-5f2f-4f76-8f9b-cc1a897fd4d2,7525761668,",Internal Medicine,",West,2025-03-31 06:47:40.381279+00
f0da8907-0d26-45e1-af18-bae11468254d,4688273993,",Anesthesiology,",Northwest,2025-03-31 06:47:40.403731+00
f0e604c7-e554-4fc5-a38d-99748e27043c,1967625105,",Nephrology,",South,2025-03-31 06:47:40.404361+00
f0ff9335-afeb-4f5d-9930-e7a375d9d2a4,6567139024,",Cardiology,",Northeast,2025-03-31 06:47:40.388623+00
f10e1614-6e20-45e8-9078-2c01a321c05f,2950759402,",Psychiatry,",Northeast,2025-03-31 06:47:40.385274+00
f1140fc4-2adc-409d-a08d-1e0078d3e164,5454423190,",Internal Medicine,",West,2025-03-31 06:47:40.3795+00
f1185af6-3405-40c1-8f0e-9f3d7cf19694,5802869358,",General Surgery,",Midwest,2025-03-31 06:47:40.386222+00
f11f47f8-c3c5-44e0-91c8-aab9ae918957,1518084694,",Radiology,",Northwest,2025-03-31 06:47:40.395904+00
f120461d-38ad-49d3-a05a-cd1ff545f73e,8142082313,",Obstetrics & Gynecology,",South,2025-03-31 06:47:40.383469+00
f120e2e4-97aa-4b40-9512-38346a8fb48f,5773681586,",Obstetrics & Gynecology,",Northwest,2025-03-31 06:47:40.382378+00
f12e4abd-0e68-4580-a583-7edccdabc76b,7262399981,",Radiology,",Midwest,2025-03-31 06:47:40.395803+00
f1405ee2-8696-4bb8-acfd-a5214ce2aa7b,1635782897,",Gastroenterology,",South,2025-03-31 06:47:40.399147+00
f144ff26-c537-4448-a391-28f03712faa3,7358576662,",Internal Medicine,",Northwest,2025-03-31 06:47:40.378444+00
f1453e4e-7067-4e87-8f56-4b5c10797172,8613279578,",Radiology,",South,2025-03-31 06:47:40.394246+00
f150315f-4c76-4fcd-b57b-c748e53b4629,6404624619,",Nephrology,",South,2025-03-31 06:47:40.402189+00
f1515cff-27d4-431f-9931-ce74c8fe5a32,6720390760,",Internal Medicine,",Northwest,2025-03-31 06:47:40.379928+00
f165b78e-d835-4c68-8e6b-91cc4840a511,1498257206,",Cardiology,",South,2025-03-31 06:47:40.390402+00
f171f488-e457-4ecd-b516-26727f6feca6,7079130453,",Cardiology,",Midwest,2025-03-31 06:47:40.389598+00
f1758952-9343-40a1-b1c7-5679ab1d7979,1921507208,",Internal Medicine,",Midwest,2025-03-31 06:47:40.378155+00
f17cc5f0-43de-4401-a609-d2401d15c9c6,2660961338,",Internal Medicine,",Northwest,2025-03-31 06:47:40.380293+00
f17eb830-90d8-4307-984e-83f83be54cee,3677116516,",Neurology,",Northwest,2025-03-31 06:47:40.397807+00
f180353a-641b-46ba-bf5d-728c3e2f54ec,4573464242,",Neurology,",Midwest,2025-03-31 06:47:40.398623+00
f18ae166-aeb0-4e1b-8427-d92b7d667138,1553904390,",Pulmonology,",Midwest,2025-03-31 06:47:40.401911+00
f199342c-a6d2-4322-9708-5a393112d9b3,2282343274,",Orthopedic Surgery,",South,2025-03-31 06:47:40.390966+00
f19b082d-8cd7-4600-b33d-552be600def7,2343096329,",Anesthesiology,",Northwest,2025-03-31 06:47:40.397651+00
f1abcc5c-b365-44cf-b7c1-a1b03db235b5,2499199770,",Dermatology,",West,2025-03-31 06:47:40.393664+00
f1aece3a-9f65-4f7a-9c48-88ea9705370c,7595045611,",Cardiology,",Northwest,2025-03-31 06:47:40.390564+00
f1b31abf-a563-4baf-8ad2-c436c6932e3d,2828352647,",Internal Medicine,",South,2025-03-31 06:47:40.378801+00
f1b380b5-69b7-4acd-9268-fd9549e5caa3,1169618086,",Psychiatry,",Northeast,2025-03-31 06:47:40.385485+00
f1b8ff45-85e3-4c88-9cde-a268ed40a6e9,5546903677,",Dermatology,",Northeast,2025-03-31 06:47:40.392895+00
f1b93054-1cf3-4e39-b521-81f1108b6389,7328511406,",Obstetrics & Gynecology,",South,2025-03-31 06:47:40.381809+00
f1be66a4-cbea-41bf-b536-0d107ca17f53,3293444559,",Orthopedic Surgery,",Midwest,2025-03-31 06:47:40.392244+00
f1cbb1b3-fa89-445e-9eb7-fa9a084b048f,2979500120,",Psychiatry,",West,2025-03-31 06:47:40.386027+00
f1cbcb9a-13c3-418e-9d22-737285eb3531,7971501610,",Psychiatry,",West,2025-03-31 06:47:40.384627+00
f1d5fe7f-0e35-414a-b0e8-7cb7352eacb4,1731842888,",General Surgery,",Northeast,2025-03-31 06:47:40.387849+00
f1d6646a-a547-4634-ac22-8d9bed929021,7266703729,",Anesthesiology,",Northeast,2025-03-31 06:47:40.396484+00
f1db8c15-7859-4a67-bca5-234f76d08e7b,8917312954,",Neurology,",West,2025-03-31 06:47:40.397884+00
f1e6c597-486e-4995-8990-29ff8d6554aa,4644682286,",Oncology,",West,2025-03-31 06:47:40.40258+00
f1e826ef-77a1-4685-acd2-088c3b3f88f5,1101655275,",Psychiatry,",Midwest,2025-03-31 06:47:40.384644+00
f1ea85c8-e630-4bbb-9bbf-704ef236b7e7,2307515497,",Dermatology,",Northwest,2025-03-31 06:47:40.393439+00
f1eb19a6-4980-4ebf-b383-3b5cfee3abc7,1147209338,",Internal Medicine,",West,2025-03-31 06:47:40.378021+00
f1f021a1-6cda-41ca-8e11-acfb3816caed,7613529728,",Internal Medicine,",West,2025-03-31 06:47:40.379939+00
f1f824e6-f075-471f-849b-1714e25b0b23,8864273619,",Orthopedic Surgery,",Northeast,2025-03-31 06:47:40.391348+00
f1f92c5f-3179-48e5-b929-ca0cda12ffde,8311025135,",Dermatology,",West,2025-03-31 06:47:40.39311+00
f1fc40dd-e241-454b-866d-af70eb9ee64e,5319946029,",Orthopedic Surgery,",West,2025-03-31 06:47:40.391923+00
f20fadcc-682a-4f36-b98f-142abff07878,4309628080,",Dermatology,",South,2025-03-31 06:47:40.392615+00
f211e411-a733-4c59-a052-00e7162031bc,4525297872,",Psychiatry,",Northeast,2025-03-31 06:47:40.385179+00
f2286b66-90d8-416c-aeec-64508ce9057a,2987951705,",Dermatology,",Northeast,2025-03-31 06:47:40.392917+00
f231fccb-1805-4daf-bdf8-7232e5bdb711,7164111454,",Internal Medicine,",South,2025-03-31 06:47:40.380938+00
f2330948-2124-47f7-a3b7-2c721410c749,5351920092,",Nephrology,",West,2025-03-31 06:47:40.402218+00
f2363cb4-8c3e-452e-8970-5a65f31cd93b,1514080521,",Psychiatry,",Northeast,2025-03-31 06:47:40.384709+00
f244d06d-c76d-48d6-8176-db90288c206a,8013738470,",Obstetrics & Gynecology,",West,2025-03-31 06:47:40.38227+00
f2480d12-7d78-4acb-af1b-e6c530c2cbe4,7636147995,",Pulmonology,",Northwest,2025-03-31 06:47:40.401867+00
f24e01ea-8d25-4422-a8d4-eb94c527d929,6307762804,",Dermatology,",Northwest,2025-03-31 06:47:40.393041+00
f25bd68c-d453-42ae-9ef2-9c185d15bb87,7765284868,",Gastroenterology,",Midwest,2025-03-31 06:47:40.399739+00
f25c0e82-158a-4fe5-a176-25bf53757b7f,6325655734,",Dermatology,",Northeast,2025-03-31 06:47:40.393029+00
f25f8c7e-9987-4f7f-b92d-77dc6635edb2,6024574951,",General Surgery,",Midwest,2025-03-31 06:47:40.386761+00
f26189b1-7439-44d5-b4f5-71d2cf4bb10d,9381502654,",Pulmonology,",Northwest,2025-03-31 06:47:40.401873+00
f26bcc5c-d2dc-4eaf-ba3a-13c0f143b989,2727507608,",Obstetrics & Gynecology,",Northeast,2025-03-31 06:47:40.382007+00
f26ebfcb-1a64-4dbb-9d58-ea909c02a05a,5263832312,",Internal Medicine,",Northwest,2025-03-31 06:47:40.380902+00
f26f2a1a-b19f-4828-a919-fb195b92a4c5,6009589397,",Internal Medicine,",Northeast,2025-03-31 06:47:40.380649+00
f27bc2ee-da62-4cb8-9338-057725db4386,6678404185,",Internal Medicine,",South,2025-03-31 06:47:40.403772+00
f27d9d55-9d49-422f-a0f4-daace79dc6b9,3394914930,",Orthopedic Surgery,",Northwest,2025-03-31 06:47:40.39223+00
f2907a65-1cc0-4370-9fd3-36961ed16567,9454174388,",Urology,",Midwest,2025-03-31 06:47:40.400741+00
f290f3c9-1dd3-447e-8e26-95c1654b9d32,2291305927,",Obstetrics & Gynecology,",Northeast,2025-03-31 06:47:40.383595+00
f2924f67-7db6-4d51-a12a-33a60319eea3,8959262283,",Anesthesiology,",West,2025-03-31 06:47:40.396116+00
f29340ce-37ca-40b2-b411-db4f5454273e,8215220203,",Gastroenterology,",Northeast,2025-03-31 06:47:40.399411+00
f297bba6-e3f2-4021-a535-7acef544a399,7777292406,",Orthopedic Surgery,",South,2025-03-31 06:47:40.39227+00
f2a0d117-dcf9-409f-bb09-ee81b70d78fc,4852989707,",Obstetrics & Gynecology,",South,2025-03-31 06:47:40.381736+00
f2aa56a7-ab51-45fe-b486-f751de79f393,3710116952,",Cardiology,",Northwest,2025-03-31 06:47:40.389056+00
f2ac9196-d60e-4b39-8405-228aa03a7e0a,4348233971,",Dermatology,",Midwest,2025-03-31 06:47:40.393425+00
f2b6cc59-dd8c-4c11-9175-7f78c446e5ee,7287984710,",Gastroenterology,",Northwest,2025-03-31 06:47:40.399705+00
f2c9d37a-62ac-4fb2-873f-e6b9963b3e19,7682917607,",Obstetrics & Gynecology,",Northeast,2025-03-31 06:47:40.382814+00
f2d3b981-5970-4f0b-8cc2-5a0b94c22224,1776849312,",Radiology,",Midwest,2025-03-31 06:47:40.394987+00
f2d52277-4ce9-4e51-be2d-d0df2d0aa451,1502816720,",Anesthesiology,",West,2025-03-31 06:47:40.397723+00
f2d7acb2-0de5-4955-8366-bc6810a5580a,7115598587,",General Surgery,",West,2025-03-31 06:47:40.386995+00
f2d93955-1ce2-4b28-b017-5ccf500569bd,5303238732,",Anesthesiology,",Northeast,2025-03-31 06:47:40.397636+00
f2d9a52c-9e8c-4059-ac83-16c32377ab46,3384755175,",Radiology,",Northeast,2025-03-31 06:47:40.394362+00
f2dd919a-6062-48b3-baf1-17558ac0567d,5021369227,",Cardiology,",Midwest,2025-03-31 06:47:40.389978+00
f2e13cea-0a89-49b2-81ea-53aee92362e3,5589978067,",Neurology,",Northwest,2025-03-31 06:47:40.398079+00
f2f75ecd-399a-401e-8140-ca2c22ec5113,8867100560,",Psychiatry,",South,2025-03-31 06:47:40.403658+00
f300fd30-05bd-4d99-ab4f-0d8d52530c85,9215678197,",General Surgery,",Northwest,2025-03-31 06:47:40.386287+00
f303b091-8ee8-4ccd-b827-7940882f76ff,4624040396,",Pulmonology,",South,2025-03-31 06:47:40.401357+00
f30f582c-dc5e-4797-8a69-9336a176a384,7828427690,",Internal Medicine,",Midwest,2025-03-31 06:47:40.376507+00
f312a90a-3e04-4f50-a0fc-793986f6dc31,6256172838,",Obstetrics & Gynecology,",Northwest,2025-03-31 06:47:40.383104+00
f31b5d85-df45-45e5-9edc-ceb2ede5ca8f,1714371711,",Oncology,",West,2025-03-31 06:47:40.402726+00
f31b8238-3efd-4564-80e0-32b490707a80,5116012909,",Gastroenterology,",South,2025-03-31 06:47:40.40474+00
f31ff6fc-11a6-4c12-8290-da41b47d998a,6554607834,",Radiology,",South,2025-03-31 06:47:40.394396+00
f325d1c8-a742-4ab1-a3ea-c54673117e6f,4422047639,",Cardiology,",West,2025-03-31 06:47:40.389928+00
f3295cb9-3f07-45df-b94c-1c2f91507758,4928298684,",Obstetrics & Gynecology,",South,2025-03-31 06:47:40.383598+00
f32e7a73-8089-49d3-b16a-fc7166498962,3645892322,",Cardiology,",Northeast,2025-03-31 06:47:40.390183+00
f33166c2-08f7-4fcc-8481-f2f57b0402e0,5782925164,",Dermatology,",Midwest,2025-03-31 06:47:40.393797+00
f339c404-1f36-4224-a433-8c1943254b6f,6203901204,",Anesthesiology,",West,2025-03-31 06:47:40.39755+00
f34888bb-73e0-434d-828e-191de91999fb,8865799440,",Radiology,",Northwest,2025-03-31 06:47:40.394463+00
f354021c-0f1d-4f07-b7bb-7cd583de4738,3619328497,",Obstetrics & Gynecology,",Northwest,2025-03-31 06:47:40.382913+00
f35cf69d-ae2f-42c9-89ef-17b27262537b,3432491351,",Cardiology,",Northwest,2025-03-31 06:47:40.389628+00
f360716c-29cb-4eba-b0f4-26d21418dfd3,9055097640,",Obstetrics & Gynecology,",Northeast,2025-03-31 06:47:40.382333+00
f364df4e-257b-45b5-9f17-002c32529f4d,3065705405,",Psychiatry,",South,2025-03-31 06:47:40.385813+00
f3665c19-fc73-43f0-bb29-a8ec3b1dbf23,7140273014,",Psychiatry,",Midwest,2025-03-31 06:47:40.385589+00
f36b0b8f-e955-4020-b250-3501f2c8d6c0,7954019349,",Urology,",Northeast,2025-03-31 06:47:40.400603+00
f36ec57c-a0f6-4a42-a240-9a3ca59f5ffe,7600916807,",Internal Medicine,",Midwest,2025-03-31 06:47:40.380046+00
f36fde86-5642-4a0d-8fed-7413bb6bb020,2621378232,",Internal Medicine,",West,2025-03-31 06:47:40.378152+00
f374b217-a1a8-42c0-aab5-e2dc6519fdfe,8958564999,",Gastroenterology,",Northeast,2025-03-31 06:47:40.399708+00
f37d224c-9fcf-48a7-8a15-b6527daf01fa,5864990574,",Gastroenterology,",Northeast,2025-03-31 06:47:40.400018+00
f3809d52-5a02-491e-a62b-e94c85ae5df0,3207925631,",Obstetrics & Gynecology,",Northwest,2025-03-31 06:47:40.382501+00
f38f7961-9dee-4b63-906e-f5630b64b55f,2383529893,",Gastroenterology,",Northwest,2025-03-31 06:47:40.399119+00
f397e00f-55d3-4105-8b78-33f68f7097d5,6609056766,",Anesthesiology,",West,2025-03-31 06:47:40.397165+00
f39a145d-cab0-4a71-876e-9c79e5642ae3,9864519309,",Gastroenterology,",Midwest,2025-03-31 06:47:40.399597+00
f39a1bda-b11c-4b03-bc67-771a4ce03b5e,7769202217,",Internal Medicine,",South,2025-03-31 06:47:40.380739+00
f39d962a-2925-4068-a7ec-a2c0b8561cea,5380317118,",Internal Medicine,",South,2025-03-31 06:47:40.379028+00
f39f6749-a46c-41a9-98d2-765802af350a,5021302360,",Internal Medicine,",South,2025-03-31 06:47:40.378706+00
f3b4648f-36ac-4223-8024-ef25efa9465a,4818528274,",Orthopedic Surgery,",Northwest,2025-03-31 06:47:40.391169+00
f3b90fb5-bd32-4bb2-b62d-eeefe958c703,5089043472,",Orthopedic Surgery,",South,2025-03-31 06:47:40.391822+00
f3c8de36-2b09-41c6-93b4-7c6c9ca61cb9,7683457806,",Psychiatry,",Midwest,2025-03-31 06:47:40.384743+00
f3d699c5-8f9a-4c1a-a4ea-35bdf142c404,7441257687,",Cardiology,",Northeast,2025-03-31 06:47:40.389105+00
f3d7ed65-bfe7-4db0-ac30-bd5fad407022,7525805561,",Psychiatry,",Northwest,2025-03-31 06:47:40.385137+00
f3e0d2e5-bddd-4c4b-8a89-60bb3e7eabf0,3646752051,",Gastroenterology,",South,2025-03-31 06:47:40.399649+00
f3ea593c-620d-424f-9a26-62d71ba4aae0,7884394756,",Internal Medicine,",Northeast,2025-03-31 06:47:40.377052+00
f3ee8e4b-64e5-4c7d-aa69-da260364b485,3401855700,",Internal Medicine,",Midwest,2025-03-31 06:47:40.379548+00
f3ef968e-ed69-4dbb-a420-cecc896e1449,1732134647,",General Surgery,",South,2025-03-31 06:47:40.38647+00
f3f386b0-32b9-43d2-b903-ebab8618098d,9001105648,",Internal Medicine,",Northeast,2025-03-31 06:47:40.377181+00
f3ff14e1-d2c9-440a-b3c3-eb36866b8a4f,9796765637,",Gastroenterology,",Midwest,2025-03-31 06:47:40.399813+00
f40dae9c-38ba-43ee-a1b5-17e70d18b421,3808312666,",Obstetrics & Gynecology,",West,2025-03-31 06:47:40.381621+00
f420036b-6e73-4e90-957c-823218e0c0a9,4229358726,",Psychiatry,",Northeast,2025-03-31 06:47:40.404097+00
f423bb7f-9d14-40e1-af4e-fb3df90da1b0,6991878065,",Internal Medicine,",Northeast,2025-03-31 06:47:40.380066+00
f431499d-d3f1-40d4-bcfa-d9a406f2c913,1376482326,",Obstetrics & Gynecology,",Northeast,2025-03-31 06:47:40.38174+00
f43f43eb-c200-4416-9d48-b40ebd1c495b,3696908104,",Radiology,",South,2025-03-31 06:47:40.394613+00
f43f4413-e346-4f63-b556-031c2ecb1fd0,1455213210,",Orthopedic Surgery,",West,2025-03-31 06:47:40.392472+00
f43fa0d4-1cb1-4956-99c8-20529f7434e8,2054023347,",Internal Medicine,",Northeast,2025-03-31 06:47:40.377266+00
f44c9f9f-997c-4c0a-a864-985461c5e76f,1520908307,",Psychiatry,",South,2025-03-31 06:47:40.38457+00
f453a69c-1f11-4f35-b3e4-397f9a944d68,2407902537,",Urology,",West,2025-03-31 06:47:40.400503+00
f458715d-0b22-433f-a35d-ece20ade2743,8798848614,",Dermatology,",Midwest,2025-03-31 06:47:40.393203+00
f45e86f2-19b0-4d64-b71f-012783fb220b,8739795857,",Urology,",Midwest,2025-03-31 06:47:40.400506+00
f46201d1-c31d-492e-892d-e4a8a5bcd601,8527398522,",Orthopedic Surgery,",West,2025-03-31 06:47:40.390796+00
f465c971-2a0a-472c-8be0-799064bf90b7,2556411683,",Orthopedic Surgery,",West,2025-03-31 06:47:40.391819+00
f46903fb-5e99-44ae-95ac-21a48851a9ea,7588951196,",Orthopedic Surgery,",Northwest,2025-03-31 06:47:40.392118+00
f46de8b4-d293-4dbd-b3dc-e1e5df247063,4789900811,",Dermatology,",Midwest,2025-03-31 06:47:40.392889+00
f46f66b7-739e-4e60-8b45-fa174cd5e628,3406532339,",Neurology,",Midwest,2025-03-31 06:47:40.398734+00
f47b08c8-655f-4674-999e-c1258068ffc1,3508259580,",Internal Medicine,",South,2025-03-31 06:47:40.380094+00
f48e2987-ba7c-433e-b490-91cb4ffa9cb6,9672229635,",Internal Medicine,",Northwest,2025-03-31 06:47:40.403154+00
f49b8f67-c32e-450b-a28d-72acc3cd3d30,5270309787,",Dermatology,",Midwest,2025-03-31 06:47:40.393009+00
f4a1f98f-0bfd-4c96-802b-3fff10e69fed,7307639291,",Radiology,",South,2025-03-31 06:47:40.395204+00
f4a6860b-a7d3-4aa7-8d23-155b1b8a38a3,8304859288,",Neurology,",West,2025-03-31 06:47:40.399032+00
f4a76233-194a-4603-b859-392915193e81,5697267144,",Gastroenterology,",West,2025-03-31 06:47:40.399314+00
f4ad63f9-618d-4d69-a348-abf73d596391,1488012783,",Obstetrics & Gynecology,",Midwest,2025-03-31 06:47:40.383682+00
f4b0ae29-4313-4ad2-8872-63c3a2a56cdc,7560647811,",Radiology,",Northeast,2025-03-31 06:47:40.39463+00
f4b42db4-6133-4bfb-bf9f-cda68bdd953c,8982038630,",Obstetrics & Gynecology,",Midwest,2025-03-31 06:47:40.403796+00
f4b7ab61-3ffb-4524-8910-dfbb1b640b81,8381531437,",Cardiology,",South,2025-03-31 06:47:40.388753+00
f4b7c3ac-bc62-448f-8036-43a5fe40fca1,7539772068,",Internal Medicine,",Northwest,2025-03-31 06:47:40.380687+00
f4bb9f29-6707-4576-8fbb-4877dae91009,7687330339,",Radiology,",Midwest,2025-03-31 06:47:40.394472+00
f4bdd435-569e-495b-99dc-da86bcabea01,8375598787,",Oncology,",Northwest,2025-03-31 06:47:40.40297+00
f4c3724a-124e-4d23-8f62-cc4c505f30a5,9296480566,",Dermatology,",Midwest,2025-03-31 06:47:40.392676+00
f4d202a5-0ec1-432d-9d5b-8b836ee489a4,5386218691,",Cardiology,",South,2025-03-31 06:47:40.390624+00
f4d33d96-61bd-473c-8c01-ebacf14281f7,9044499394,",Orthopedic Surgery,",South,2025-03-31 06:47:40.392445+00
f4d4ad95-13ae-4997-88f8-b6555e7b8180,7570717701,",General Surgery,",Northeast,2025-03-31 06:47:40.387382+00
f4d593ba-ae5b-4bec-846a-dd15c0ea7789,2453552459,",Orthopedic Surgery,",West,2025-03-31 06:47:40.392503+00
f4d6415f-ceee-43ce-a503-a2a1c828230c,7224953542,",Internal Medicine,",Northeast,2025-03-31 06:47:40.381329+00
f4d71a11-a61f-482e-b02a-d6a384e04955,4224008667,",Anesthesiology,",Northeast,2025-03-31 06:47:40.403581+00
f4dc5a63-00ce-4587-9c25-c587889b0a16,3448068425,",Obstetrics & Gynecology,",Midwest,2025-03-31 06:47:40.382444+00
f4e1187a-02f6-4e60-8a9e-2a15db1d207b,5149751330,",Orthopedic Surgery,",Northwest,2025-03-31 06:47:40.391088+00
f4faf514-74db-4b70-ba5f-d59e28adf965,9031887759,",Cardiology,",Midwest,2025-03-31 06:47:40.390485+00
f4fe05c7-f5ad-4400-968e-ad1af7812d6a,1267015984,",Anesthesiology,",Northeast,2025-03-31 06:47:40.404514+00
f500d1dd-082e-4d43-8eb1-d92f054a64bc,5402372235,",Psychiatry,",Northwest,2025-03-31 06:47:40.385855+00
f50b4420-dedd-4437-9ce9-d27d45d3d649,1959923817,",Internal Medicine,",South,2025-03-31 06:47:40.379067+00
f50c0914-6367-4c10-a5ef-eab79088242c,4256494771,",Internal Medicine,",Northwest,2025-03-31 06:47:40.377167+00
f5192e1e-7db1-4afe-8287-7d59649ade16,4284852101,",Cardiology,",Northwest,2025-03-31 06:47:40.389578+00
f5240bda-6405-4dfe-bdc6-d362af354b66,7973402068,",Cardiology,",Northeast,2025-03-31 06:47:40.388511+00
f534587e-e977-41d9-a716-0aa152ccd4a2,1506283452,",Radiology,",Northeast,2025-03-31 06:47:40.395138+00
f537a539-e20d-45be-82da-6023a79c156a,8105341906,",Internal Medicine,",West,2025-03-31 06:47:40.376955+00
f53cb61e-d07a-42ab-8e7f-2d33c1521812,8729065406,",Internal Medicine,",Northwest,2025-03-31 06:47:40.3806+00
f547dda0-0777-47ff-9ce7-6ce54b71b202,6714376755,",Internal Medicine,",West,2025-03-31 06:47:40.376068+00
f548b1dd-f2b4-4d08-a856-063c6a0b1329,8902057026,",Internal Medicine,",Northeast,2025-03-31 06:47:40.380299+00
f54a9cf0-436d-4f69-bbc7-1eaa986fa6b2,8390644349,",Radiology,",Midwest,2025-03-31 06:47:40.394308+00
f5509cd6-5d8d-4fed-8ae0-2636e25e54a5,6991657314,",General Surgery,",Northeast,2025-03-31 06:47:40.403664+00
f5511004-90c5-4974-afca-51d0e621232e,5700385367,",Obstetrics & Gynecology,",Midwest,2025-03-31 06:47:40.383341+00
f558cd32-7ea5-4d51-b313-7f6831db55ad,2046523748,",Dermatology,",Northwest,2025-03-31 06:47:40.3929+00
f559471d-5dd6-451b-b254-2c02cb544009,3545051957,",Radiology,",Midwest,2025-03-31 06:47:40.395166+00
f55b0f27-9d84-4c06-ab3d-323a9d67850e,3832633770,",Pulmonology,",Northeast,2025-03-31 06:47:40.401496+00
f567d386-7ba8-428d-a2d6-dcf1275bfaf7,3267039766,",Psychiatry,",Northwest,2025-03-31 06:47:40.403419+00
f570c83b-e61a-49f1-aebd-8c438c2394f0,1438663326,",Oncology,",Northwest,2025-03-31 06:47:40.402825+00
f5723122-f724-4141-bd3b-61cc0a2708ca,9199450467,",Internal Medicine,",Northeast,2025-03-31 06:47:40.376487+00
f57a0ce1-6431-4bba-8882-36c187ff49c8,3624699718,",General Surgery,",Midwest,2025-03-31 06:47:40.387017+00
f57e8ef5-ed92-4d32-8f39-158fcd15e611,1572867768,",Pulmonology,",South,2025-03-31 06:47:40.401795+00
f57ffa11-8900-4f00-8ccd-37302e1393ca,8830461508,",Psychiatry,",West,2025-03-31 06:47:40.384199+00
f58176ba-2ea8-437d-a56d-d454a550be2a,7507439812,",Urology,",Northwest,2025-03-31 06:47:40.400498+00
f5a22bb2-cd8b-4c9e-abc8-a1c8973c43e5,8179448674,",Psychiatry,",South,2025-03-31 06:47:40.384556+00
f5b6e7cd-5603-44bb-af2d-8389406e0e72,8823646146,",General Surgery,",Northwest,2025-03-31 06:47:40.403915+00
f5b89a61-7387-42c0-a1b3-f185497a0592,8621582368,",Orthopedic Surgery,",Midwest,2025-03-31 06:47:40.392546+00
f5be1aa2-5eac-4350-93d4-ddb9e5a50812,6908504342,",General Surgery,",Northwest,2025-03-31 06:47:40.386763+00
f5c31072-6c8f-4a26-be2a-a68eec507446,8522618908,",Internal Medicine,",South,2025-03-31 06:47:40.377494+00
f5c8aca1-584a-439a-90c5-80c4d73a4578,3533665888,",Neurology,",Northeast,2025-03-31 06:47:40.397918+00
f5d61742-fec8-44ab-a46a-650737bdc7d7,6069609857,",General Surgery,",West,2025-03-31 06:47:40.387333+00
f5d673b4-ee14-4e44-9d33-862e16d4c580,8277440848,",Radiology,",West,2025-03-31 06:47:40.395794+00
f5d82bd5-de39-49bb-b280-934ee6a6d12d,4568163770,",Psychiatry,",South,2025-03-31 06:47:40.385971+00
f5ee576a-d956-4d6d-94dc-782d197f42a6,6455040306,",Orthopedic Surgery,",Northwest,2025-03-31 06:47:40.392306+00
f5fd824f-963b-4968-8d94-89f75e8933f3,8849654068,",Dermatology,",West,2025-03-31 06:47:40.393311+00
f5fe481b-8820-497f-8823-6a984c81c372,1889973462,",Cardiology,",Midwest,2025-03-31 06:47:40.390193+00
f6049680-5bee-4dab-a135-404c5c02bb8b,5603414625,",Internal Medicine,",West,2025-03-31 06:47:40.378441+00
f6152018-b286-4101-b7d6-772b040662dc,7511795508,",Internal Medicine,",Northwest,2025-03-31 06:47:40.376944+00
f61a2f0b-c9be-47e5-8f79-809fb8a6dedd,4046721250,",Psychiatry,",Midwest,2025-03-31 06:47:40.384075+00
f61cc408-a9bf-4cf2-a533-1b4d3410f784,4372386632,",Dermatology,",West,2025-03-31 06:47:40.393708+00
f61dc9a6-6827-44f2-b4a2-d5fdd19e95b8,2620132317,",Internal Medicine,",Northwest,2025-03-31 06:47:40.376929+00
f61e7a1d-b384-4b85-8530-2c71a2eb9b87,7550503261,",Anesthesiology,",Northwest,2025-03-31 06:47:40.397518+00
f624937f-3b2f-4cb7-9026-57f3f3081f62,5005670148,",Dermatology,",West,2025-03-31 06:47:40.392667+00
f62aa469-bd54-4a82-9e6f-29063120b234,7254061248,",Radiology,",Northeast,2025-03-31 06:47:40.395493+00
f6353789-7eb3-4c7f-9ec9-5a63ff5c1a0a,2881840595,",Cardiology,",West,2025-03-31 06:47:40.389446+00
f6375543-296e-4323-b1c2-e029faec90e7,9865134411,",General Surgery,",Northeast,2025-03-31 06:47:40.386984+00
f637cc04-8cc8-4caf-ba42-c1afcdb8b8f5,7803276529,",Internal Medicine,",Midwest,2025-03-31 06:47:40.380168+00
f64079eb-fcae-4168-9fea-30840051bc2b,6719579866,",Anesthesiology,",South,2025-03-31 06:47:40.397464+00
f647cd17-f776-40b0-8549-d2a73b18f11f,5452594364,",Internal Medicine,",Northeast,2025-03-31 06:47:40.376404+00
f6491dc4-e2da-488d-9d01-6756e2a10119,7116517046,",Pulmonology,",Northwest,2025-03-31 06:47:40.401827+00
f6593f40-017c-4a6d-8f54-9264c7ba7787,4109701142,",Anesthesiology,",West,2025-03-31 06:47:40.396401+00
f66ed154-945a-4716-a98f-a864044e90e5,3483301247,",Internal Medicine,",Midwest,2025-03-31 06:47:40.377049+00
f6713777-5e2d-4003-b71a-e3f7d551eabf,2261890865,",General Surgery,",Northwest,2025-03-31 06:47:40.38729+00
f6719ff0-b52e-4021-abb2-7c55a2dea92c,3078919449,",Internal Medicine,",Northwest,2025-03-31 06:47:40.377325+00
f67ca042-29d5-46c0-b1e7-bc4e3d4db0ec,6051411662,",Dermatology,",West,2025-03-31 06:47:40.39402+00
f6872ce5-38ff-43bb-a915-35da17b6c9d4,2461943254,",Oncology,",Midwest,2025-03-31 06:47:40.402703+00
f6902bef-0f0d-40d5-b471-a000175fb692,8149956543,",Internal Medicine,",Midwest,2025-03-31 06:47:40.4047+00
f6927d44-5afb-4ceb-bfcb-0bf8b8195ab6,9271755393,",Obstetrics & Gynecology,",South,2025-03-31 06:47:40.383737+00
f69d8bb9-0b58-4454-a60b-1031e7ac2d64,7994506149,",Obstetrics & Gynecology,",West,2025-03-31 06:47:40.403297+00
f69eaf39-dc97-4f16-ad9f-3da38ed8fe1c,2665114661,",Obstetrics & Gynecology,",South,2025-03-31 06:47:40.381891+00
f69f8e63-b9b3-44a2-a548-36de21e6b1bc,1599950776,",Anesthesiology,",South,2025-03-31 06:47:40.403614+00
f6ab8923-06b1-4afb-b97f-efdccbd4a6bc,1328310711,",Gastroenterology,",Northwest,2025-03-31 06:47:40.400101+00
f6ac1801-b85f-46d2-be9d-6031fcc95802,6790647120,",Nephrology,",Midwest,2025-03-31 06:47:40.402078+00
f6b2297e-c7b2-4e9c-9371-70e6a72afb33,9356076055,",Internal Medicine,",South,2025-03-31 06:47:40.380554+00
f6b3e5f1-f950-4611-a573-b5c5aa09a1f3,1673105009,",Dermatology,",South,2025-03-31 06:47:40.393558+00
f6c093f3-0ede-44f1-9898-a3b7919f99c7,4196187063,",Obstetrics & Gynecology,",Northeast,2025-03-31 06:47:40.381762+00
f6c69d33-079d-443a-8b38-60a91508803b,1230192908,",Internal Medicine,",Northeast,2025-03-31 06:47:40.378587+00
f6c984c1-6354-4991-91e5-d2f8e06b3c76,9281185389,",Neurology,",Northwest,2025-03-31 06:47:40.398932+00
f6cae63b-2959-40b1-80d6-3ab561592b98,7525080238,",Internal Medicine,",West,2025-03-31 06:47:40.380467+00
f6dbce70-fe60-4d43-887f-ef8a36f5b4c2,4211935871,",General Surgery,",Northeast,2025-03-31 06:47:40.386535+00
f6e7549b-7f34-43de-abf6-a45942c70715,2459797120,",Psychiatry,",Midwest,2025-03-31 06:47:40.384765+00
f6eaeb75-fdc0-403b-b730-2ec23edff8bd,6746036407,",Internal Medicine,",Northeast,2025-03-31 06:47:40.377164+00
f6ed225d-8312-4cc3-b752-df3b456f9e71,4039182665,",Obstetrics & Gynecology,",Northwest,2025-03-31 06:47:40.382845+00
f6f4d265-6e3a-4fd6-94f5-89309bfa774a,3290930907,",Cardiology,",West,2025-03-31 06:47:40.390137+00
f6f5e413-36b1-4d46-bebd-491d3c09aac0,9102052292,",General Surgery,",Midwest,2025-03-31 06:47:40.387943+00
f6fa779c-62d5-4329-ab7c-c98d8f062d97,6284380917,",Orthopedic Surgery,",West,2025-03-31 06:47:40.390935+00
f6faf026-db2f-459d-a433-6ceb0c7c111e,4471601517,",Psychiatry,",South,2025-03-31 06:47:40.384525+00
f6fef55b-7c47-4808-b235-2e81e389db2c,5336239471,",Neurology,",Northwest,2025-03-31 06:47:40.398634+00
f7017670-c24a-4634-a84a-f75cd11cd21b,2946630982,",Internal Medicine,",South,2025-03-31 06:47:40.378333+00
f7058537-dde5-47b8-874e-1cbb82ddce77,9261497586,",Cardiology,",Midwest,2025-03-31 06:47:40.390157+00
f709aab8-8c41-4c6f-b0c9-caf04557ff22,5808769393,",Anesthesiology,",South,2025-03-31 06:47:40.403335+00
f71c0fba-1e5a-4fd4-983d-c5b890468814,1905766621,",Radiology,",Midwest,2025-03-31 06:47:40.404191+00
f71c468a-b846-46e8-99b8-dbbcf8ae088f,2533775744,",Gastroenterology,",Northwest,2025-03-31 06:47:40.39966+00
f7221621-ca63-49fe-9062-f12c905fd5db,1014369973,",Radiology,",Midwest,2025-03-31 06:47:40.403702+00
f72891d0-decc-4742-91a4-b04221f9a6fa,9655677297,",General Surgery,",Midwest,2025-03-31 06:47:40.403169+00
f73453fc-90cc-4504-94b9-ba371252bd4f,3746235380,",General Surgery,",South,2025-03-31 06:47:40.387897+00
f735714a-fe8d-412e-90d1-dee38e9e8e5f,3917213803,",Obstetrics & Gynecology,",Northeast,2025-03-31 06:47:40.382822+00
f73b079b-ce71-493d-8e66-490c9e8c283c,6859711784,",Cardiology,",Northeast,2025-03-31 06:47:40.389449+00
f751c0bd-8180-48d9-96d0-419587308375,4803731422,",General Surgery,",Midwest,2025-03-31 06:47:40.386609+00
f757b4c2-1240-4a34-a8c5-53f53db03a8b,4383295358,",Psychiatry,",Northeast,2025-03-31 06:47:40.385348+00
f75bf3fc-3ee3-40a5-a8e6-3f70c8ace789,1939073556,",Dermatology,",South,2025-03-31 06:47:40.393501+00
f75bf712-00ea-465f-aca1-cfec0b460f63,8214963774,",Cardiology,",Northeast,2025-03-31 06:47:40.388947+00
f762dcbd-673f-4bc2-b910-b889caf3d140,7203864779,",Obstetrics & Gynecology,",Northeast,2025-03-31 06:47:40.383338+00
f76e8582-3c25-4bbd-a71f-6544b034218c,6997951606,",Radiology,",South,2025-03-31 06:47:40.39465+00
f7731fbe-ccc5-4973-aae7-aaaab0d2ed89,3654171863,",Radiology,",Northeast,2025-03-31 06:47:40.395811+00
f775386a-4e8b-4433-b6f4-4e5eef3df415,9132721179,",Cardiology,",Northeast,2025-03-31 06:47:40.389925+00
f775adb3-7ca4-4dab-9216-f08a7b5c104e,7406787276,",Orthopedic Surgery,",Northwest,2025-03-31 06:47:40.390747+00
f799f8c3-edce-4cce-b95d-63881350dd05,1136359109,",Cardiology,",Northeast,2025-03-31 06:47:40.390031+00
f79a2bc3-9dd9-4cdc-b039-4513320c9a9a,8160366773,",Cardiology,",West,2025-03-31 06:47:40.388715+00
f79ca478-7f91-41c7-8fee-8ac15b70db4c,5945021146,",Neurology,",Midwest,2025-03-31 06:47:40.398389+00
f7a9889d-5934-41e0-b6f8-571faabfff74,7170377472,",Psychiatry,",Northwest,2025-03-31 06:47:40.38588+00
f7b2d647-1192-4b83-abeb-28c45f5b467a,3336425797,",Obstetrics & Gynecology,",South,2025-03-31 06:47:40.381777+00
f7b7082f-fdde-464f-8b58-1d0c8698a5a4,6593162629,",Internal Medicine,",Midwest,2025-03-31 06:47:40.378557+00
f7baa003-f9bd-4c8e-8216-1695bc22b3a7,1042481110,",Obstetrics & Gynecology,",Northeast,2025-03-31 06:47:40.382504+00
f7d93591-aa4e-4c10-ae61-55fe67515526,2689235931,",Obstetrics & Gynecology,",Northeast,2025-03-31 06:47:40.403932+00
f7dbcba4-691b-4148-9f9e-fac9c7da7a3d,1798086624,",Dermatology,",South,2025-03-31 06:47:40.392906+00
f7ddb75b-fb35-4f80-88f6-e71efa566440,7751667376,",Pulmonology,",South,2025-03-31 06:47:40.401925+00
f7e11ca5-3e29-4704-905a-4d449f0969f0,1408096143,",General Surgery,",Northeast,2025-03-31 06:47:40.387641+00
f7e345c3-71b9-447a-b07f-e3e60dd9dfce,1381599364,",Dermatology,",South,2025-03-31 06:47:40.392794+00
f7e3a34f-025c-4aba-9d6f-49dd446a3050,1314492310,",Cardiology,",Midwest,2025-03-31 06:47:40.388632+00
f7e8431b-05f9-454b-a6a9-ff89d600401d,9372188007,",Cardiology,",Northeast,2025-03-31 06:47:40.403358+00
f7ec1062-cffc-439f-880f-2b4ce3093f6b,2558767250,",Urology,",West,2025-03-31 06:47:40.400362+00
f7fb6874-a382-41ef-8375-4905b7f74cb2,7071682436,",Obstetrics & Gynecology,",South,2025-03-31 06:47:40.38297+00
f7fd15c5-3405-4aa9-bfee-86e53ca26652,2050957780,",Cardiology,",West,2025-03-31 06:47:40.389704+00
f800ea84-c879-4b57-9f9a-40e2393fd97f,1085569730,",Radiology,",Northwest,2025-03-31 06:47:40.394729+00
f817ff48-39f2-49e0-9843-588d3c02eb05,4633418804,",Gastroenterology,",West,2025-03-31 06:47:40.399614+00
f820f2a1-7f47-42ed-b360-3692e1a483cf,5954575824,",Dermatology,",Northeast,2025-03-31 06:47:40.393105+00
f8232994-705f-4560-b86f-eef09c50f83e,5107022434,",Internal Medicine,",Northeast,2025-03-31 06:47:40.378821+00
f826b1aa-a1cc-421f-b0c5-6964405bdd03,9578859780,",Anesthesiology,",Midwest,2025-03-31 06:47:40.396362+00
f8277b19-146a-4e02-a3f5-e51d06f9a8a1,9051287108,",Psychiatry,",Northeast,2025-03-31 06:47:40.384727+00
f82f6497-0293-4e56-82a2-a99a9584904e,4404908381,",Urology,",South,2025-03-31 06:47:40.400727+00
f8393c22-0b6e-4169-9afc-4710c8c9efab,2101529908,",Anesthesiology,",South,2025-03-31 06:47:40.396173+00
f83a7cfb-0c9e-4e0e-bfde-8d8d01892a1c,5779882207,",Obstetrics & Gynecology,",Northeast,2025-03-31 06:47:40.383814+00
f84ecbce-4067-4a92-8a0d-143efcfa3ffc,2832906827,",Pulmonology,",West,2025-03-31 06:47:40.401332+00
f84f0e48-0fe7-43de-94f7-7f92060764bd,7223154169,",Anesthesiology,",Northwest,2025-03-31 06:47:40.39745+00
f85287a9-4b98-46d3-8959-cb27ebf36d8b,2912214541,",Radiology,",West,2025-03-31 06:47:40.395254+00
f85702fc-ed21-4628-9ddf-8574f9f385a1,5111644200,",General Surgery,",Northwest,2025-03-31 06:47:40.386102+00
f8576a08-b2b0-4cbb-b178-a3863e9b4ff6,5063548517,",Internal Medicine,",South,2025-03-31 06:47:40.376885+00
f85fcb5c-b646-49c2-940d-f691b47d4029,8612727769,",Oncology,",Northeast,2025-03-31 06:47:40.402836+00
f86c8159-b0ad-4c36-a4fd-d2c57228ea3a,6039787621,",Cardiology,",Northeast,2025-03-31 06:47:40.388655+00
f871c670-2424-435e-9753-2b7bd057da95,3056623456,",Radiology,",Northwest,2025-03-31 06:47:40.394373+00
f87605ec-257f-478c-9d57-236c8b3abad7,6882350999,",General Surgery,",Northeast,2025-03-31 06:47:40.388115+00
f87a0f96-693f-4111-8205-aea5e468e520,2999868288,",Psychiatry,",Midwest,2025-03-31 06:47:40.385343+00
f87b38ac-208b-4493-a5a5-6b72cca486eb,1549853942,",Obstetrics & Gynecology,",Northeast,2025-03-31 06:47:40.382577+00
f87c2a06-3d81-481e-8f1c-cca6c1643df2,4423884357,",Internal Medicine,",Midwest,2025-03-31 06:47:40.377754+00
f87c84f9-65f9-4426-bbd4-668526ba0893,7479329648,",Neurology,",Northeast,2025-03-31 06:47:40.398859+00
f87fad0c-fa70-41c7-b683-3b351fed834c,2158851182,",General Surgery,",South,2025-03-31 06:47:40.38737+00
f891f2c7-a98a-4d15-a3bf-762fde27ca70,7729292767,",General Surgery,",West,2025-03-31 06:47:40.386715+00
f8948f65-7e06-4237-b5e5-e6e4051fd154,5394197189,",Cardiology,",Northwest,2025-03-31 06:47:40.389735+00
f89d942e-f26c-459c-94d9-805796bec261,8646510653,",Obstetrics & Gynecology,",Midwest,2025-03-31 06:47:40.404608+00
f8a25470-f739-491e-9527-1783c03ec42f,3022447926,",Internal Medicine,",Northwest,2025-03-31 06:47:40.379034+00
f8a57617-7c56-4a5f-beda-688f5eacba36,9094734535,",Psychiatry,",Midwest,2025-03-31 06:47:40.385405+00
f8ae2f4a-8463-4cb7-ae2c-b8e967b34f83,5580757516,",Gastroenterology,",Northwest,2025-03-31 06:47:40.399722+00
f8b058ee-0c39-477d-b8f3-28aa965069f1,2510619024,",Obstetrics & Gynecology,",Northwest,2025-03-31 06:47:40.383617+00
f8b0b8ea-9b47-41db-8401-00d8947564e7,9886063259,",General Surgery,",Northwest,2025-03-31 06:47:40.386549+00
f8bed4fc-ee4c-4c56-af30-47c449078526,8362759255,",Internal Medicine,",Northwest,2025-03-31 06:47:40.403404+00
f8dc999a-92f3-43d1-9ab9-b46daac0976e,7727292366,",Psychiatry,",Northwest,2025-03-31 06:47:40.385545+00
f8dd3937-aa40-4f40-8bc4-8bb8a600b7ed,8321321731,",Cardiology,",West,2025-03-31 06:47:40.389721+00
f8df2e26-be07-4e9b-a9b9-28ba173966c7,8995147627,",Obstetrics & Gynecology,",Midwest,2025-03-31 06:47:40.381797+00
f8e2d576-4004-4bfc-a7cc-2a8b11b9c773,7772626503,",Internal Medicine,",Northeast,2025-03-31 06:47:40.379909+00
f8ea7039-167c-489a-8d0c-4c5613e1eaad,1682581939,",Psychiatry,",Northwest,2025-03-31 06:47:40.383898+00
f8f8085e-1cdf-48d9-a204-9406b360f73e,2107635935,",Obstetrics & Gynecology,",Northwest,2025-03-31 06:47:40.381624+00
f8fb12ac-5188-4c87-a81c-61a1477d0cc1,2509085039,",Pulmonology,",Midwest,2025-03-31 06:47:40.401507+00
f8fc1e23-01bc-4ca7-a765-e6e80b99309e,1757453067,",Pulmonology,",South,2025-03-31 06:47:40.401113+00
f90b5c9e-08a6-4ba2-ad66-9c43120d2b3c,7844310114,",Dermatology,",Midwest,2025-03-31 06:47:40.394177+00
f90e2b26-2186-414c-ba24-92b82f450949,2576628760,",General Surgery,",Midwest,2025-03-31 06:47:40.386199+00
f914c3f4-76d0-48be-9e7b-cf522c18dc67,4145929034,",Neurology,",West,2025-03-31 06:47:40.398467+00
f91683e6-d0f2-440e-b7ef-8896189e5da4,2385618781,",General Surgery,",Northwest,2025-03-31 06:47:40.388161+00
f91d4f18-cc2c-43f4-87f4-dd00f50c3271,3394452249,",Obstetrics & Gynecology,",Northwest,2025-03-31 06:47:40.381618+00
f921f92c-5227-4ff8-87df-fae4941a5411,2379836125,",Orthopedic Surgery,",West,2025-03-31 06:47:40.390972+00
f9242f16-242f-4dab-8f14-05f72e1bd0eb,2551458182,",General Surgery,",South,2025-03-31 06:47:40.387026+00
f9246ffd-b4b6-4ccb-bf77-cb31ea358378,6539810853,",Obstetrics & Gynecology,",Midwest,2025-03-31 06:47:40.381983+00
f92c704b-01ab-48e9-b16b-e9988613a6fb,4250135990,",Internal Medicine,",Northwest,2025-03-31 06:47:40.377004+00
f93110e2-3c3f-46cc-bb67-4655622a5ff2,3571564620,",Internal Medicine,",Northwest,2025-03-31 06:47:40.37964+00
f9311280-6c3c-4d8c-a794-5a77dc221825,5981578746,",Dermatology,",South,2025-03-31 06:47:40.394151+00
f9386d93-1f2b-466c-bf2e-edb829cfff22,8730901318,",Psychiatry,",Northeast,2025-03-31 06:47:40.385035+00
f9441cd8-38dc-4e1a-8251-eefd0415364b,7855383664,",Internal Medicine,",West,2025-03-31 06:47:40.377192+00
f9532c9b-e134-4ea5-9dbb-00e3d78ba7da,2814900480,",Internal Medicine,",Midwest,2025-03-31 06:47:40.381489+00
f965fb7a-4001-4b83-8e1e-b7c2cf1a9830,9020682851,",Internal Medicine,",West,2025-03-31 06:47:40.38012+00
f9687aa1-a421-40e5-be58-2423a0946dd2,6314792428,",Internal Medicine,",Midwest,2025-03-31 06:47:40.377957+00
f9692244-039a-4839-8da9-7940776eabeb,6608958135,",Oncology,",Midwest,2025-03-31 06:47:40.402627+00
f969e323-fe0c-4d71-9835-746c74f22eff,6343783152,",Internal Medicine,",Northwest,2025-03-31 06:47:40.379479+00
f96efc29-2da5-47eb-862b-46cc226abfef,6064004126,",Cardiology,",Northwest,2025-03-31 06:47:40.403949+00
f97557a3-e774-4a8b-9a76-e23528b92e22,6327476347,",Internal Medicine,",Northwest,2025-03-31 06:47:40.378699+00
f97b3e37-7fad-442e-8e40-8ae5f79294f0,3997431923,",Psychiatry,",Northwest,2025-03-31 06:47:40.385862+00
f9865e28-0644-4929-a87c-4389b4e9ce0f,5952284100,",Obstetrics & Gynecology,",Midwest,2025-03-31 06:47:40.382747+00
f98741d5-b1ff-47f5-a6c4-725fb1e93d70,4931992938,",Obstetrics & Gynecology,",Midwest,2025-03-31 06:47:40.383005+00
f989cefc-074a-468a-8cfd-6cf87bd9ae95,7869573005,",Internal Medicine,",Northwest,2025-03-31 06:47:40.37843+00
f9918da6-a653-428b-a237-90287ce373f3,3023781108,",Internal Medicine,",Northwest,2025-03-31 06:47:40.380132+00
f9948d08-8f7a-482e-867d-867ec602ac4b,6004375565,",Orthopedic Surgery,",West,2025-03-31 06:47:40.391839+00
f994e6ab-3f56-4186-a938-57082625474f,3964409222,",Urology,",Northwest,2025-03-31 06:47:40.400769+00
f99fab18-d4a6-4d19-8832-bc9ec88c87f3,8436124569,",Radiology,",South,2025-03-31 06:47:40.394744+00
f9a84906-1611-4cf8-95d1-b3d1cf460b0d,6022041004,",Psychiatry,",West,2025-03-31 06:47:40.385909+00
f9a96e40-731b-44a8-b822-8f4caff4236b,8417706921,",Urology,",West,2025-03-31 06:47:40.403867+00
f9b0f5fb-f54e-47b1-b31e-4c7e554de709,2730270472,",Orthopedic Surgery,",Midwest,2025-03-31 06:47:40.391613+00
f9b982b6-34ba-49ce-95a0-2b6ed99a600f,2345763945,",Internal Medicine,",Northeast,2025-03-31 06:47:40.380314+00
f9c23585-a4a0-4e92-bf01-fac5d5251c4b,5270260941,",Cardiology,",Northeast,2025-03-31 06:47:40.390354+00
f9daf891-79ba-4516-9760-c1ded4b33c2f,3641152546,",Urology,",Northeast,2025-03-31 06:47:40.400786+00
f9dd8c00-45c7-46af-a7ad-d0fc95aeaea4,5888783570,",Psychiatry,",Midwest,2025-03-31 06:47:40.40376+00
f9e0f837-259d-43be-bb5b-544566ecdb9f,2113957672,",Oncology,",South,2025-03-31 06:47:40.402921+00
f9e8964d-167c-4aa2-9da3-355120055262,2373782379,",Psychiatry,",South,2025-03-31 06:47:40.385906+00
f9e8f4cd-0bde-4571-a4da-9ceac9ffc54d,9703410324,",Cardiology,",West,2025-03-31 06:47:40.389337+00
f9ec15d2-8de3-4843-9cce-9c67fca5f147,1635568279,",General Surgery,",Northwest,2025-03-31 06:47:40.387891+00
f9ed9d76-bc02-4e12-9f6a-7df980ce2d09,8385427839,",Orthopedic Surgery,",Northeast,2025-03-31 06:47:40.392025+00
f9f42c25-eb5b-4cb8-9af9-2f72a081afeb,8231705621,",Orthopedic Surgery,",West,2025-03-31 06:47:40.39112+00
f9f9bf80-0a82-4105-876d-73d44871e2ef,1327733790,",Urology,",Northeast,2025-03-31 06:47:40.400569+00
fa0a1cae-bab0-455a-b996-b53dae6274d9,9578650474,",Anesthesiology,",West,2025-03-31 06:47:40.396936+00
fa0b1eab-73b8-4de4-99c5-fd17d7dcb32e,8954160117,",Radiology,",Midwest,2025-03-31 06:47:40.394866+00
fa0d7940-0446-45d9-ae0c-1580b58f03ed,2674352474,",Urology,",West,2025-03-31 06:47:40.400408+00
fa12841e-37dc-4621-813c-09cca0b65637,1899096367,",General Surgery,",West,2025-03-31 06:47:40.387606+00
fa14369c-e9bd-4a08-b9e3-decd12e7868e,3682179086,",Internal Medicine,",Northwest,2025-03-31 06:47:40.378619+00
fa167105-9869-43f2-ad94-85d464dfd504,7598541862,",Internal Medicine,",Northeast,2025-03-31 06:47:40.379616+00
fa1896e5-8f07-4ac3-83b5-a5acaf23df0d,7849669014,",Neurology,",Northeast,2025-03-31 06:47:40.39905+00
fa193741-51d9-4cd1-80e2-c4dc03ebe1d0,2597408562,",General Surgery,",West,2025-03-31 06:47:40.386327+00
fa194b2d-f588-4153-81b8-6c8e4b103da3,1448019298,",Orthopedic Surgery,",Northwest,2025-03-31 06:47:40.392192+00
fa23e06d-0175-4933-b7f2-7a8e9e6ffe96,2223641067,",General Surgery,",West,2025-03-31 06:47:40.403306+00
fa2bec75-a686-44ea-819f-40a0d9d96b65,9015246189,",Cardiology,",Northwest,2025-03-31 06:47:40.390536+00
fa332fab-a997-42d3-a856-b29b239413a7,6457837137,",Internal Medicine,",West,2025-03-31 06:47:40.379584+00
fa340c1e-0d67-4158-b3b6-34225bc92616,1049433338,",Psychiatry,",South,2025-03-31 06:47:40.403815+00
fa396886-c497-4785-adde-3cc6b81ac163,7530806905,",Obstetrics & Gynecology,",West,2025-03-31 06:47:40.383843+00
fa3c1577-14d6-47de-a0c4-8c76d7c036cf,3086033087,",Obstetrics & Gynecology,",Northwest,2025-03-31 06:47:40.382372+00
fa4d5c36-530a-4fee-812e-48e62b692a9d,1690359751,",Psychiatry,",South,2025-03-31 06:47:40.384214+00
fa4f0f36-0a36-42a2-aba6-f5856c920e07,5975106927,",Cardiology,",Midwest,2025-03-31 06:47:40.389986+00
fa536dd2-357c-480b-9454-b29942eff5df,1701593223,",Obstetrics & Gynecology,",Northeast,2025-03-31 06:47:40.382565+00
fa63aa76-15f4-446f-8405-c3b239528c3c,1638424264,",Dermatology,",Midwest,2025-03-31 06:47:40.39418+00
fa695fa5-2500-4cc4-b895-6087299ce6a2,4497016550,",Neurology,",South,2025-03-31 06:47:40.398728+00
fa69c00d-3ace-4c3e-9be3-2dc38043de7f,7853249239,",Internal Medicine,",West,2025-03-31 06:47:40.377971+00
fa6cea3f-a32c-4be8-9f38-7b96475109d4,4221945909,",Cardiology,",South,2025-03-31 06:47:40.389264+00
fa71d4bb-be93-425c-806d-196a04441305,4498887500,",Urology,",South,2025-03-31 06:47:40.400276+00
fa8c4807-376c-4e0d-b532-8d82c8f5637a,6981615432,",Psychiatry,",South,2025-03-31 06:47:40.385967+00
fa8db815-74a0-44ac-bc05-4131f84b0d5b,7396207192,",Obstetrics & Gynecology,",Northeast,2025-03-31 06:47:40.382389+00
fa925d3e-63fb-4af8-8b4d-8b69ed020ca5,7214381750,",Neurology,",Midwest,2025-03-31 06:47:40.397741+00
fa936bc8-49fa-469a-b522-70e9808676a5,1087024079,",Oncology,",Midwest,2025-03-31 06:47:40.402903+00
fa9978a7-0fd3-4501-a7be-251d865c2bb9,8847930532,",Psychiatry,",Northwest,2025-03-31 06:47:40.384255+00
fa999d9c-486e-429b-970e-348fc2eb4fe3,3398870360,",Obstetrics & Gynecology,",West,2025-03-31 06:47:40.383561+00
fa9b061d-d069-440c-baf2-78027f1fd387,3347416190,",Radiology,",South,2025-03-31 06:47:40.394422+00
faaa9eb3-6028-47be-b870-440686a1ae69,4480548412,",General Surgery,",Midwest,2025-03-31 06:47:40.38776+00
fab29a42-b049-4fae-b04d-649fcd23752d,1786630878,",Oncology,",Midwest,2025-03-31 06:47:40.4028+00
fabc4784-e63f-4967-aac3-3f3f15d68872,5957692284,",Urology,",South,2025-03-31 06:47:40.400529+00
fac44e32-7a36-42a1-bc71-5faa53ea4172,7304659905,",Neurology,",South,2025-03-31 06:47:40.398903+00
fac54485-3a57-4104-b061-f53b2f864866,8070898157,",Anesthesiology,",South,2025-03-31 06:47:40.396543+00
fad08b94-4873-404e-8a28-d971fa64b0ed,7641245029,",Oncology,",Northwest,2025-03-31 06:47:40.402551+00
fad60d21-38a8-45b8-97b0-80a6e228c9d0,2479876410,",Psychiatry,",Northwest,2025-03-31 06:47:40.384929+00
fae81933-17ad-462b-85d6-fd4507699bea,2574942792,",General Surgery,",West,2025-03-31 06:47:40.387955+00
faf2555b-905c-40bf-af09-06fcbafbb2ae,3049084254,",Pulmonology,",Northeast,2025-03-31 06:47:40.401638+00
faf29099-47b5-40db-ac29-5351a0095a9c,3717714242,",Urology,",Northwest,2025-03-31 06:47:40.400803+00
faf8d13a-2666-44d4-9f3f-c62176205abe,7282873622,",Dermatology,",Midwest,2025-03-31 06:47:40.3932+00
fafb1eba-3158-44a8-9935-bb6c295e8b72,9150889539,",Internal Medicine,",West,2025-03-31 06:47:40.380202+00
fb00e8f6-c41d-4c3e-ac0f-413e977cdf47,8689060310,",Internal Medicine,",Midwest,2025-03-31 06:47:40.377155+00
fb11eba6-4fc7-4be0-bd40-2178c58a2267,9700362801,",General Surgery,",Northwest,2025-03-31 06:47:40.386249+00
fb11f434-c44f-47b9-b186-58890a0ffd6c,3914097819,",Obstetrics & Gynecology,",Northwest,2025-03-31 06:47:40.382614+00
fb1d6227-c8be-446f-b0fa-a40cb0f8cf39,6098565453,",Radiology,",Northwest,2025-03-31 06:47:40.395705+00
fb1d8319-c31f-4c95-acdb-c4a8c774566e,3517380692,",Obstetrics & Gynecology,",South,2025-03-31 06:47:40.382732+00
fb24ea9d-4194-4015-8f91-672206d73cee,5025386975,",Anesthesiology,",South,2025-03-31 06:47:40.39674+00
fb27d05b-930e-4288-9a7c-174c3355c55c,3596123182,",Anesthesiology,",South,2025-03-31 06:47:40.395947+00
fb397382-c485-4bef-81a9-613faede0a79,9856715938,",Anesthesiology,",Midwest,2025-03-31 06:47:40.397254+00
fb39b7bb-b1c7-4efb-9694-ab047f4a3541,8630672771,",Gastroenterology,",West,2025-03-31 06:47:40.399663+00
fb3b95fc-2be3-408d-8636-5f717ed64a95,7023073518,",Radiology,",Northeast,2025-03-31 06:47:40.39557+00
fb3beaac-80ec-4d30-9a93-a732e4880e20,1814249351,",Obstetrics & Gynecology,",South,2025-03-31 06:47:40.381876+00
fb3e63f0-6874-4341-b8df-95c39661c968,3186739367,",Internal Medicine,",South,2025-03-31 06:47:40.379808+00
fb47c85c-bb75-40d8-becd-1018cf9cfa27,7246064856,",Anesthesiology,",South,2025-03-31 06:47:40.397441+00
fb4ea9db-24b3-4519-b11b-e7f258b992e1,3747834523,",Internal Medicine,",South,2025-03-31 06:47:40.381355+00
fb50bc5f-5082-4558-8953-46c54d4bba18,7127944848,",Urology,",Midwest,2025-03-31 06:47:40.40042+00
fb571c02-f872-4822-ae9c-c12251f6e3c8,1665951081,",Cardiology,",Northeast,2025-03-31 06:47:40.390166+00
fb5de29e-c977-45d1-83e9-4ba3a47d1574,2620608076,",Psychiatry,",South,2025-03-31 06:47:40.385004+00
fb79e40c-3bba-4624-9308-48fd3456e2a6,1100739201,",Radiology,",West,2025-03-31 06:47:40.395201+00
fb80f56b-6a4a-4c15-be94-ba458dc3f715,1246332700,",Neurology,",Northeast,2025-03-31 06:47:40.398543+00
fb85b105-bf60-44fc-8309-7f4444502cb6,2866241805,",Cardiology,",West,2025-03-31 06:47:40.388747+00
fb99d7b0-63a3-43d8-935c-1465dfd18aaf,4574419893,",Urology,",Northwest,2025-03-31 06:47:40.40067+00
fb9a42a0-b6df-417b-8146-7a2a4405c7d8,5224953463,",Orthopedic Surgery,",Northeast,2025-03-31 06:47:40.39087+00
fb9ab613-2639-45fe-bd5c-97c06f8b59bf,1359895163,",Pulmonology,",South,2025-03-31 06:47:40.401181+00
fb9d4b4c-0137-4060-9a68-ee1c6485a1d8,9486214000,",Orthopedic Surgery,",Northwest,2025-03-31 06:47:40.391746+00
fb9d9be9-c94e-4397-aeef-40daefa856d3,7575842744,",Anesthesiology,",Northeast,2025-03-31 06:47:40.397234+00
fb9ecb7e-4265-4221-8ff7-e08fade22e07,6747614186,",Orthopedic Surgery,",Midwest,2025-03-31 06:47:40.392303+00
fbac740d-6a9a-42f7-b850-d427cf8e6129,8884919106,",General Surgery,",West,2025-03-31 06:47:40.386841+00
fbaeaa8f-21fc-4535-bd8c-6b1189553b51,1812627108,",Obstetrics & Gynecology,",Northeast,2025-03-31 06:47:40.383353+00
fbb30b57-ca51-4267-8766-00ff60adb1b5,6494823273,",Anesthesiology,",Midwest,2025-03-31 06:47:40.396426+00
fbc2b57b-7e48-4a36-9677-fb1d3a557909,7719420502,",Cardiology,",Midwest,2025-03-31 06:47:40.389398+00
fbcaff4f-5afb-4500-96c5-88f7ad8b680a,3476555062,",Obstetrics & Gynecology,",West,2025-03-31 06:47:40.383638+00
fbdcf5ab-76f0-45ce-94b1-8d80879fc865,4485497280,",Anesthesiology,",South,2025-03-31 06:47:40.396144+00
fbe9044b-3c7e-4735-b56c-9a2a26457218,9493713339,",Psychiatry,",Midwest,2025-03-31 06:47:40.384393+00
fbfab354-3c58-43fe-ac82-e3e63b365f35,1755864397,",Oncology,",Northwest,2025-03-31 06:47:40.402981+00
fbfc411f-f7b2-41f7-8c67-ebdc81614665,8316501932,",Internal Medicine,",West,2025-03-31 06:47:40.3781+00
fc00c022-60d2-4e41-b33d-1ac8f8c96aec,2290994227,",Internal Medicine,",West,2025-03-31 06:47:40.376498+00
fc080b8d-22fe-47b4-b620-8c4d7a6d14c8,6557934603,",Cardiology,",Northwest,2025-03-31 06:47:40.389821+00
fc0c0952-29ef-478f-95e7-9d1a98031dbf,3345902476,",General Surgery,",Northwest,2025-03-31 06:47:40.386729+00
fc0e1828-5e2d-48df-9069-ead0fe19c14b,2674191050,",Pulmonology,",Midwest,2025-03-31 06:47:40.40316+00
fc13a595-7387-4007-9df0-5b5c321ff274,8610169883,",General Surgery,",Midwest,2025-03-31 06:47:40.386396+00
fc18a240-5361-4f47-9e79-a9df789f3b11,9079487246,",Obstetrics & Gynecology,",West,2025-03-31 06:47:40.382401+00
fc1a9911-8b90-4c32-9cca-30212ac52685,8711036303,",Psychiatry,",Northeast,2025-03-31 06:47:40.385938+00
fc1ea51b-b3f4-4c7e-9038-153d6595eb27,5911687145,",Psychiatry,",South,2025-03-31 06:47:40.38514+00
fc228101-c75f-48b0-86c3-dad141ad2bc8,2343473834,",Radiology,",West,2025-03-31 06:47:40.394656+00
fc23d017-6c83-4af6-9eaa-29f261836ba7,9634673210,",Internal Medicine,",Northwest,2025-03-31 06:47:40.377169+00
fc33c701-be36-45df-a83d-b584b2024d36,5863041785,",Urology,",West,2025-03-31 06:47:40.400639+00
fc560898-a4c0-4dcd-8b11-5aae4a84ceca,7722468871,",General Surgery,",Midwest,2025-03-31 06:47:40.388285+00
fc5b4aef-db5a-4f1b-a732-0aa907cca446,1721068046,",Internal Medicine,",Northeast,2025-03-31 06:47:40.379088+00
fc61b6de-73aa-404a-ae9a-98624c3601c3,1747803275,",Cardiology,",Northwest,2025-03-31 06:47:40.39019+00
fc65453f-e7ce-4fc7-a76c-c6a18bdb05d4,3787895119,",Internal Medicine,",Northeast,2025-03-31 06:47:40.379434+00
fc696381-5810-43ce-84ae-ed75477914b4,1504008708,",Nephrology,",Midwest,2025-03-31 06:47:40.402052+00
fc815a9c-a396-4495-aada-1e7ae320f64e,2373717901,",Cardiology,",West,2025-03-31 06:47:40.388381+00
fc818f32-d8b8-4434-b43b-c9b3154539cb,8709761198,",Psychiatry,",Northeast,2025-03-31 06:47:40.385086+00
fc8217bc-8fa7-4d18-83ac-ae53bf4c8000,4241487104,",Psychiatry,",West,2025-03-31 06:47:40.384357+00
fc8e0c5c-9f51-41a8-9386-41c1bb6e5106,5561162555,",Orthopedic Surgery,",Northwest,2025-03-31 06:47:40.391385+00
fc93695f-f4ac-461e-9f00-01e967b45497,7064199634,",Cardiology,",South,2025-03-31 06:47:40.403128+00
fca28e4a-e594-414c-9e57-18b5c2d9af24,4937468919,",Neurology,",Northeast,2025-03-31 06:47:40.397761+00
fca5779a-1aba-4ce1-abc7-53546766a30b,1423167061,",Obstetrics & Gynecology,",Northwest,2025-03-31 06:47:40.383291+00
fcabdc76-97f2-46c3-aa4d-884b8694ba40,2074249850,",General Surgery,",South,2025-03-31 06:47:40.386612+00
fcb07315-58f1-4e64-916d-7ec4913db367,4289087482,",Pulmonology,",Midwest,2025-03-31 06:47:40.401963+00
fcc2612e-a53b-4597-9f2a-f506d309354f,2078338714,",Cardiology,",West,2025-03-31 06:47:40.388407+00
fcce2527-0a5a-45dd-bd79-c01e761e779a,7361483456,",Orthopedic Surgery,",Northeast,2025-03-31 06:47:40.39073+00
fcced4e3-90c4-4162-b3ba-4616b666dcc6,7800706877,",Cardiology,",South,2025-03-31 06:47:40.388788+00
fcd0d351-1188-421e-aa24-69961b5611a8,6366694116,",Cardiology,",Midwest,2025-03-31 06:47:40.39006+00
fce46237-7624-4983-a374-35272f6ee3b5,8014291300,",Pulmonology,",Northeast,2025-03-31 06:47:40.401815+00
fceb83c1-b4ce-4e5b-9fd1-0316b8fa29d6,4225481850,",Internal Medicine,",West,2025-03-31 06:47:40.380575+00
fcf1ab77-e96c-4831-b010-d32dbce9082b,9808090410,",Radiology,",West,2025-03-31 06:47:40.394379+00
fcf5eaa5-222d-47e4-91e8-56640fa30d72,2140569383,",Dermatology,",Midwest,2025-03-31 06:47:40.393938+00
fcf7e579-737b-4d01-a66d-b6d08c1b797b,1675111155,",General Surgery,",West,2025-03-31 06:47:40.386694+00
fcf85300-00be-4bda-ae55-17db24a5fdb1,5202410531,",Internal Medicine,",South,2025-03-31 06:47:40.376833+00
fd04172f-e488-41a9-b4ec-d835c80eb1a9,5018685171,",Orthopedic Surgery,",South,2025-03-31 06:47:40.392065+00
fd04db4a-3df4-4539-ab74-112fbf4b0f80,7752499941,",Anesthesiology,",West,2025-03-31 06:47:40.396413+00
fd09db9c-cb60-41a6-bb94-206c5f48fa8a,4609261113,",Neurology,",Northwest,2025-03-31 06:47:40.398002+00
fd1805fa-6e61-4f96-a59d-a24dad00c454,4223880425,",Pulmonology,",South,2025-03-31 06:47:40.401726+00
fd19aff7-cc11-46c8-a724-c909ff4d8ce0,1227823860,",Pulmonology,",Northwest,2025-03-31 06:47:40.401695+00
fd1c81f6-fc9e-49c6-858e-c351e4f3937d,2451736145,",Psychiatry,",Northeast,2025-03-31 06:47:40.385924+00
fd1f256b-85ea-4179-8f9e-96827eee8c0a,7138338471,",Internal Medicine,",Northwest,2025-03-31 06:47:40.379255+00
fd2b1bdb-a86c-4927-a8a7-b097b0fee907,5375623915,",Radiology,",Midwest,2025-03-31 06:47:40.394684+00
fd2c76ec-a564-44a7-b4f3-79fa54a80826,6254233306,",Psychiatry,",Northeast,2025-03-31 06:47:40.384228+00
fd3b2f66-7a5b-40ba-aa03-2c98db80f21e,8691117332,",Radiology,",Northeast,2025-03-31 06:47:40.395127+00
fd3db411-3eab-41a8-b6e5-ae56c730af87,8426623021,",Orthopedic Surgery,",South,2025-03-31 06:47:40.391001+00
fd3f9532-64c1-4f4e-b82b-c521478569c2,4117641310,",General Surgery,",West,2025-03-31 06:47:40.387071+00
fd460d55-799f-42ab-a356-2f2705146483,5706984127,",Cardiology,",Northeast,2025-03-31 06:47:40.389824+00
fd49704e-c0b5-4f3d-9bf3-e2db678d9403,8609009063,",Dermatology,",South,2025-03-31 06:47:40.393329+00
fd4a3780-0c00-440d-add1-7621d7d2febd,3135172200,",Cardiology,",Northeast,2025-03-31 06:47:40.388618+00
fd557bd9-1130-4443-8212-cc6a1352ae7d,9878158466,",General Surgery,",South,2025-03-31 06:47:40.386981+00
fd5f63f9-00d6-4005-be22-052d3dea06d0,5669166301,",Dermatology,",West,2025-03-31 06:47:40.404746+00
fd614942-7e91-4a53-9832-cab77d41034a,6771618081,",Dermatology,",Northeast,2025-03-31 06:47:40.394003+00
fd629d7e-856a-4e49-9c5b-058489b2c3a9,7599991412,",Psychiatry,",Midwest,2025-03-31 06:47:40.385247+00
fd6a31d4-3225-4a69-ba62-78fc53a893b2,1569391681,",Obstetrics & Gynecology,",Northwest,2025-03-31 06:47:40.382723+00
fd871ecf-6dc2-48b8-9913-111de1fb1b45,3745420481,",Gastroenterology,",Northeast,2025-03-31 06:47:40.399677+00
fd89375f-d896-4714-b38a-bd4b6487e4dd,1576957794,",Psychiatry,",South,2025-03-31 06:47:40.384854+00
fd89883a-d456-4f4e-ac70-912fc6c5c03c,3056870682,",Neurology,",Northeast,2025-03-31 06:47:40.398837+00
fd8ea577-3d0c-40b8-ab77-0e861c9cb0bc,2232526652,",Internal Medicine,",South,2025-03-31 06:47:40.378206+00
fd94016d-5663-4459-8f47-61cef7e127c0,4319306795,",Internal Medicine,",Northeast,2025-03-31 06:47:40.378985+00
fd986d8f-6119-4017-859c-116b5c185b89,4943753629,",General Surgery,",South,2025-03-31 06:47:40.386718+00
fda26235-853a-47ff-812b-74071ea143da,4501386912,",Nephrology,",West,2025-03-31 06:47:40.402524+00
fdbf7527-d5a8-4fc9-9e5e-c5b04f243bf3,7009683986,",Psychiatry,",West,2025-03-31 06:47:40.385647+00
fdc1a5c4-77f6-4899-ad26-ae36a9f2451a,8971022265,",Gastroenterology,",Midwest,2025-03-31 06:47:40.400155+00
fdca6c98-cd10-4384-9815-23f1fc45cf18,2769207981,",Gastroenterology,",Northwest,2025-03-31 06:47:40.400064+00
fdcb39f1-16f6-43d7-bd6d-c212483b4db6,6003778815,",Obstetrics & Gynecology,",Northwest,2025-03-31 06:47:40.382023+00
fde5b8b8-56b0-4a37-969d-ac5167a9aeb6,7732067089,",Pulmonology,",Midwest,2025-03-31 06:47:40.401804+00
fde911c8-ada2-4345-9420-5efb69bb918e,3641461201,",Dermatology,",Midwest,2025-03-31 06:47:40.403355+00
fdeaa320-ff4b-4d7d-8ea5-867d41995724,9281153284,",Neurology,",Northeast,2025-03-31 06:47:40.398385+00
fdf43dc6-6d3a-4d00-8cfc-2a2182a11920,7433112483,",Radiology,",West,2025-03-31 06:47:40.394883+00
fdf4b00f-18db-467b-a68c-66333baf4b56,4767173637,",Internal Medicine,",Midwest,2025-03-31 06:47:40.378888+00
fdf905b4-336d-49aa-bbb2-1ddf3fa03e5c,9202301114,",Psychiatry,",Northwest,2025-03-31 06:47:40.384536+00
fdfd443f-a272-4105-9989-03e7bae8a82b,7712527946,",Internal Medicine,",South,2025-03-31 06:47:40.381209+00
fdfef348-50cf-476e-aa8e-027dad26bfb1,8696526922,",Urology,",Northwest,2025-03-31 06:47:40.400548+00
fdff0329-ce7b-4ef2-a5fd-abb824d86bdb,8001112710,",Internal Medicine,",South,2025-03-31 06:47:40.378373+00
fe00acca-1496-4fef-99b5-3ced04818b1b,9436828805,",Internal Medicine,",Northeast,2025-03-31 06:47:40.377978+00
fe0fb55c-be5e-4062-9ed0-6ce2d2fc24a8,7251305966,",Internal Medicine,",South,2025-03-31 06:47:40.377007+00
fe19342d-c2a3-4fb2-b6ce-70a025059793,5168793922,",Internal Medicine,",South,2025-03-31 06:47:40.377285+00
fe19aa10-0d1f-4e16-99a1-7aaf083eb4ea,9343702146,",Psychiatry,",West,2025-03-31 06:47:40.383886+00
fe23cbb1-1af3-4e2e-847a-3de1c193d50f,2919784160,",Neurology,",Northeast,2025-03-31 06:47:40.404267+00
fe277d33-c275-4e48-a502-620691fb6f66,7859540473,",Cardiology,",South,2025-03-31 06:47:40.390425+00
fe3e0019-5322-453f-8993-f61e2acce702,9590269359,",Pulmonology,",Northeast,2025-03-31 06:47:40.401864+00
fe3f302b-1491-4aa7-a145-93462db142c5,6316067323,",Dermatology,",Midwest,2025-03-31 06:47:40.393963+00
fe4c5887-9ff0-4117-be5a-bb6e62035f52,4464072888,",Pulmonology,",Midwest,2025-03-31 06:47:40.401687+00
fe4d6192-90c3-486a-bc78-18e9d091024c,9978529475,",General Surgery,",Northwest,2025-03-31 06:47:40.386926+00
fe4eadd4-4826-4c48-8b72-8798b0ea0b42,8299458748,",Orthopedic Surgery,",South,2025-03-31 06:47:40.390716+00
fe5c23e4-6108-4994-9397-939599e18d3b,5015349173,",Radiology,",Northeast,2025-03-31 06:47:40.395042+00
fe6259ae-58cd-4257-80b2-0332032d23cd,7751283287,",Internal Medicine,",Northeast,2025-03-31 06:47:40.376515+00
fe62e29d-43d4-48cf-8f25-493931b284b0,1802260865,",Cardiology,",Midwest,2025-03-31 06:47:40.388303+00
fe6a84e5-819f-4d7a-8da5-10cda03da02f,8494294460,",Pulmonology,",West,2025-03-31 06:47:40.401482+00
fe6ec0c6-36e1-491f-acf3-a1ec709770a1,2668026911,",Dermatology,",West,2025-03-31 06:47:40.393791+00
fe708b43-0173-4d4d-bd22-c18118bc39c6,6547273233,",Orthopedic Surgery,",Midwest,2025-03-31 06:47:40.392584+00
fe827ef5-29ab-4552-b7d2-8057078e4ca4,9341110027,",Pulmonology,",South,2025-03-31 06:47:40.401667+00
fe82d838-c47a-46c4-9fe9-8262347a5bd8,1642283279,",Internal Medicine,",Northwest,2025-03-31 06:47:40.380138+00
fe8ea6b9-f7f4-4d6c-a240-ea6bb8f65d30,8388635215,",General Surgery,",Northwest,2025-03-31 06:47:40.387418+00
fe93d142-ad6e-4745-b8d2-a65a0a4c1118,4440845768,",Dermatology,",West,2025-03-31 06:47:40.394231+00
fe989e3b-5c78-4ac3-ad73-81e21f4aff32,8576331692,",General Surgery,",Northwest,2025-03-31 06:47:40.387123+00
fe9dfc9d-99d8-4221-8f03-c05507860f68,5871816585,",Psychiatry,",West,2025-03-31 06:47:40.384072+00
fea189fb-2512-4b34-a5cd-71fc7275e586,3798055909,",Internal Medicine,",Northwest,2025-03-31 06:47:40.404799+00
fea6203b-72a1-4a8b-9f60-3852f9d97b13,3061965816,",Anesthesiology,",South,2025-03-31 06:47:40.397691+00
fea91421-cf74-4d6c-98bb-586e76447a90,8239758632,",Psychiatry,",Northeast,2025-03-31 06:47:40.384601+00
feb16dc4-c8f9-4336-88e9-c4c6e388c8a9,8792674834,",Dermatology,",Northwest,2025-03-31 06:47:40.393004+00
febab0d9-c5ab-4b76-9fe2-36bf5ba3c780,3054327418,",Internal Medicine,",South,2025-03-31 06:47:40.378149+00
febbd388-8132-4b64-bf6d-4f3a092525c0,9404625006,",Orthopedic Surgery,",South,2025-03-31 06:47:40.391627+00
febf1694-e131-4328-b2a3-f6be6facf56d,7675734829,",Psychiatry,",Northwest,2025-03-31 06:47:40.384197+00
fec14b45-a371-49f7-bd67-b1a605d5c333,3996507604,",General Surgery,",Northeast,2025-03-31 06:47:40.386786+00
fed015c0-f644-4c40-9167-048547bd8177,7593719835,",Cardiology,",South,2025-03-31 06:47:40.389391+00
fed2346c-6fbe-4d39-b63d-b628223a60a6,2861563771,",Obstetrics & Gynecology,",West,2025-03-31 06:47:40.382848+00
fed836f0-c75a-488d-9800-3c852b78e1f3,1827417608,",General Surgery,",West,2025-03-31 06:47:40.386941+00
fee03a7c-36d8-4a56-8773-86d14fcba845,2780831544,",Internal Medicine,",Northwest,2025-03-31 06:47:40.3812+00
fee7f249-9c8e-4c0a-889e-4689c1a6794e,6113648149,",Psychiatry,",West,2025-03-31 06:47:40.385736+00
feeacf68-01b2-45cd-9470-ffb73114e062,6098496804,",Cardiology,",South,2025-03-31 06:47:40.388347+00
feff1085-dad5-49e5-b846-d3aa767fc028,1814160553,",Internal Medicine,",Northwest,2025-03-31 06:47:40.376764+00
feff3add-2e86-486c-9581-22c9ed8e1809,6700040993,",Cardiology,",Northeast,2025-03-31 06:47:40.389657+00
ff082ae3-3197-4799-8d1d-2eb727bdd62a,7108154700,",General Surgery,",South,2025-03-31 06:47:40.386067+00
ff0a6701-7c82-43b7-945d-9ed2ee6b7a9f,3632911022,",Oncology,",South,2025-03-31 06:47:40.402638+00
ff0ca8a2-775c-4765-bf3e-46a465e87243,6632283710,",Radiology,",Northeast,2025-03-31 06:47:40.395886+00
ff13ab21-3f66-4ab7-bb07-8b23ffbb5cc5,1729702479,",Dermatology,",Midwest,2025-03-31 06:47:40.39353+00
ff1797ee-9110-4b97-993e-86f8a227d479,4390439218,",Obstetrics & Gynecology,",Northwest,2025-03-31 06:47:40.403384+00
ff17c709-0bc2-4fb9-87a6-842d8e3ce6e0,6935726372,",Dermatology,",South,2025-03-31 06:47:40.403955+00
ff1afe32-9ad8-427e-a3b2-b5830f5d6593,3349133842,",Internal Medicine,",Midwest,2025-03-31 06:47:40.378645+00
ff1e6815-4ee9-4b37-9928-274e9e277b9d,8478670588,",Neurology,",Northwest,2025-03-31 06:47:40.398594+00
ff2d4142-747c-4fda-88df-37db5f30e154,7083448290,",General Surgery,",West,2025-03-31 06:47:40.3877+00
ff2efa20-4d80-44d1-abcd-f684eee47667,2772701990,",Oncology,",Northwest,2025-03-31 06:47:40.402797+00
ff312218-5bf6-4e08-a5fd-a801e280e607,1440866732,",Cardiology,",Northeast,2025-03-31 06:47:40.389818+00
ff368918-493f-4b48-9ff6-4e0c021dcfb1,8788440242,",Anesthesiology,",Northwest,2025-03-31 06:47:40.396528+00
ff4f2534-6546-4d85-88b4-c0ba1ada604c,1274645708,",Cardiology,",Midwest,2025-03-31 06:47:40.388861+00
ff5b7d67-75a2-4f08-a6b1-bde7c5edf79a,6354103244,",Radiology,",Midwest,2025-03-31 06:47:40.404026+00
ff5db7a6-a520-444f-b775-c7fc9b333467,2133524968,",Dermatology,",South,2025-03-31 06:47:40.393167+00
ff5ed12a-98e2-4277-8cd5-a99fc680fbfd,1438543129,",Internal Medicine,",West,2025-03-31 06:47:40.403157+00
ff6d73e9-4ef0-4e06-947a-3e56cc05eba8,1965122806,",Anesthesiology,",Midwest,2025-03-31 06:47:40.397496+00
ff7432d7-b1a3-4a76-bcbf-6c17524419e9,5617917582,",Dermatology,",South,2025-03-31 06:47:40.394112+00
ff7f4495-78b2-4ac3-bc20-70ff8b50485f,7677286082,",Anesthesiology,",Northeast,2025-03-31 06:47:40.396915+00
ff80148a-e5d9-497f-b69e-ae3628b30706,1546214700,",Orthopedic Surgery,",Northeast,2025-03-31 06:47:40.392036+00
ff81e9aa-640b-4338-b1af-d2753927e51f,7354344304,",Psychiatry,",Northeast,2025-03-31 06:47:40.384008+00
ff8425b5-978a-4ba7-9a2c-206d53c5a527,2594413644,",Internal Medicine,",South,2025-03-31 06:47:40.37805+00
ff87555d-fddb-43f2-b855-d628700cd311,2623640178,",Gastroenterology,",South,2025-03-31 06:47:40.399699+00
ff8c8ad1-c442-4ce4-9b15-bd5dbf498ed8,4289183034,",General Surgery,",Northeast,2025-03-31 06:47:40.387541+00
ff8dc602-0a77-459e-aaf7-a17885053f6f,5131432439,",General Surgery,",Midwest,2025-03-31 06:47:40.386316+00
ff8e539e-cf93-49c8-bf61-bdb2b59b4b48,1364223329,",Obstetrics & Gynecology,",West,2025-03-31 06:47:40.381674+00
ff955457-41aa-4585-b4e5-404972c7b323,4737901442,",Orthopedic Surgery,",Northeast,2025-03-31 06:47:40.392578+00
ffa1c462-e26d-45ea-9438-477e888b0e7a,1794198242,",Neurology,",South,2025-03-31 06:47:40.398163+00
ffa33de5-bbca-4729-b396-dfa81643aeca,2026653930,",General Surgery,",South,2025-03-31 06:47:40.387538+00
ffcba2f3-e108-4344-b435-c5401f5b48db,9912794890,",Dermatology,",West,2025-03-31 06:47:40.393344+00
ffcf43fd-842e-4272-a79e-1a00209eab63,7039837116,",Internal Medicine,",South,2025-03-31 06:47:40.376216+00
ffd03d0e-d6f2-42c7-b6fb-8778539ca1a1,7745580128,",Neurology,",South,2025-03-31 06:47:40.398751+00
ffe53d65-f5a4-44ef-8f6d-774cc049e135,7055241800,",Internal Medicine,",Northeast,2025-03-31 06:47:40.380944+00
fff34691-b2b8-4ef1-a223-ab985b32cf50,9497502555,",General Surgery,",Midwest,2025-03-31 06:47:40.386258+00
fff6a080-cc3b-4694-a02e-bc19ff78e2c2,7898177627,",Neurology,",Midwest,2025-03-31 06:47:40.397915+00
fffb00c7-8782-428c-920d-53f4fd1ac332,6536106121,",Anesthesiology,",South,2025-03-31 06:47:40.396057+00